1000
;;;Imported Bertec Force Plate #1 - Force;;;Imported Bertec Force Plate #1 - Moment;;;Imported Bertec Force Plate #1 - CoP;;;
Frame;Sub Frame;Tiempo;Fx;Fy;Fz;Mx;My;Mz;Cx;Cy;Cz
;;;N;N;N;N.mm;N.mm;N.mm;mm;mm;mm
209;0;0;2.72033;-1.14801;-445.965;537.618;25100.5;-155.371;256.284;298.794;0
209;1;0.001;2.73403;-1.14939;-445.961;532.803;25096.1;-156.904;256.274;298.805;0
209;2;0.002;2.74851;-1.15079;-445.956;528.021;25091.7;-158.355;256.265;298.816;0
209;3;0.003;2.76369;-1.1522;-445.952;523.29;25087.3;-159.727;256.256;298.827;0
209;4;0.004;2.77951;-1.15362;-445.947;518.623;25083.1;-161.025;256.247;298.837;0
209;5;0.005;2.79589;-1.15504;-445.943;514.033;25078.9;-162.255;256.238;298.847;0
209;6;0.006;2.81276;-1.15644;-445.938;509.53;25074.8;-163.423;256.229;298.857;0
209;7;0.007;2.83005;-1.15782;-445.934;505.12;25070.8;-164.536;256.221;298.867;0
209;8;0.008;2.84768;-1.15916;-445.929;500.809;25066.8;-165.599;256.213;298.877;0
209;9;0.009;2.86559;-1.16045;-445.925;496.598;25062.9;-166.619;256.204;298.886;0
210;0;0.01;2.88369;-1.16168;-445.92;492.489;25059.1;-167.603;256.196;298.896;0
210;1;0.011;2.90193;-1.16283;-445.916;488.48;25055.3;-168.557;256.188;298.905;0
210;2;0.012;2.92023;-1.16389;-445.912;484.567;25051.6;-169.488;256.181;298.913;0
210;3;0.013;2.93853;-1.16483;-445.908;480.746;25048;-170.4;256.173;298.922;0
210;4;0.014;2.95677;-1.16564;-445.904;477.011;25044.5;-171.3;256.166;298.93;0
210;5;0.015;2.97489;-1.16629;-445.9;473.356;25041;-172.192;256.158;298.938;0
210;6;0.016;2.99285;-1.16678;-445.896;469.774;25037.6;-173.08;256.151;298.946;0
210;7;0.017;3.01059;-1.16708;-445.893;466.258;25034.3;-173.968;256.144;298.954;0
210;8;0.018;3.02807;-1.16718;-445.89;462.803;25031.1;-174.859;256.137;298.962;0
210;9;0.019;3.04525;-1.16705;-445.887;459.403;25027.9;-175.756;256.131;298.97;0
211;0;0.02;3.06209;-1.16668;-445.884;456.055;25024.9;-176.659;256.124;298.977;0
211;1;0.021;3.07856;-1.16606;-445.881;452.756;25021.9;-177.571;256.118;298.985;0
211;2;0.022;3.09463;-1.16517;-445.879;449.503;25019.1;-178.492;256.112;298.992;0
211;3;0.023;3.11029;-1.16399;-445.877;446.297;25016.4;-179.42;256.106;298.999;0
211;4;0.024;3.1255;-1.16252;-445.875;443.137;25013.8;-180.356;256.1;299.006;0
211;5;0.025;3.14025;-1.16074;-445.873;440.028;25011.3;-181.297;256.095;299.013;0
211;6;0.026;3.15453;-1.15864;-445.871;436.969;25008.9;-182.239;256.09;299.02;0
211;7;0.027;3.16831;-1.15622;-445.87;433.966;25006.7;-183.181;256.085;299.027;0
211;8;0.028;3.18158;-1.15346;-445.868;431.021;25004.6;-184.117;256.081;299.033;0
211;9;0.029;3.19433;-1.15036;-445.867;428.137;25002.6;-185.044;256.076;299.04;0
212;0;0.03;3.20655;-1.14692;-445.866;425.318;25000.7;-185.955;256.072;299.046;0
212;1;0.031;3.21822;-1.14314;-445.865;422.567;24999;-186.845;256.068;299.052;0
212;2;0.032;3.22933;-1.13901;-445.865;419.884;24997.3;-187.709;256.065;299.058;0
212;3;0.033;3.23987;-1.13455;-445.865;417.271;24995.8;-188.54;256.061;299.064;0
212;4;0.034;3.24983;-1.12975;-445.865;414.727;24994.5;-189.332;256.058;299.07;0
212;5;0.035;3.25918;-1.12461;-445.865;412.252;24993.2;-190.079;256.056;299.075;0
212;6;0.036;3.26792;-1.11916;-445.866;409.842;24992.1;-190.776;256.053;299.081;0
212;7;0.037;3.27602;-1.1134;-445.866;407.495;24991;-191.416;256.051;299.086;0
212;8;0.038;3.28347;-1.10734;-445.868;405.206;24990.1;-191.996;256.048;299.091;0
212;9;0.039;3.29025;-1.10099;-445.87;402.967;24989.3;-192.509;256.046;299.096;0
213;0;0.04;3.29633;-1.09437;-445.872;400.771;24988.6;-192.952;256.044;299.101;0
213;1;0.041;3.3017;-1.0875;-445.875;398.608;24988;-193.323;256.043;299.106;0
213;2;0.042;3.30634;-1.08039;-445.878;396.467;24987.4;-193.618;256.041;299.111;0
213;3;0.043;3.31022;-1.07306;-445.882;394.335;24987;-193.836;256.04;299.116;0
213;4;0.044;3.31332;-1.06553;-445.887;392.196;24986.7;-193.977;256.038;299.12;0
213;5;0.045;3.31563;-1.05782;-445.893;390.033;24986.5;-194.04;256.037;299.125;0
213;6;0.046;3.31712;-1.04993;-445.899;387.827;24986.5;-194.027;256.036;299.13;0
213;7;0.047;3.31779;-1.0419;-445.907;385.558;24986.5;-193.939;256.035;299.135;0
213;8;0.048;3.31761;-1.03373;-445.916;383.202;24986.7;-193.779;256.035;299.141;0
213;9;0.049;3.31657;-1.02543;-445.926;380.736;24987;-193.551;256.034;299.146;0
214;0;0.05;3.31468;-1.01703;-445.937;378.133;24987.4;-193.257;256.034;299.152;0
214;1;0.051;3.31191;-1.00852;-445.949;375.367;24988;-192.903;256.033;299.158;0
214;2;0.052;3.30828;-0.99993;-445.963;372.409;24988.7;-192.492;256.033;299.165;0
214;3;0.053;3.30379;-0.991257;-445.979;369.231;24989.6;-192.031;256.033;299.172;0
214;4;0.054;3.29844;-0.982511;-445.996;365.801;24990.6;-191.524;256.033;299.18;0
214;5;0.055;3.29225;-0.973699;-446.014;362.089;24991.9;-190.977;256.034;299.188;0
214;6;0.056;3.28522;-0.964825;-446.035;358.064;24993.3;-190.396;256.034;299.197;0
214;7;0.057;3.27739;-0.955892;-446.057;353.692;24994.9;-189.786;256.035;299.207;0
214;8;0.058;3.26876;-0.946902;-446.08;348.942;24996.8;-189.153;256.037;299.218;0
214;9;0.059;3.25938;-0.937852;-446.106;343.781;24998.9;-188.504;256.038;299.229;0
215;0;0.06;3.24926;-0.92874;-446.133;338.175;25001.2;-187.845;256.04;299.242;0
215;1;0.061;3.23846;-0.919559;-446.162;332.092;25003.8;-187.18;256.042;299.256;0
215;2;0.062;3.227;-0.910299;-446.193;325.501;25006.7;-186.517;256.045;299.271;0
215;3;0.063;3.21493;-0.900946;-446.225;318.369;25009.9;-185.86;256.048;299.287;0
215;4;0.064;3.2023;-0.891484;-446.259;310.669;25013.4;-185.214;256.051;299.304;0
215;5;0.065;3.18917;-0.881894;-446.295;302.372;25017.2;-184.585;256.055;299.322;0
215;6;0.066;3.1756;-0.872153;-446.333;293.454;25021.4;-183.977;256.06;299.343;0
215;7;0.067;3.16165;-0.862233;-446.372;283.893;25025.9;-183.393;256.065;299.364;0
215;8;0.068;3.14739;-0.852108;-446.413;273.671;25030.8;-182.836;256.071;299.387;0
215;9;0.069;3.13289;-0.841746;-446.455;262.774;25036.2;-182.31;256.078;299.411;0
216;0;0.07;3.11823;-0.831115;-446.499;251.19;25041.9;-181.816;256.085;299.437;0
216;1;0.071;3.10349;-0.820181;-446.545;238.915;25048.1;-181.356;256.093;299.465;0
216;2;0.072;3.08876;-0.808911;-446.592;225.947;25054.7;-180.93;256.102;299.494;0
216;3;0.073;3.07413;-0.79727;-446.64;212.289;25061.8;-180.539;256.112;299.525;0
216;4;0.074;3.05968;-0.785223;-446.69;197.95;25069.4;-180.183;256.123;299.557;0
216;5;0.075;3.04553;-0.772737;-446.741;182.943;25077.5;-179.861;256.134;299.59;0
216;6;0.076;3.03175;-0.759779;-446.793;167.284;25086.1;-179.574;256.147;299.626;0
216;7;0.077;3.01846;-0.746317;-446.846;150.997;25095.3;-179.321;256.161;299.662;0
216;8;0.078;3.00576;-0.73232;-446.9;134.107;25105.1;-179.102;256.176;299.7;0
216;9;0.079;2.99377;-0.717759;-446.956;116.645;25115.4;-178.917;256.192;299.739;0
217;0;0.08;2.98257;-0.702605;-447.012;98.6459;25126.3;-178.767;256.21;299.779;0
217;1;0.081;2.97231;-0.68683;-447.069;80.1487;25137.9;-178.653;256.228;299.821;0
217;2;0.082;2.96308;-0.670408;-447.126;61.1954;25150.1;-178.576;256.248;299.863;0
217;3;0.083;2.955;-0.653313;-447.185;41.8317;25163;-178.541;256.27;299.906;0
217;4;0.084;2.9482;-0.635518;-447.243;22.1066;25176.5;-178.551;256.293;299.951;0
217;5;0.085;2.9428;-0.616998;-447.302;2.07167;25190.8;-178.61;256.317;299.995;0
217;6;0.086;2.93893;-0.59773;-447.361;-18.2189;25205.8;-178.725;256.343;300.041;0
217;7;0.087;2.93671;-0.57769;-447.42;-38.7086;25221.6;-178.901;256.371;300.087;0
217;8;0.088;2.93627;-0.556854;-447.479;-59.3392;25238.2;-179.148;256.401;300.133;0
217;9;0.089;2.93774;-0.535203;-447.537;-80.0511;25255.5;-179.472;256.432;300.179;0
218;0;0.09;2.94125;-0.512716;-447.595;-100.783;25273.7;-179.884;256.466;300.225;0
218;1;0.091;2.94693;-0.489378;-447.652;-121.475;25292.7;-180.393;256.501;300.271;0
218;2;0.092;2.95491;-0.465173;-447.708;-142.063;25312.6;-181.009;256.538;300.317;0
218;3;0.093;2.96532;-0.44009;-447.763;-162.487;25333.4;-181.742;256.578;300.363;0
218;4;0.094;2.97828;-0.414122;-447.816;-182.686;25355.1;-182.605;256.62;300.408;0
218;5;0.095;2.99393;-0.387264;-447.867;-202.6;25377.7;-183.606;256.664;300.452;0
218;6;0.096;3.01238;-0.359516;-447.916;-222.172;25401.3;-184.756;256.71;300.496;0
218;7;0.097;3.03375;-0.330883;-447.963;-241.346;25425.8;-186.067;256.759;300.539;0
218;8;0.098;3.05815;-0.301374;-448.007;-260.07;25451.3;-187.546;256.81;300.581;0
218;9;0.099;3.08569;-0.271003;-448.048;-278.296;25477.7;-189.205;256.864;300.621;0
219;0;0.1;3.11647;-0.239787;-448.086;-295.979;25505.1;-191.051;256.92;300.661;0
219;1;0.101;3.15058;-0.20775;-448.121;-313.08;25533.6;-193.093;256.979;300.699;0
219;2;0.102;3.18811;-0.174918;-448.152;-329.564;25563;-195.339;257.041;300.735;0
219;3;0.103;3.22913;-0.141325;-448.18;-345.402;25593.5;-197.795;257.105;300.771;0
219;4;0.104;3.27373;-0.107004;-448.203;-360.571;25625;-200.468;257.173;300.805;0
219;5;0.105;3.32194;-0.071997;-448.222;-375.053;25657.6;-203.361;257.243;300.837;0
219;6;0.106;3.37384;-0.036345;-448.237;-388.836;25691.1;-206.48;257.316;300.867;0
219;7;0.107;3.42945;-0.000097;-448.247;-401.914;25725.8;-209.827;257.392;300.897;0
219;8;0.108;3.48881;0.036697;-448.252;-414.287;25761.5;-213.404;257.471;300.924;0
219;9;0.109;3.55195;0.073984;-448.252;-425.961;25798.4;-217.211;257.553;300.95;0
220;0;0.11;3.61889;0.111707;-448.248;-436.947;25836.3;-221.248;257.638;300.975;0
220;1;0.111;3.68962;0.149806;-448.239;-447.262;25875.4;-225.513;257.727;300.998;0
220;2;0.112;3.76415;0.188218;-448.224;-456.925;25915.6;-230.004;257.818;301.019;0
220;3;0.113;3.84247;0.226877;-448.205;-465.963;25957.1;-234.716;257.913;301.04;0
220;4;0.114;3.92456;0.265715;-448.181;-474.403;25999.7;-239.645;258.012;301.059;0
220;5;0.115;4.01042;0.304661;-448.152;-482.279;26043.6;-244.786;258.113;301.076;0
220;6;0.116;4.10001;0.34364;-448.118;-489.623;26088.7;-250.133;258.218;301.093;0
220;7;0.117;4.1933;0.382576;-448.08;-496.472;26135.2;-255.68;258.327;301.108;0
220;8;0.118;4.29026;0.421391;-448.037;-502.863;26182.9;-261.422;258.439;301.122;0
220;9;0.119;4.39084;0.460004;-447.99;-508.832;26232.1;-267.353;258.555;301.136;0
221;0;0.12;4.49501;0.498334;-447.938;-514.416;26282.6;-273.467;258.675;301.148;0
221;1;0.121;4.60271;0.536298;-447.883;-519.649;26334.6;-279.76;258.798;301.16;0
221;2;0.122;4.7139;0.573813;-447.823;-524.565;26388;-286.228;258.925;301.171;0
221;3;0.123;4.82851;0.610796;-447.76;-529.195;26442.9;-292.867;259.056;301.182;0
221;4;0.124;4.94649;0.647161;-447.693;-533.565;26499.3;-299.674;259.191;301.192;0
221;5;0.125;5.06776;0.682826;-447.623;-537.699;26557.2;-306.647;259.329;301.201;0
221;6;0.126;5.19226;0.717705;-447.55;-541.617;26616.7;-313.785;259.472;301.21;0
221;7;0.127;5.3199;0.751716;-447.473;-545.333;26677.7;-321.087;259.619;301.219;0
221;8;0.128;5.45061;0.784771;-447.394;-548.857;26740.3;-328.553;259.769;301.227;0
221;9;0.129;5.58429;0.816785;-447.311;-552.195;26804.5;-336.183;259.924;301.234;0
222;0;0.13;5.72086;0.84767;-447.226;-555.344;26870.2;-343.975;260.082;301.242;0
222;1;0.131;5.8602;0.877335;-447.138;-558.301;26937.6;-351.931;260.244;301.249;0
222;2;0.132;6.00221;0.905688;-447.047;-561.052;27006.5;-360.05;260.411;301.255;0
222;3;0.133;6.14679;0.932634;-446.954;-563.581;27076.9;-368.332;260.581;301.261;0
222;4;0.134;6.2938;0.958075;-446.858;-565.864;27148.9;-376.774;260.755;301.266;0
222;5;0.135;6.44312;0.98191;-446.759;-567.872;27222.4;-385.377;260.933;301.271;0
222;6;0.136;6.59462;1.00403;-446.657;-569.571;27297.4;-394.136;261.115;301.275;0
222;7;0.137;6.74817;1.02434;-446.552;-570.919;27373.8;-403.05;261.3;301.279;0
222;8;0.138;6.9036;1.04273;-446.445;-571.87;27451.7;-412.113;261.49;301.281;0
222;9;0.139;7.06077;1.05908;-446.334;-572.373;27530.9;-421.321;261.682;301.282;0
223;0;0.14;7.21952;1.07329;-446.221;-572.37;27611.4;-430.667;261.878;301.283;0
223;1;0.141;7.37968;1.08525;-446.103;-571.8;27693.1;-440.144;262.078;301.282;0
223;2;0.142;7.54108;1.09485;-445.983;-570.597;27776;-449.742;262.28;301.279;0
223;3;0.143;7.70352;1.10199;-445.858;-568.689;27860;-459.452;262.486;301.275;0
223;4;0.144;7.86684;1.10655;-445.73;-566.003;27945.1;-469.261;262.695;301.27;0
223;5;0.145;8.03083;1.10845;-445.598;-562.461;28031.1;-479.155;262.907;301.262;0
223;6;0.146;8.19529;1.10759;-445.461;-557.982;28117.9;-489.12;263.121;301.253;0
223;7;0.147;8.36004;1.10389;-445.32;-552.484;28205.5;-499.139;263.338;301.241;0
223;8;0.148;8.52487;1.09726;-445.174;-545.883;28293.8;-509.192;263.557;301.226;0
223;9;0.149;8.68957;1.08764;-445.023;-538.094;28382.7;-519.26;263.778;301.209;0
224;0;0.15;8.85394;1.07497;-444.866;-529.029;28472;-529.321;264.001;301.189;0
224;1;0.151;9.01778;1.05919;-444.704;-518.607;28561.7;-539.351;264.226;301.166;0
224;2;0.152;9.18088;1.04026;-444.536;-506.742;28651.6;-549.325;264.453;301.14;0
224;3;0.153;9.34304;1.01815;-444.362;-493.356;28741.7;-559.216;264.681;301.11;0
224;4;0.154;9.50407;0.992846;-444.182;-478.373;28831.7;-568.997;264.91;301.077;0
224;5;0.155;9.66377;0.964335;-443.994;-461.72;28921.6;-578.636;265.14;301.04;0
224;6;0.156;9.82195;0.932623;-443.8;-443.332;29011.3;-588.103;265.37;300.999;0
224;7;0.157;9.97841;0.897727;-443.598;-423.152;29100.6;-597.366;265.601;300.954;0
224;8;0.158;10.133;0.859676;-443.388;-401.129;29189.4;-606.391;265.833;300.905;0
224;9;0.159;10.2855;0.818512;-443.169;-377.222;29277.5;-615.143;266.064;300.851;0
225;0;0.16;10.4357;0.774289;-442.942;-351.398;29364.9;-623.586;266.295;300.793;0
225;1;0.161;10.5835;0.727073;-442.706;-323.636;29451.3;-631.685;266.526;300.731;0
225;2;0.162;10.7287;0.676942;-442.461;-293.927;29536.7;-639.403;266.756;300.664;0
225;3;0.163;10.8711;0.623989;-442.206;-262.271;29620.9;-646.704;266.985;300.593;0
225;4;0.164;11.0107;0.568314;-441.94;-228.681;29703.9;-653.55;267.212;300.517;0
225;5;0.165;11.1471;0.510032;-441.664;-193.184;29785.3;-659.905;267.439;300.437;0
225;6;0.166;11.2804;0.449268;-441.377;-155.817;29865.3;-665.732;267.664;300.353;0
225;7;0.167;11.4103;0.386156;-441.079;-116.63;29943.5;-670.996;267.887;300.264;0
225;8;0.168;11.5367;0.320843;-440.769;-75.6874;30019.9;-675.662;268.108;300.172;0
225;9;0.169;11.6596;0.253483;-440.447;-33.0634;30094.5;-679.696;268.327;300.075;0
226;0;0.17;11.7787;0.184241;-440.113;11.1548;30167;-683.064;268.544;299.975;0
226;1;0.171;11.8941;0.113289;-439.767;56.869;30237.5;-685.736;268.758;299.871;0
226;2;0.172;12.0055;0.040807;-439.408;103.97;30305.7;-687.68;268.97;299.763;0
226;3;0.173;12.1131;-0.033018;-439.036;152.339;30371.8;-688.869;269.178;299.653;0
226;4;0.174;12.2166;-0.107995;-438.651;201.847;30435.5;-689.276;269.384;299.54;0
226;5;0.175;12.316;-0.183926;-438.252;252.357;30496.8;-688.875;269.587;299.424;0
226;6;0.176;12.4114;-0.260614;-437.841;303.724;30555.7;-687.645;269.787;299.306;0
226;7;0.177;12.5027;-0.337855;-437.415;355.795;30612.1;-685.565;269.984;299.187;0
226;8;0.178;12.5899;-0.415448;-436.976;408.414;30666.1;-682.618;270.178;299.065;0
226;9;0.179;12.6731;-0.493191;-436.523;461.417;30717.6;-678.789;270.369;298.943;0
227;0;0.18;12.7522;-0.570884;-436.056;514.636;30766.5;-674.066;270.556;298.82;0
227;1;0.181;12.8273;-0.648331;-435.575;567.901;30813;-668.442;270.741;298.696;0
227;2;0.182;12.8986;-0.725338;-435.08;621.04;30857;-661.911;270.923;298.573;0
227;3;0.183;12.9661;-0.801718;-434.57;673.877;30898.5;-654.472;271.101;298.449;0
227;4;0.184;13.0298;-0.877289;-434.046;726.239;30937.5;-646.129;271.277;298.327;0
227;5;0.185;13.09;-0.951875;-433.508;777.952;30974.2;-636.886;271.45;298.205;0
227;6;0.186;13.1467;-1.02531;-432.955;828.842;31008.5;-626.757;271.621;298.086;0
227;7;0.187;13.2002;-1.09743;-432.387;878.738;31040.5;-615.756;271.789;297.968;0
227;8;0.188;13.2505;-1.1681;-431.805;927.471;31070.2;-603.903;271.954;297.852;0
227;9;0.189;13.2978;-1.23716;-431.208;974.877;31097.8;-591.222;272.118;297.739;0
228;0;0.19;13.3424;-1.30449;-430.595;1020.79;31123.2;-577.743;272.279;297.629;0
228;1;0.191;13.3845;-1.36996;-429.968;1065.06;31146.6;-563.5;272.439;297.523;0
228;2;0.192;13.4241;-1.43347;-429.326;1107.54;31167.9;-548.529;272.597;297.42;0
228;3;0.193;13.4616;-1.49493;-428.668;1148.06;31187.4;-532.875;272.754;297.322;0
228;4;0.194;13.4971;-1.55424;-427.995;1186.49;31205.1;-516.583;272.91;297.228;0
228;5;0.195;13.5308;-1.61133;-427.307;1222.69;31221;-499.707;273.065;297.139;0
228;6;0.196;13.5629;-1.66613;-426.603;1256.53;31235.2;-482.3;273.218;297.055;0
228;7;0.197;13.5937;-1.71861;-425.884;1287.87;31247.8;-464.424;273.372;296.976;0
228;8;0.198;13.6233;-1.7687;-425.149;1316.6;31258.8;-446.142;273.524;296.903;0
228;9;0.199;13.6519;-1.8164;-424.398;1342.61;31268.4;-427.521;273.677;296.836;0
229;0;0.2;13.6797;-1.86168;-423.631;1365.77;31276.5;-408.634;273.83;296.776;0
229;1;0.201;13.7067;-1.90454;-422.849;1385.98;31283.3;-389.554;273.982;296.722;0
229;2;0.202;13.7333;-1.94497;-422.051;1403.16;31288.8;-370.359;274.135;296.675;0
229;3;0.203;13.7594;-1.983;-421.237;1417.21;31293.1;-351.129;274.289;296.636;0
229;4;0.204;13.7853;-2.01864;-420.407;1428.05;31296.1;-331.948;274.443;296.603;0
229;5;0.205;13.811;-2.05192;-419.561;1435.62;31298;-312.9;274.597;296.578;0
229;6;0.206;13.8365;-2.08288;-418.699;1439.84;31298.8;-294.071;274.752;296.561;0
229;7;0.207;13.862;-2.11155;-417.822;1440.67;31298.4;-275.549;274.909;296.552;0
229;8;0.208;13.8875;-2.138;-416.928;1438.06;31297;-257.422;275.066;296.551;0
229;9;0.209;13.913;-2.16225;-416.019;1431.98;31294.5;-239.778;275.224;296.558;0
230;0;0.21;13.9386;-2.18438;-415.095;1422.42;31291;-222.705;275.383;296.573;0
230;1;0.211;13.9641;-2.20444;-414.155;1409.36;31286.5;-206.291;275.543;296.597;0
230;2;0.212;13.9897;-2.22248;-413.199;1392.81;31280.9;-190.621;275.704;296.629;0
230;3;0.213;14.0152;-2.23857;-412.228;1372.79;31274.3;-175.78;275.867;296.67;0
230;4;0.214;14.0407;-2.25277;-411.243;1349.31;31266.7;-161.849;276.03;296.719;0
230;5;0.215;14.0659;-2.26514;-410.242;1322.42;31258.1;-148.908;276.194;296.776;0
230;6;0.216;14.091;-2.27575;-409.227;1292.18;31248.4;-137.033;276.36;296.842;0
230;7;0.217;14.1158;-2.28467;-408.198;1258.66;31237.7;-126.297;276.526;296.917;0
230;8;0.218;14.1403;-2.29194;-407.155;1221.92;31225.9;-116.767;276.693;296.999;0
230;9;0.219;14.1644;-2.29765;-406.097;1182.07;31213;-108.509;276.861;297.089;0
231;0;0.22;14.188;-2.30183;-405.027;1139.21;31198.9;-101.581;277.029;297.187;0
231;1;0.221;14.211;-2.30457;-403.943;1093.46;31183.8;-96.0377;277.198;297.293;0
231;2;0.222;14.2336;-2.30591;-402.846;1044.96;31167.4;-91.926;277.368;297.406;0
231;3;0.223;14.2555;-2.30591;-401.737;993.837;31149.9;-89.2882;277.538;297.526;0
231;4;0.224;14.2768;-2.30462;-400.615;940.265;31131.2;-88.16;277.708;297.653;0
231;5;0.225;14.2975;-2.3021;-399.481;884.406;31111.2;-88.5702;277.879;297.786;0
231;6;0.226;14.3176;-2.2984;-398.336;826.442;31089.9;-90.5408;278.049;297.925;0
231;7;0.227;14.3372;-2.29356;-397.179;766.564;31067.3;-94.0866;278.22;298.07;0
231;8;0.228;14.3562;-2.28762;-396.01;704.971;31043.3;-99.2153;278.39;298.22;0
231;9;0.229;14.3748;-2.28064;-394.831;641.875;31017.9;-105.927;278.56;298.374;0
232;0;0.23;14.393;-2.27264;-393.641;577.492;30991.2;-114.215;278.73;298.533;0
232;1;0.231;14.411;-2.26366;-392.44;512.046;30962.9;-124.065;278.899;298.695;0
232;2;0.232;14.4288;-2.25373;-391.228;445.767;30933.2;-135.455;279.067;298.861;0
232;3;0.233;14.4466;-2.24287;-390.006;378.888;30902;-148.357;279.235;299.029;0
232;4;0.234;14.4644;-2.23112;-388.773;311.647;30869.2;-162.733;279.401;299.198;0
232;5;0.235;14.4825;-2.21849;-387.531;244.279;30834.8;-178.54;279.567;299.37;0
232;6;0.236;14.501;-2.20501;-386.278;177.022;30798.8;-195.729;279.732;299.542;0
232;7;0.237;14.52;-2.19068;-385.014;110.113;30761.1;-214.244;279.896;299.714;0
232;8;0.238;14.5397;-2.17552;-383.741;43.7822;30721.8;-234.022;280.059;299.886;0
232;9;0.239;14.5603;-2.15955;-382.458;-21.7411;30680.7;-254.994;280.22;300.057;0
233;0;0.24;14.5819;-2.14278;-381.164;-86.2352;30638;-277.087;280.38;300.226;0
233;1;0.241;14.6046;-2.12523;-379.861;-149.485;30593.4;-300.222;280.538;300.394;0
233;2;0.242;14.6286;-2.1069;-378.548;-211.285;30547.1;-324.316;280.695;300.558;0
233;3;0.243;14.654;-2.08782;-377.224;-271.439;30498.9;-349.283;280.851;300.72;0
233;4;0.244;14.6809;-2.068;-375.891;-329.76;30449;-375.032;281.005;300.877;0
233;5;0.245;14.7095;-2.04746;-374.549;-386.075;30397.2;-401.469;281.157;301.031;0
233;6;0.246;14.7397;-2.02621;-373.196;-440.223;30343.5;-428.498;281.307;301.18;0
233;7;0.247;14.7717;-2.00428;-371.834;-492.056;30287.9;-456.021;281.455;301.323;0
233;8;0.248;14.8055;-1.98167;-370.464;-541.441;30230.4;-483.937;281.602;301.462;0
233;9;0.249;14.8411;-1.95842;-369.084;-588.259;30171;-512.146;281.746;301.594;0
234;0;0.25;14.8785;-1.93455;-367.695;-632.405;30109.7;-540.544;281.888;301.72;0
234;1;0.251;14.9177;-1.91007;-366.298;-673.791;30046.5;-569.028;282.028;301.839;0
234;2;0.252;14.9585;-1.885;-364.893;-712.342;29981.4;-597.495;282.165;301.952;0
234;3;0.253;15.001;-1.85937;-363.48;-748.002;29914.4;-625.839;282.3;302.058;0
234;4;0.254;15.045;-1.83319;-362.06;-780.727;29845.5;-653.958;282.432;302.156;0
234;5;0.255;15.0904;-1.80648;-360.634;-810.491;29774.7;-681.749;282.562;302.247;0
234;6;0.256;15.1369;-1.77924;-359.202;-837.284;29702.1;-709.107;282.689;302.331;0
234;7;0.257;15.1844;-1.75148;-357.764;-861.109;29627.7;-735.933;282.813;302.407;0
234;8;0.258;15.2326;-1.72321;-356.322;-881.987;29551.5;-762.125;282.935;302.475;0
234;9;0.259;15.2813;-1.69443;-354.877;-899.954;29473.5;-787.583;283.053;302.536;0
235;0;0.26;15.3302;-1.66511;-353.428;-915.061;29393.9;-812.211;283.168;302.589;0
235;1;0.261;15.3789;-1.63524;-351.977;-927.373;29312.7;-835.913;283.28;302.635;0
235;2;0.262;15.4272;-1.60481;-350.526;-936.972;29229.8;-858.594;283.388;302.673;0
235;3;0.263;15.4745;-1.57377;-349.075;-943.952;29145.5;-880.164;283.493;302.704;0
235;4;0.264;15.5205;-1.54209;-347.625;-948.425;29059.7;-900.534;283.595;302.728;0
235;5;0.265;15.5648;-1.50971;-346.178;-950.514;28972.6;-919.617;283.693;302.746;0
235;6;0.266;15.6069;-1.4766;-344.735;-950.358;28884.2;-937.331;283.787;302.757;0
235;7;0.267;15.6462;-1.44268;-343.297;-948.108;28794.7;-953.597;283.877;302.762;0
235;8;0.268;15.6824;-1.40788;-341.866;-943.928;28704.1;-968.337;283.963;302.761;0
235;9;0.269;15.7148;-1.37214;-340.444;-937.998;28612.5;-981.481;284.045;302.755;0
236;0;0.27;15.743;-1.33537;-339.031;-930.505;28520.1;-992.961;284.122;302.745;0
236;1;0.271;15.7663;-1.2975;-337.629;-921.651;28426.9;-1002.71;284.196;302.73;0
236;2;0.272;15.7842;-1.25845;-336.241;-911.649;28333.1;-1010.68;284.264;302.711;0
236;3;0.273;15.7961;-1.21811;-334.867;-900.721;28238.9;-1016.81;284.328;302.69;0
236;4;0.274;15.8015;-1.17642;-333.511;-889.098;28144.2;-1021.05;284.388;302.666;0
236;5;0.275;15.7998;-1.13329;-332.172;-877.022;28049.3;-1023.36;284.442;302.64;0
236;6;0.276;15.7903;-1.08863;-330.854;-864.739;27954.3;-1023.7;284.491;302.614;0
236;7;0.277;15.7725;-1.04235;-329.558;-852.506;27859.4;-1022.05;284.536;302.587;0
236;8;0.278;15.7459;-0.994388;-328.286;-840.58;27764.6;-1018.39;284.574;302.561;0
236;9;0.279;15.7098;-0.944662;-327.039;-829.226;27670.1;-1012.69;284.608;302.536;0
237;0;0.28;15.6638;-0.893102;-325.821;-818.709;27576.1;-1004.94;284.636;302.513;0
237;1;0.281;15.6072;-0.839647;-324.632;-809.295;27482.7;-995.15;284.658;302.493;0
237;2;0.282;15.5396;-0.784238;-323.475;-801.25;27390;-983.316;284.674;302.477;0
237;3;0.283;15.4606;-0.726827;-322.351;-794.836;27298.2;-969.452;284.685;302.466;0
237;4;0.284;15.3696;-0.667372;-321.262;-790.309;27207.5;-953.576;284.69;302.46;0
237;5;0.285;15.2662;-0.605839;-320.21;-787.921;27118;-935.717;284.688;302.461;0
237;6;0.286;15.15;-0.542206;-319.197;-787.914;27029.8;-915.907;284.681;302.468;0
237;7;0.287;15.0206;-0.476459;-318.225;-790.517;26943.2;-894.19;284.667;302.484;0
237;8;0.288;14.8778;-0.408595;-317.295;-795.95;26858.1;-870.613;284.647;302.509;0
237;9;0.289;14.7213;-0.338623;-316.409;-804.415;26774.9;-845.234;284.621;302.542;0
238;0;0.29;14.5508;-0.266562;-315.569;-816.101;26693.5;-818.118;284.589;302.586;0
238;1;0.291;14.366;-0.192446;-314.775;-831.177;26614.3;-789.336;284.55;302.641;0
238;2;0.292;14.167;-0.116317;-314.029;-849.791;26537.3;-758.966;284.506;302.706;0
238;3;0.293;13.9535;-0.038232;-313.334;-872.075;26462.6;-727.097;284.455;302.783;0
238;4;0.294;13.7256;0.041739;-312.689;-898.134;26390.4;-693.819;284.398;302.872;0
238;5;0.295;13.4831;0.123518;-312.096;-928.054;26320.8;-659.234;284.336;302.974;0
238;6;0.296;13.2263;0.207012;-311.556;-961.896;26253.9;-623.448;284.267;303.087;0
238;7;0.297;12.9551;0.292118;-311.069;-999.697;26189.8;-586.573;284.193;303.214;0
238;8;0.298;12.6698;0.378723;-310.637;-1041.47;26128.7;-548.728;284.113;303.353;0
238;9;0.299;12.3706;0.466703;-310.26;-1087.21;26070.6;-510.036;284.028;303.504;0
239;0;0.3;12.0577;0.555927;-309.939;-1136.87;26015.6;-470.625;283.938;303.668;0
239;1;0.301;11.7316;0.646255;-309.674;-1190.39;25963.8;-430.627;283.842;303.844;0
239;2;0.302;11.3925;0.737539;-309.465;-1247.71;25915.3;-390.178;283.742;304.032;0
239;3;0.303;11.0409;0.829627;-309.312;-1308.71;25870;-349.417;283.637;304.231;0
239;4;0.304;10.6773;0.922362;-309.215;-1373.27;25828.2;-308.482;283.528;304.441;0
239;5;0.305;10.3022;1.01558;-309.175;-1441.25;25789.7;-267.517;283.415;304.662;0
239;6;0.306;9.91628;1.10913;-309.19;-1512.48;25754.7;-226.662;283.297;304.892;0
239;7;0.307;9.52013;1.20283;-309.26;-1586.79;25723.1;-186.059;283.176;305.131;0
239;8;0.308;9.11444;1.29652;-309.385;-1663.99;25695;-145.848;283.052;305.378;0
239;9;0.309;8.69993;1.39005;-309.564;-1743.88;25670.4;-106.169;282.924;305.633;0
240;0;0.31;8.27738;1.48325;-309.796;-1826.24;25649.3;-67.1574;282.794;305.895;0
240;1;0.311;7.84759;1.57597;-310.08;-1910.86;25631.6;-28.945;282.661;306.162;0
240;2;0.312;7.41142;1.66806;-310.414;-1997.51;25617.3;8.33936;282.526;306.435;0
240;3;0.313;6.96974;1.75938;-310.798;-2085.96;25606.4;44.572;282.389;306.712;0
240;4;0.314;6.52348;1.84979;-311.229;-2176;25598.8;79.6345;282.251;306.992;0
240;5;0.315;6.07356;1.93916;-311.707;-2267.38;25594.5;113.415;282.111;307.274;0
240;6;0.316;5.62098;2.02739;-312.228;-2359.9;25593.4;145.808;281.97;307.558;0
240;7;0.317;5.16671;2.11437;-312.792;-2453.34;25595.3;176.715;281.829;307.843;0
240;8;0.318;4.7118;2.2;-313.396;-2547.49;25600.3;206.045;281.687;308.129;0
240;9;0.319;4.25727;2.28423;-314.038;-2642.16;25608.2;233.719;281.545;308.414;0
241;0;0.32;3.80418;2.36698;-314.716;-2737.17;25618.8;259.662;281.403;308.697;0
241;1;0.321;3.35361;2.44822;-315.426;-2832.35;25632;283.811;281.262;308.979;0
241;2;0.322;2.90664;2.52791;-316.167;-2927.55;25647.8;306.115;281.121;309.26;0
241;3;0.323;2.46436;2.60606;-316.935;-3022.63;25665.9;326.53;280.982;309.537;0
241;4;0.324;2.02787;2.68268;-317.727;-3117.46;25686.2;345.026;280.844;309.812;0
241;5;0.325;1.59828;2.75779;-318.542;-3211.95;25708.5;361.582;280.707;310.083;0
241;6;0.326;1.17667;2.83145;-319.375;-3306.01;25732.7;376.191;280.572;310.352;0
241;7;0.327;0.764139;2.90373;-320.224;-3399.55;25758.5;388.855;280.439;310.616;0
241;8;0.328;0.361765;2.97471;-321.085;-3492.51;25785.9;399.59;280.309;310.877;0
241;9;0.329;-0.029391;3.04449;-321.956;-3584.86;25814.6;408.422;280.18;311.135;0
242;0;0.33;-0.408286;3.1132;-322.833;-3676.54;25844.4;415.392;280.055;311.388;0
242;1;0.331;-0.773908;3.18096;-323.713;-3767.53;25875.1;420.547;279.932;311.638;0
242;2;0.332;-1.12527;3.24791;-324.594;-3857.8;25906.7;423.949;279.813;311.885;0
242;3;0.333;-1.46144;3.3142;-325.473;-3947.33;25938.9;425.67;279.696;312.128;0
242;4;0.334;-1.78152;3.37999;-326.346;-4036.12;25971.5;425.789;279.583;312.368;0
242;5;0.335;-2.08465;3.44543;-327.211;-4124.12;26004.4;424.397;279.473;312.604;0
242;6;0.336;-2.37006;3.51067;-328.066;-4211.33;26037.5;421.59;279.367;312.837;0
242;7;0.337;-2.63701;3.57588;-328.908;-4297.71;26070.5;417.473;279.264;313.067;0
242;8;0.338;-2.88485;3.64118;-329.735;-4383.22;26103.4;412.157;279.165;313.293;0
242;9;0.339;-3.11299;3.70672;-330.544;-4467.81;26136.1;405.755;279.07;313.517;0
243;0;0.34;-3.32094;3.7726;-331.334;-4551.42;26168.4;398.387;278.979;313.737;0
243;1;0.341;-3.50827;3.83893;-332.103;-4633.97;26200.2;390.173;278.892;313.953;0
243;2;0.342;-3.67466;3.90578;-332.85;-4715.36;26231.4;381.235;278.808;314.167;0
243;3;0.343;-3.81987;3.97321;-333.573;-4795.48;26262;371.696;278.729;314.376;0
243;4;0.344;-3.94377;4.04125;-334.271;-4874.19;26291.9;361.676;278.654;314.582;0
243;5;0.345;-4.04631;4.10991;-334.944;-4951.35;26320.9;351.294;278.583;314.783;0
243;6;0.346;-4.12754;4.17916;-335.59;-5026.77;26349.2;340.665;278.516;314.979;0
243;7;0.347;-4.18764;4.24898;-336.209;-5100.27;26376.7;329.899;278.453;315.17;0
243;8;0.348;-4.22685;4.31927;-336.801;-5171.64;26403.3;319.102;278.394;315.355;0
243;9;0.349;-4.24556;4.38995;-337.366;-5240.64;26429;308.373;278.339;315.534;0
244;0;0.35;-4.24423;4.4609;-337.903;-5307.05;26453.8;297.805;278.288;315.706;0
244;1;0.351;-4.22342;4.53197;-338.414;-5370.59;26477.8;287.481;278.241;315.87;0
244;2;0.352;-4.18381;4.603;-338.898;-5431.02;26500.9;277.479;278.197;316.026;0
244;3;0.353;-4.12615;4.6738;-339.356;-5488.06;26523.3;267.868;278.158;316.172;0
244;4;0.354;-4.0513;4.74419;-339.789;-5541.43;26544.8;258.706;278.121;316.308;0
244;5;0.355;-3.9602;4.81395;-340.198;-5590.88;26565.6;250.045;278.089;316.434;0
244;6;0.356;-3.85386;4.88286;-340.583;-5636.14;26585.8;241.928;278.06;316.548;0
244;7;0.357;-3.73339;4.95071;-340.947;-5676.97;26605.3;234.387;278.034;316.651;0
244;8;0.358;-3.59995;5.01728;-341.289;-5713.15;26624.2;227.448;278.011;316.74;0
244;9;0.359;-3.45477;5.08236;-341.612;-5744.46;26642.6;221.129;277.991;316.816;0
245;0;0.36;-3.29911;5.14573;-341.916;-5770.73;26660.5;215.44;277.974;316.878;0
245;1;0.361;-3.13431;5.20721;-342.204;-5791.84;26678.1;210.385;277.96;316.925;0
245;2;0.362;-2.9617;5.26663;-342.476;-5807.67;26695.3;205.962;277.948;316.958;0
245;3;0.363;-2.78268;5.32384;-342.735;-5818.19;26712.2;202.163;277.938;316.976;0
245;4;0.364;-2.59865;5.37872;-342.981;-5823.37;26728.8;198.979;277.931;316.979;0
245;5;0.365;-2.41099;5.43118;-343.216;-5823.28;26745.3;196.394;277.926;316.967;0
245;6;0.366;-2.22111;5.48115;-343.441;-5818.01;26761.7;194.395;277.922;316.94;0
245;7;0.367;-2.0304;5.52861;-343.659;-5807.72;26777.9;192.964;277.92;316.9;0
245;8;0.368;-1.84022;5.57356;-343.87;-5792.61;26794.1;192.086;277.919;316.845;0
245;9;0.369;-1.65191;5.61606;-344.075;-5772.97;26810.2;191.745;277.92;316.778;0
246;0;0.37;-1.46678;5.6562;-344.277;-5749.12;26826.3;191.928;277.921;316.699;0
246;1;0.371;-1.28608;5.69408;-344.476;-5721.45;26842.4;192.624;277.923;316.609;0
246;2;0.372;-1.11102;5.72986;-344.673;-5690.37;26858.5;193.826;277.925;316.51;0
246;3;0.373;-0.94275;5.76373;-344.87;-5656.38;26874.7;195.531;277.927;316.402;0
246;4;0.374;-0.782359;5.7959;-345.067;-5620;26890.9;197.74;277.929;316.287;0
246;5;0.375;-0.630868;5.82663;-345.267;-5581.8;26907.1;200.456;277.931;316.167;0
246;6;0.376;-0.489223;5.85616;-345.469;-5542.35;26923.4;203.691;277.933;316.043;0
246;7;0.377;-0.358294;5.88479;-345.674;-5502.28;26939.7;207.459;277.934;315.918;0
246;8;0.378;-0.23887;5.91281;-345.884;-5462.22;26956;211.777;277.934;315.792;0
246;9;0.379;-0.131655;5.94053;-346.099;-5422.81;26972.3;216.67;277.932;315.668;0
247;0;0.38;-0.037265;5.96824;-346.321;-5384.69;26988.7;222.163;277.93;315.548;0
247;1;0.381;0.043773;5.99625;-346.549;-5348.48;27005.1;228.287;277.926;315.434;0
247;2;0.382;0.111025;6.02485;-346.784;-5314.79;27021.5;235.074;277.92;315.326;0
247;3;0.383;0.16415;6.05432;-347.027;-5284.2;27037.9;242.558;277.913;315.227;0
247;4;0.384;0.2029;6.08491;-347.278;-5257.26;27054.3;250.776;277.904;315.138;0
247;5;0.385;0.227125;6.11684;-347.539;-5234.47;27070.8;259.761;277.893;315.062;0
247;6;0.386;0.236765;6.15032;-347.809;-5216.26;27087.2;269.548;277.88;314.998;0
247;7;0.387;0.231858;6.1855;-348.088;-5203.03;27103.7;280.17;277.864;314.947;0
247;8;0.388;0.212533;6.22248;-348.377;-5195.1;27120.1;291.657;277.847;314.912;0
247;9;0.389;0.179008;6.26135;-348.677;-5192.7;27136.6;304.032;277.827;314.893;0
248;0;0.39;0.131591;6.30213;-348.987;-5196.03;27153.1;317.316;277.806;314.889;0
248;1;0.391;0.070675;6.34477;-349.307;-5205.17;27169.6;331.523;277.782;314.901;0
248;2;0.392;-0.003267;6.38921;-349.637;-5220.12;27186.1;346.659;277.755;314.93;0
248;3;0.393;-0.089686;6.43531;-349.978;-5240.83;27202.7;362.721;277.727;314.975;0
248;4;0.394;-0.18796;6.48288;-350.329;-5267.15;27219.3;379.699;277.696;315.035;0
248;5;0.395;-0.297403;6.5317;-350.69;-5298.85;27235.9;397.57;277.664;315.11;0
248;6;0.396;-0.417265;6.58149;-351.061;-5335.61;27252.6;416.305;277.629;315.199;0
248;7;0.397;-0.546745;6.63193;-351.442;-5377.07;27269.4;435.859;277.593;315.3;0
248;8;0.398;-0.684993;6.68265;-351.832;-5422.77;27286.2;456.18;277.555;315.413;0
248;9;0.399;-0.831118;6.73328;-352.232;-5472.22;27303.1;477.201;277.515;315.536;0
249;0;0.4;-0.984195;6.78338;-352.641;-5524.84;27320.1;498.846;277.473;315.667;0
249;1;0.401;-1.14327;6.83251;-353.059;-5580.02;27337.2;521.027;277.43;315.805;0
249;2;0.402;-1.30738;6.88023;-353.485;-5637.13;27354.5;543.644;277.385;315.947;0
249;3;0.403;-1.47552;6.92605;-353.92;-5695.48;27371.9;566.588;277.339;316.093;0
249;4;0.404;-1.64671;6.96952;-354.363;-5754.36;27389.6;589.739;277.293;316.239;0
249;5;0.405;-1.81995;7.01015;-354.813;-5813.07;27407.4;612.969;277.245;316.384;0
249;6;0.406;-1.99426;7.04751;-355.271;-5870.9;27425.5;636.143;277.196;316.525;0
249;7;0.407;-2.16865;7.08115;-355.737;-5927.14;27443.9;659.12;277.147;316.662;0
249;8;0.408;-2.34218;7.11065;-356.209;-5981.1;27462.5;681.751;277.096;316.791;0
249;9;0.409;-2.5139;7.13563;-356.688;-6032.11;27481.4;703.886;277.046;316.911;0
250;0;0.41;-2.6829;7.15574;-357.172;-6079.56;27500.6;725.373;276.995;317.021;0
250;1;0.411;-2.84832;7.17067;-357.662;-6122.84;27520.1;746.059;276.944;317.119;0
250;2;0.412;-3.0093;7.18014;-358.156;-6161.43;27539.9;765.793;276.893;317.203;0
250;3;0.413;-3.16504;7.18393;-358.654;-6194.84;27559.9;784.425;276.843;317.272;0
250;4;0.414;-3.31478;7.18187;-359.156;-6222.66;27580.2;801.813;276.792;317.326;0
250;5;0.415;-3.45782;7.17383;-359.659;-6244.54;27600.7;817.818;276.741;317.362;0
250;6;0.416;-3.59348;7.15974;-360.163;-6260.19;27621.4;832.311;276.691;317.382;0
250;7;0.417;-3.72115;7.13959;-360.667;-6269.42;27642.1;845.169;276.642;317.383;0
250;8;0.418;-3.84027;7.1134;-361.17;-6272.08;27662.8;856.284;276.592;317.366;0
250;9;0.419;-3.95032;7.08127;-361.669;-6268.12;27683.5;865.555;276.544;317.331;0
251;0;0.42;-4.05085;7.04332;-362.164;-6257.55;27704;872.898;276.496;317.278;0
251;1;0.421;-4.14145;6.99973;-362.653;-6240.47;27724.2;878.241;276.448;317.208;0
251;2;0.422;-4.22179;6.95073;-363.134;-6217.02;27744;881.528;276.402;317.12;0
251;3;0.423;-4.29157;6.89659;-363.606;-6187.44;27763.3;882.717;276.355;317.017;0
251;4;0.424;-4.35054;6.83761;-364.067;-6152;27781.9;881.784;276.31;316.898;0
251;5;0.425;-4.39854;6.77413;-364.516;-6111.03;27799.8;878.722;276.265;316.765;0
251;6;0.426;-4.43542;6.7065;-364.95;-6064.91;27816.7;873.539;276.221;316.618;0
251;7;0.427;-4.4611;6.63513;-365.367;-6014.07;27832.6;866.261;276.177;316.46;0
251;8;0.428;-4.47555;6.56041;-365.767;-5958.93;27847.3;856.934;276.134;316.292;0
251;9;0.429;-4.47878;6.48277;-366.148;-5899.99;27860.7;845.616;276.091;316.114;0
252;0;0.43;-4.47085;6.40264;-366.507;-5837.72;27872.6;832.383;276.049;315.928;0
252;1;0.431;-4.45185;6.32046;-366.845;-5772.6;27882.9;817.328;276.007;315.736;0
252;2;0.432;-4.42191;6.23665;-367.158;-5705.13;27891.4;800.556;275.966;315.539;0
252;3;0.433;-4.38121;6.15165;-367.446;-5635.77;27898.2;782.185;275.924;315.338;0
252;4;0.434;-4.32994;6.06586;-367.708;-5564.98;27903;762.347;275.883;315.134;0
252;5;0.435;-4.26833;5.97969;-367.943;-5493.18;27905.7;741.183;275.842;314.929;0
252;6;0.436;-4.19665;5.8935;-368.149;-5420.77;27906.2;718.843;275.801;314.724;0
252;7;0.437;-4.11517;5.80765;-368.325;-5348.09;27904.5;695.486;275.76;314.52;0
252;8;0.438;-4.0242;5.72245;-368.471;-5275.44;27900.3;671.273;275.719;314.317;0
252;9;0.439;-3.92405;5.6382;-368.586;-5203.09;27893.8;646.372;275.678;314.116;0
253;0;0.44;-3.81508;5.55512;-368.67;-5131.23;27884.8;620.949;275.636;313.918;0
253;1;0.441;-3.69762;5.47344;-368.721;-5060.01;27873.1;595.174;275.594;313.723;0
253;2;0.442;-3.57204;5.39332;-368.739;-4989.53;27858.9;569.212;275.552;313.531;0
253;3;0.443;-3.43871;5.31488;-368.725;-4919.82;27841.9;543.224;275.509;313.343;0
253;4;0.444;-3.29803;5.23821;-368.678;-4850.85;27822.3;517.365;275.465;313.157;0
253;5;0.445;-3.15036;5.16335;-368.598;-4782.55;27799.9;491.785;275.421;312.975;0
253;6;0.446;-2.99612;5.0903;-368.485;-4714.8;27774.7;466.624;275.376;312.795;0
253;7;0.447;-2.83568;5.01903;-368.339;-4647.43;27746.8;442.009;275.33;312.617;0
253;8;0.448;-2.66944;4.94945;-368.161;-4580.22;27716.2;418.061;275.283;312.441;0
253;9;0.449;-2.4978;4.88147;-367.952;-4512.93;27682.8;394.883;275.235;312.265;0
254;0;0.45;-2.32114;4.81494;-367.711;-4445.26;27646.8;372.57;275.186;312.089;0
254;1;0.451;-2.13985;4.7497;-367.441;-4376.92;27608.1;351.198;275.136;311.912;0
254;2;0.452;-1.95432;4.68556;-367.141;-4307.59;27566.8;330.834;275.085;311.733;0
254;3;0.453;-1.7649;4.62232;-366.814;-4236.92;27523.1;311.526;275.033;311.551;0
254;4;0.454;-1.57197;4.55976;-366.459;-4164.59;27476.9;293.309;274.979;311.364;0
254;5;0.455;-1.37588;4.49764;-366.08;-4090.27;27428.4;276.204;274.925;311.173;0
254;6;0.456;-1.17698;4.43574;-365.677;-4013.63;27377.7;260.217;274.869;310.976;0
254;7;0.457;-0.975609;4.37381;-365.253;-3934.38;27324.9;245.34;274.811;310.772;0
254;8;0.458;-0.772084;4.31163;-364.808;-3852.26;27270.2;231.55;274.752;310.56;0
254;9;0.459;-0.566721;4.24895;-364.344;-3767.01;27213.7;218.814;274.692;310.339;0
255;0;0.46;-0.359821;4.18556;-363.865;-3678.46;27155.5;207.086;274.631;310.109;0
255;1;0.461;-0.151673;4.12127;-363.371;-3586.44;27095.8;196.307;274.568;309.87;0
255;2;0.462;0.057446;4.05587;-362.865;-3490.87;27034.8;186.412;274.504;309.62;0
255;3;0.463;0.26727;3.98921;-362.349;-3391.71;26972.5;177.325;274.438;309.36;0
255;4;0.464;0.477546;3.92113;-361.826;-3288.97;26909.3;168.963;274.371;309.09;0
255;5;0.465;0.688033;3.85151;-361.297;-3182.73;26845.3;161.236;274.303;308.809;0
255;6;0.466;0.8985;3.78026;-360.764;-3073.14;26780.5;154.051;274.233;308.518;0
255;7;0.467;1.10873;3.70731;-360.231;-2960.41;26715.3;147.311;274.162;308.218;0
255;8;0.468;1.31851;3.6326;-359.699;-2844.8;26649.8;140.915;274.089;307.909;0
255;9;0.469;1.52766;3.55612;-359.171;-2726.64;26584;134.764;274.015;307.591;0
256;0;0.47;1.73598;3.47788;-358.648;-2606.32;26518.4;128.757;273.94;307.267;0
256;1;0.471;1.9433;3.39791;-358.134;-2484.26;26452.9;122.796;273.863;306.937;0
256;2;0.472;2.14946;3.31626;-357.63;-2360.96;26387.7;116.785;273.785;306.602;0
256;3;0.473;2.35431;3.23301;-357.138;-2236.93;26323.1;110.632;273.706;306.264;0
256;4;0.474;2.55772;3.14825;-356.662;-2112.74;26259.2;104.252;273.625;305.924;0
256;5;0.475;2.75955;3.06211;-356.202;-1988.96;26196.1;97.5625;273.543;305.584;0
256;6;0.476;2.9597;2.97469;-355.762;-1866.2;26133.9;90.4902;273.459;305.246;0
256;7;0.477;3.15807;2.88613;-355.343;-1745.07;26072.9;82.9688;273.374;304.911;0
256;8;0.478;3.35458;2.79659;-354.947;-1626.17;26013.2;74.94;273.288;304.581;0
256;9;0.479;3.54915;2.70619;-354.576;-1510.11;25954.9;66.3547;273.2;304.259;0
257;0;0.48;3.74173;2.61509;-354.232;-1397.48;25898.1;57.1726;273.111;303.945;0
257;1;0.481;3.93228;2.52342;-353.917;-1288.85;25843;47.3629;273.02;303.642;0
257;2;0.482;4.12078;2.43132;-353.633;-1184.73;25789.7;36.9041;272.928;303.35;0
257;3;0.483;4.30723;2.33891;-353.381;-1085.62;25738.3;25.7841;272.834;303.072;0
257;4;0.484;4.49162;2.2463;-353.163;-991.968;25688.9;13.9999;272.74;302.809;0
257;5;0.485;4.67398;2.15359;-352.979;-904.154;25641.7;1.55698;272.644;302.562;0
257;6;0.486;4.85436;2.06084;-352.832;-822.511;25596.6;-11.5306;272.546;302.331;0
257;7;0.487;5.0328;1.96814;-352.723;-747.306;25553.8;-25.2414;272.447;302.119;0
257;8;0.488;5.20937;1.8755;-352.651;-678.74;25513.3;-39.5467;272.347;301.925;0
257;9;0.489;5.38416;1.78295;-352.619;-616.944;25475.3;-54.4117;272.246;301.75;0
258;0;0.49;5.55726;1.69049;-352.628;-561.979;25439.7;-69.7957;272.143;301.594;0
258;1;0.491;5.72877;1.5981;-352.676;-513.838;25406.7;-85.6536;272.04;301.457;0
258;2;0.492;5.89882;1.50573;-352.766;-472.443;25376.2;-101.936;271.935;301.339;0
258;3;0.493;6.06751;1.41333;-352.897;-437.65;25348.3;-118.591;271.829;301.24;0
258;4;0.494;6.235;1.32082;-353.07;-409.252;25323;-135.564;271.722;301.159;0
258;5;0.495;6.40141;1.22811;-353.286;-386.986;25300.3;-152.799;271.614;301.095;0
258;6;0.496;6.56687;1.1351;-353.543;-370.532;25280.3;-170.239;271.506;301.048;0
258;7;0.497;6.73154;1.04168;-353.843;-359.528;25263;-187.828;271.396;301.016;0
258;8;0.498;6.89556;0.947744;-354.185;-353.57;25248.4;-205.511;271.286;300.998;0
258;9;0.499;7.05905;0.853173;-354.57;-352.224;25236.4;-223.234;271.175;300.993;0
259;0;0.5;7.22216;0.757853;-354.997;-355.03;25227.2;-240.945;271.063;301;0
259;1;0.501;7.385;0.661676;-355.467;-361.514;25220.7;-258.595;270.951;301.017;0
259;2;0.502;7.54771;0.56454;-355.979;-371.195;25216.9;-276.141;270.838;301.043;0
259;3;0.503;7.71038;0.466357;-356.533;-383.593;25215.8;-293.539;270.725;301.076;0
259;4;0.504;7.87311;0.367053;-357.13;-398.238;25217.5;-310.754;270.611;301.115;0
259;5;0.505;8.03599;0.266571;-357.769;-414.676;25221.9;-327.751;270.498;301.159;0
259;6;0.506;8.19908;0.164876;-358.451;-432.48;25229.1;-344.505;270.384;301.207;0
259;7;0.507;8.36244;0.061953;-359.174;-451.255;25239;-360.99;270.27;301.256;0
259;8;0.508;8.52611;-0.042186;-359.94;-470.643;25251.8;-377.189;270.156;301.308;0
259;9;0.509;8.69011;-0.147502;-360.747;-490.33;25267.2;-393.086;270.041;301.359;0
260;0;0.51;8.85444;-0.253929;-361.596;-510.054;25285.5;-408.673;269.927;301.411;0
260;1;0.511;9.01909;-0.361374;-362.487;-529.602;25306.5;-423.942;269.814;301.461;0
260;2;0.512;9.18403;-0.469712;-363.42;-548.818;25330.3;-438.892;269.7;301.51;0
260;3;0.513;9.34921;-0.57879;-364.393;-567.605;25356.8;-453.523;269.586;301.558;0
260;4;0.514;9.51456;-0.688428;-365.407;-585.92;25386;-467.838;269.473;301.603;0
260;5;0.515;9.68;-0.798414;-366.461;-603.783;25417.9;-481.842;269.36;301.648;0
260;6;0.516;9.84542;-0.908516;-367.554;-621.265;25452.3;-495.543;269.248;301.69;0
260;7;0.517;10.0107;-1.01847;-368.687;-638.497;25489.4;-508.949;269.136;301.732;0
260;8;0.518;10.1757;-1.128;-369.857;-655.654;25528.9;-522.069;269.024;301.773;0
260;9;0.519;10.3403;-1.2368;-371.065;-672.964;25570.9;-534.913;268.912;301.814;0
261;0;0.52;10.5043;-1.34455;-372.309;-690.692;25615.2;-547.488;268.801;301.855;0
261;1;0.521;10.6675;-1.45092;-373.588;-709.142;25661.7;-559.803;268.69;301.898;0
261;2;0.522;10.8297;-1.55556;-374.902;-728.644;25710.4;-571.865;268.579;301.944;0
261;3;0.523;10.9908;-1.65811;-376.248;-749.553;25761;-583.676;268.468;301.992;0
261;4;0.524;11.1505;-1.75823;-377.625;-772.24;25813.5;-595.24;268.358;302.045;0
261;5;0.525;11.3086;-1.85555;-379.033;-797.082;25867.8;-606.553;268.247;302.103;0
261;6;0.526;11.4649;-1.9497;-380.469;-824.457;25923.6;-617.611;268.136;302.167;0
261;7;0.527;11.6192;-2.04033;-381.931;-854.736;25980.9;-628.401;268.025;302.238;0
261;8;0.528;11.7712;-2.12708;-383.419;-888.274;26039.4;-638.909;267.914;302.317;0
261;9;0.529;11.9208;-2.20962;-384.931;-925.406;26099.1;-649.112;267.802;302.404;0
262;0;0.53;12.0678;-2.2876;-386.463;-966.435;26159.7;-658.983;267.69;302.501;0
262;1;0.531;12.2119;-2.36071;-388.016;-1011.63;26221;-668.488;267.577;302.607;0
262;2;0.532;12.3531;-2.42864;-389.586;-1061.22;26283;-677.584;267.464;302.724;0
262;3;0.533;12.4911;-2.49109;-391.172;-1115.39;26345.3;-686.222;267.35;302.851;0
262;4;0.534;12.6259;-2.54781;-392.771;-1174.27;26407.8;-694.346;267.235;302.99;0
262;5;0.535;12.7573;-2.59853;-394.382;-1237.93;26470.4;-701.892;267.119;303.139;0
262;6;0.536;12.8851;-2.64303;-396.002;-1306.4;26532.8;-708.789;267.002;303.299;0
262;7;0.537;13.0095;-2.68108;-397.63;-1379.64;26594.8;-714.957;266.883;303.47;0
262;8;0.538;13.1302;-2.7125;-399.262;-1457.54;26656.3;-720.313;266.764;303.651;0
262;9;0.539;13.2474;-2.73712;-400.898;-1539.96;26717;-724.763;266.643;303.841;0
263;0;0.54;13.3609;-2.7548;-402.534;-1626.67;26776.8;-728.213;266.521;304.041;0
263;1;0.541;13.4709;-2.76539;-404.168;-1717.41;26835.4;-730.56;266.397;304.249;0
263;2;0.542;13.5775;-2.7688;-405.799;-1811.84;26892.8;-731.699;266.271;304.465;0
263;3;0.543;13.6807;-2.76495;-407.425;-1909.58;26948.7;-731.524;266.144;304.687;0
263;4;0.544;13.7806;-2.75376;-409.042;-2010.22;27002.9;-729.926;266.015;304.914;0
263;5;0.545;13.8775;-2.73519;-410.65;-2113.28;27055.3;-726.797;265.884;305.146;0
263;6;0.546;13.9716;-2.70921;-412.246;-2218.27;27105.8;-722.032;265.751;305.381;0
263;7;0.547;14.063;-2.67582;-413.829;-2324.65;27154.1;-715.527;265.617;305.617;0
263;8;0.548;14.1521;-2.63502;-415.397;-2431.87;27200.2;-707.184;265.48;305.854;0
263;9;0.549;14.2392;-2.58684;-416.949;-2539.36;27243.9;-696.913;265.341;306.09;0
264;0;0.55;14.3245;-2.53132;-418.482;-2646.54;27285.2;-684.63;265.2;306.324;0
264;1;0.551;14.4085;-2.46851;-419.996;-2752.83;27323.9;-670.262;265.057;306.554;0
264;2;0.552;14.4916;-2.3985;-421.49;-2857.65;27359.9;-653.746;264.912;306.78;0
264;3;0.553;14.574;-2.32137;-422.962;-2960.43;27393.1;-635.032;264.765;306.999;0
264;4;0.554;14.6565;-2.23722;-424.412;-3060.62;27423.5;-614.083;264.615;307.211;0
264;5;0.555;14.7392;-2.14616;-425.839;-3157.69;27451.1;-590.878;264.464;307.415;0
264;6;0.556;14.8229;-2.04832;-427.243;-3251.15;27475.8;-565.41;264.309;307.61;0
264;7;0.557;14.908;-1.94386;-428.623;-3340.55;27497.5;-537.688;264.153;307.794;0
264;8;0.558;14.9951;-1.83291;-429.978;-3425.45;27516.2;-507.741;263.994;307.967;0
264;9;0.559;15.0847;-1.71565;-431.31;-3505.5;27532;-475.61;263.834;308.128;0
265;0;0.56;15.1774;-1.59226;-432.617;-3580.37;27544.8;-441.357;263.67;308.276;0
265;1;0.561;15.2737;-1.46294;-433.901;-3649.78;27554.7;-405.061;263.505;308.412;0
265;2;0.562;15.3743;-1.3279;-435.161;-3713.52;27561.6;-366.817;263.337;308.534;0
265;3;0.563;15.4797;-1.18735;-436.398;-3771.44;27565.7;-326.737;263.166;308.642;0
265;4;0.564;15.5905;-1.04155;-437.613;-3823.44;27566.8;-284.951;262.994;308.737;0
265;5;0.565;15.7073;-0.890729;-438.805;-3869.46;27565.1;-241.601;262.818;308.818;0
265;6;0.566;15.8305;-0.735169;-439.978;-3909.53;27560.5;-196.845;262.641;308.886;0
265;7;0.567;15.9609;-0.575147;-441.13;-3943.72;27553.2;-150.856;262.461;308.94;0
265;8;0.568;16.0987;-0.410958;-442.263;-3972.15;27543.2;-103.816;262.278;308.981;0
265;9;0.569;16.2445;-0.242914;-443.379;-3994.99;27530.4;-55.9187;262.092;309.01;0
266;0;0.57;16.3987;-0.07134;-444.479;-4012.47;27515;-7.36755;261.904;309.027;0
266;1;0.571;16.5618;0.103428;-445.563;-4024.84;27497;41.6277;261.713;309.033;0
266;2;0.572;16.7339;0.281037;-446.635;-4032.42;27476.4;90.8514;261.519;309.028;0
266;3;0.573;16.9154;0.461124;-447.694;-4035.55;27453.4;140.084;261.322;309.014;0
266;4;0.574;17.1066;0.643314;-448.743;-4034.57;27427.8;189.106;261.121;308.991;0
266;5;0.575;17.3076;0.827225;-449.784;-4029.88;27399.8;237.696;260.918;308.96;0
266;6;0.576;17.5185;1.01246;-450.817;-4021.88;27369.4;285.636;260.711;308.921;0
266;7;0.577;17.7393;1.19863;-451.846;-4010.98;27336.7;332.712;260.5;308.877;0
266;8;0.578;17.9702;1.38534;-452.871;-3997.6;27301.6;378.719;260.286;308.827;0
266;9;0.579;18.211;1.57217;-453.895;-3982.14;27264.2;423.456;260.067;308.773;0
267;0;0.58;18.4616;1.75873;-454.92;-3965;27224.4;466.737;259.844;308.716;0
267;1;0.581;18.7218;1.94462;-455.947;-3946.59;27182.4;508.386;259.617;308.656;0
267;2;0.582;18.9914;2.12946;-456.979;-3927.25;27138.1;548.24;259.386;308.594;0
267;3;0.583;19.27;2.31286;-458.017;-3907.34;27091.5;586.154;259.15;308.531;0
267;4;0.584;19.5575;2.49446;-459.063;-3887.18;27042.7;621.998;258.908;308.468;0
267;5;0.585;19.8532;2.67391;-460.119;-3867.03;26991.5;655.66;258.662;308.404;0
267;6;0.586;20.1569;2.85087;-461.186;-3847.15;26938;687.047;258.41;308.342;0
267;7;0.587;20.4679;3.02504;-462.267;-3827.74;26882.1;716.086;258.153;308.28;0
267;8;0.588;20.7857;3.19614;-463.362;-3808.97;26823.9;742.723;257.89;308.22;0
267;9;0.589;21.1099;3.36391;-464.474;-3790.96;26763.2;766.925;257.62;308.162;0
268;0;0.59;21.4396;3.52813;-465.604;-3773.79;26700.1;788.681;257.345;308.105;0
268;1;0.591;21.7744;3.68859;-466.754;-3757.5;26634.4;807.997;257.063;308.05;0
268;2;0.592;22.1135;3.84515;-467.924;-3742.09;26566.2;824.9;256.775;307.997;0
268;3;0.593;22.4562;3.99767;-469.116;-3727.52;26495.3;839.437;256.479;307.946;0
268;4;0.594;22.8018;4.14607;-470.331;-3713.72;26421.8;851.672;256.177;307.896;0
268;5;0.595;23.1496;4.2903;-471.57;-3700.58;26345.5;861.686;255.868;307.847;0
268;6;0.596;23.4988;4.43033;-472.834;-3687.96;26266.4;869.576;255.551;307.8;0
268;7;0.597;23.8488;4.56617;-474.125;-3675.69;26184.5;875.45;255.227;307.753;0
268;8;0.598;24.1988;4.69789;-475.443;-3663.6;26099.6;879.432;254.895;307.706;0
268;9;0.599;24.5482;4.82555;-476.788;-3651.49;26011.7;881.654;254.556;307.659;0
269;0;0.6;24.8961;4.94927;-478.162;-3639.14;25920.7;882.257;254.209;307.611;0
269;1;0.601;25.2421;5.06917;-479.564;-3626.34;25826.5;881.385;253.854;307.562;0
269;2;0.602;25.5854;5.18541;-480.997;-3612.87;25729.2;879.19;253.491;307.511;0
269;3;0.603;25.9253;5.29815;-482.46;-3598.51;25628.6;875.824;253.121;307.459;0
269;4;0.604;26.2615;5.40759;-483.953;-3583.06;25524.7;871.436;252.742;307.404;0
269;5;0.605;26.5932;5.51392;-485.477;-3566.33;25417.3;866.176;252.355;307.346;0
269;6;0.606;26.92;5.61736;-487.031;-3548.12;25306.5;860.187;251.961;307.285;0
269;7;0.607;27.2414;5.71811;-488.617;-3528.3;25192;853.608;251.558;307.221;0
269;8;0.608;27.5569;5.81639;-490.234;-3506.71;25073.9;846.568;251.147;307.153;0
269;9;0.609;27.8661;5.91242;-491.883;-3483.25;24952.1;839.188;250.728;307.081;0
270;0;0.61;28.1687;6.00641;-493.562;-3457.84;24826.5;831.579;250.301;307.006;0
270;1;0.611;28.4643;6.09858;-495.271;-3430.41;24696.9;823.841;249.866;306.926;0
270;2;0.612;28.7525;6.1891;-497.011;-3400.93;24563.4;816.059;249.422;306.843;0
270;3;0.613;29.033;6.27818;-498.781;-3369.4;24425.7;808.31;248.971;306.755;0
270;4;0.614;29.3056;6.36598;-500.58;-3335.85;24283.9;800.655;248.512;306.664;0
270;5;0.615;29.57;6.45266;-502.407;-3300.31;24137.8;793.144;248.044;306.569;0
270;6;0.616;29.826;6.53836;-504.263;-3262.85;23987.3;785.812;247.569;306.471;0
270;7;0.617;30.0733;6.6232;-506.146;-3223.58;23832.3;778.685;247.086;306.369;0
270;8;0.618;30.3116;6.70728;-508.056;-3182.58;23672.8;771.772;246.595;306.264;0
270;9;0.619;30.5409;6.79068;-509.991;-3140;23508.6;765.075;246.096;306.157;0
271;0;0.62;30.7608;6.87344;-511.951;-3095.95;23339.6;758.581;245.589;306.047;0
271;1;0.621;30.9713;6.9556;-513.936;-3050.59;23165.8;752.27;245.075;305.936;0
271;2;0.622;31.172;7.03716;-515.944;-3004.06;22987.2;746.108;244.554;305.822;0
271;3;0.623;31.363;7.11809;-517.975;-2956.52;22803.5;740.057;244.024;305.708;0
271;4;0.624;31.5439;7.19835;-520.028;-2908.13;22614.9;734.066;243.488;305.592;0
271;5;0.625;31.7147;7.27786;-522.102;-2859.03;22421.1;728.082;242.944;305.476;0
271;6;0.626;31.8752;7.35653;-524.197;-2809.38;22222.3;722.041;242.393;305.359;0
271;7;0.627;32.0252;7.43423;-526.312;-2759.32;22018.3;715.876;241.835;305.243;0
271;8;0.628;32.1646;7.51081;-528.447;-2708.98;21809.2;709.516;241.27;305.126;0
271;9;0.629;32.2933;7.58611;-530.6;-2658.5;21594.9;702.886;240.699;305.01;0
272;0;0.63;32.4112;7.65993;-532.773;-2607.99;21375.5;695.907;240.121;304.895;0
272;1;0.631;32.5181;7.73206;-534.964;-2557.54;21150.9;688.5;239.537;304.781;0
272;2;0.632;32.6139;7.80227;-537.172;-2507.26;20921.1;680.586;238.947;304.668;0
272;3;0.633;32.6986;7.87033;-539.399;-2457.22;20686.3;672.082;238.351;304.556;0
272;4;0.634;32.772;7.93598;-541.643;-2407.48;20446.4;662.91;237.749;304.445;0
272;5;0.635;32.8342;7.99895;-543.905;-2358.09;20201.5;652.991;237.142;304.336;0
272;6;0.636;32.8849;8.05895;-546.184;-2309.08;19951.6;642.248;236.529;304.228;0
272;7;0.637;32.9241;8.11573;-548.48;-2260.46;19696.9;630.609;235.912;304.121;0
272;8;0.638;32.9519;8.16897;-550.793;-2212.25;19437.4;618.002;235.29;304.017;0
272;9;0.639;32.968;8.2184;-553.122;-2164.43;19173.1;604.363;234.663;303.913;0
273;0;0.64;32.9726;8.26373;-555.469;-2116.98;18904.2;589.63;234.033;303.811;0
273;1;0.641;32.9654;8.30467;-557.832;-2069.86;18630.8;573.747;233.399;303.711;0
273;2;0.642;32.9467;8.34094;-560.211;-2023.04;18353;556.663;232.761;303.611;0
273;3;0.643;32.9162;8.37225;-562.607;-1976.46;18070.8;538.332;232.12;303.513;0
273;4;0.644;32.8741;8.39835;-565.018;-1930.05;17784.5;518.717;231.476;303.416;0
273;5;0.645;32.8203;8.41895;-567.446;-1883.74;17494;497.784;230.829;303.32;0
273;6;0.646;32.7549;8.43383;-569.889;-1837.47;17199.7;475.506;230.181;303.224;0
273;7;0.647;32.678;8.44272;-572.347;-1791.16;16901.5;451.865;229.53;303.129;0
273;8;0.648;32.5895;8.44541;-574.82;-1744.72;16599.6;426.847;228.878;303.035;0
273;9;0.649;32.4896;8.44169;-577.308;-1698.07;16294.3;400.444;228.225;302.941;0
274;0;0.65;32.3784;8.43135;-579.81;-1651.13;15985.5;372.656;227.57;302.848;0
274;1;0.651;32.2561;8.41421;-582.325;-1603.82;15673.6;343.488;226.916;302.754;0
274;2;0.652;32.1228;8.3901;-584.854;-1556.05;15358.6;312.95;226.261;302.661;0
274;3;0.653;31.9788;8.35888;-587.396;-1507.76;15040.7;281.06;225.606;302.567;0
274;4;0.654;31.8243;8.32042;-589.951;-1458.86;14720.1;247.84;224.951;302.473;0
274;5;0.655;31.6596;8.27458;-592.517;-1409.28;14397;213.316;224.298;302.379;0
274;6;0.656;31.4851;8.22128;-595.094;-1358.96;14071.5;177.522;223.646;302.284;0
274;7;0.657;31.3011;8.16044;-597.681;-1307.83;13743.8;140.494;222.995;302.188;0
274;8;0.658;31.108;8.09198;-600.278;-1255.83;13414;102.273;222.346;302.092;0
274;9;0.659;30.9062;8.01586;-602.883;-1202.92;13082.4;62.906;221.7;301.995;0
275;0;0.66;30.6964;7.93204;-605.496;-1149.05;12749.1;22.4413;221.056;301.898;0
275;1;0.661;30.479;7.84051;-608.116;-1094.18;12414.2;-19.0675;220.414;301.799;0
275;2;0.662;30.2546;7.74126;-610.742;-1038.27;12078;-61.5639;219.776;301.7;0
275;3;0.663;30.0239;7.6343;-613.373;-981.29;11740.5;-104.988;219.141;301.6;0
275;4;0.664;29.7875;7.51966;-616.007;-923.219;11401.9;-149.278;218.509;301.499;0
275;5;0.665;29.5461;7.39738;-618.644;-864.037;11062.4;-194.368;217.882;301.397;0
275;6;0.666;29.3004;7.26752;-621.281;-803.729;10722.1;-240.192;217.258;301.294;0
275;7;0.667;29.0513;7.13015;-623.919;-742.282;10381.2;-286.68;216.639;301.19;0
275;8;0.668;28.7994;6.98536;-626.556;-679.691;10039.7;-333.761;216.024;301.085;0
275;9;0.669;28.5457;6.83324;-629.191;-615.951;9697.73;-381.366;215.413;300.979;0
276;0;0.67;28.2909;6.67392;-631.822;-551.061;9355.51;-429.421;214.807;300.872;0
276;1;0.671;28.0359;6.50752;-634.449;-485.021;9013.1;-477.855;214.206;300.764;0
276;2;0.672;27.7815;6.33421;-637.07;-417.835;8670.61;-526.596;213.61;300.656;0
276;3;0.673;27.5285;6.15415;-639.684;-349.506;8328.14;-575.572;213.019;300.546;0
276;4;0.674;27.2779;5.96753;-642.29;-280.04;7985.77;-624.713;212.433;300.436;0
276;5;0.675;27.0305;5.77456;-644.888;-209.443;7643.6;-673.95;211.853;300.325;0
276;6;0.676;26.7871;5.57547;-647.476;-137.721;7301.72;-723.216;211.277;300.213;0
276;7;0.677;26.5485;5.3705;-650.054;-64.8803;6960.2;-772.444;210.707;300.1;0
276;8;0.678;26.3155;5.15993;-652.621;9.07239;6619.11;-821.573;210.142;299.986;0
276;9;0.679;26.0889;4.94405;-655.176;84.1318;6278.52;-870.541;209.583;299.872;0
277;0;0.68;25.8694;4.72316;-657.72;160.293;5938.48;-919.29;209.029;299.756;0
277;1;0.681;25.6577;4.49761;-660.251;237.553;5599.05;-967.765;208.48;299.64;0
277;2;0.682;25.4546;4.26774;-662.77;315.91;5260.27;-1015.91;207.937;299.523;0
277;3;0.683;25.2605;4.03393;-665.277;395.362;4922.17;-1063.68;207.399;299.406;0
277;4;0.684;25.076;3.79658;-667.771;475.911;4584.79;-1111.03;206.866;299.287;0
277;5;0.685;24.9017;3.5561;-670.252;557.559;4248.12;-1157.92;206.338;299.168;0
277;6;0.686;24.7381;3.31293;-672.722;640.311;3912.19;-1204.29;205.815;299.048;0
277;7;0.687;24.5853;3.06753;-675.179;724.173;3576.98;-1250.12;205.298;298.927;0
277;8;0.688;24.4439;2.82038;-677.625;809.151;3242.48;-1295.37;204.785;298.806;0
277;9;0.689;24.314;2.57198;-680.059;895.256;2908.67;-1340;204.277;298.684;0
278;0;0.69;24.1958;2.32284;-682.484;982.497;2575.51;-1383.98;203.774;298.56;0
278;1;0.691;24.0893;2.07352;-684.898;1070.89;2242.95;-1427.28;203.275;298.436;0
278;2;0.692;23.9945;1.82455;-687.303;1160.43;1910.95;-1469.87;202.78;298.312;0
278;3;0.693;23.9114;1.57652;-689.7;1251.15;1579.42;-1511.72;202.29;298.186;0
278;4;0.694;23.8397;1.33001;-692.089;1343.05;1248.3;-1552.79;201.804;298.059;0
278;5;0.695;23.7792;1.08563;-694.472;1436.14;917.512;-1593.07;201.321;297.932;0
278;6;0.696;23.7294;0.843989;-696.849;1530.43;586.952;-1632.52;200.842;297.804;0
278;7;0.697;23.69;0.605709;-699.222;1625.91;256.525;-1671.12;200.367;297.675;0
278;8;0.698;23.6603;0.371416;-701.591;1722.6;-73.8758;-1708.84;199.895;297.545;0
278;9;0.699;23.6397;0.141742;-703.958;1820.48;-404.362;-1745.66;199.426;297.414;0
279;0;0.7;23.6274;-0.082685;-706.324;1919.56;-735.051;-1781.54;198.959;297.282;0
279;1;0.701;23.6227;-0.301238;-708.691;2019.8;-1066.06;-1816.46;198.496;297.15;0
279;2;0.702;23.6247;-0.513299;-711.058;2121.2;-1397.53;-1850.39;198.035;297.017;0
279;3;0.703;23.6322;-0.718261;-713.429;2223.73;-1729.58;-1883.32;197.576;296.883;0
279;4;0.704;23.6444;-0.915534;-715.803;2327.34;-2062.33;-1915.21;197.119;296.749;0
279;5;0.705;23.6601;-1.10454;-718.182;2432.01;-2395.93;-1946.04;196.664;296.614;0
279;6;0.706;23.6781;-1.28474;-720.569;2537.68;-2730.52;-1975.78;196.211;296.478;0
279;7;0.707;23.6972;-1.45561;-722.962;2644.31;-3066.21;-2004.41;195.759;296.342;0
279;8;0.708;23.7162;-1.61666;-725.365;2751.82;-3403.16;-2031.92;195.308;296.206;0
279;9;0.709;23.7337;-1.76743;-727.778;2860.15;-3741.49;-2058.27;194.859;296.07;0
280;0;0.71;23.7484;-1.90751;-730.202;2969.22;-4081.33;-2083.44;194.411;295.934;0
280;1;0.711;23.759;-2.03653;-732.638;3078.96;-4422.83;-2107.43;193.963;295.797;0
280;2;0.712;23.7641;-2.15416;-735.088;3189.28;-4766.1;-2130.2;193.516;295.661;0
280;3;0.713;23.7624;-2.26012;-737.552;3300.09;-5111.28;-2151.75;193.07;295.526;0
280;4;0.714;23.7525;-2.35418;-740.031;3411.28;-5458.49;-2172.06;192.624;295.39;0
280;5;0.715;23.7331;-2.43617;-742.526;3522.77;-5807.84;-2191.12;192.178;295.256;0
280;6;0.716;23.7028;-2.50597;-745.038;3634.44;-6159.46;-2208.92;191.733;295.122;0
280;7;0.717;23.6603;-2.56351;-747.568;3746.17;-6513.45;-2225.45;191.287;294.989;0
280;8;0.718;23.6044;-2.60877;-750.115;3857.87;-6869.92;-2240.71;190.842;294.857;0
280;9;0.719;23.5338;-2.6418;-752.682;3969.4;-7228.96;-2254.7;190.396;294.726;0
281;0;0.72;23.4473;-2.66268;-755.267;4080.66;-7590.67;-2267.41;189.95;294.597;0
281;1;0.721;23.3438;-2.67158;-757.872;4191.5;-7955.14;-2278.86;189.503;294.469;0
281;2;0.722;23.2221;-2.66869;-760.497;4301.81;-8322.44;-2289.04;189.057;294.343;0
281;3;0.723;23.0812;-2.65426;-763.142;4411.46;-8692.65;-2297.98;188.609;294.219;0
281;4;0.724;22.92;-2.62858;-765.807;4520.31;-9065.83;-2305.67;188.162;294.097;0
281;5;0.725;22.7376;-2.59199;-768.493;4628.22;-9442.04;-2312.14;187.714;293.978;0
281;6;0.726;22.5332;-2.54487;-771.2;4735.07;-9821.34;-2317.4;187.265;293.86;0
281;7;0.727;22.3058;-2.48764;-773.927;4840.72;-10203.8;-2321.47;186.816;293.745;0
281;8;0.728;22.0547;-2.42075;-776.675;4945.02;-10589.4;-2324.38;186.366;293.633;0
281;9;0.729;21.7791;-2.34467;-779.444;5047.85;-10978.2;-2326.14;185.915;293.524;0
282;0;0.73;21.4785;-2.25991;-782.233;5149.06;-11370.2;-2326.77;185.464;293.417;0
282;1;0.731;21.1521;-2.16699;-785.043;5248.54;-11765.5;-2326.31;185.013;293.314;0
282;2;0.732;20.7996;-2.06644;-787.872;5346.14;-12164;-2324.78;184.561;293.214;0
282;3;0.733;20.4205;-1.95884;-790.721;5441.76;-12565.9;-2322.19;184.108;293.118;0
282;4;0.734;20.0143;-1.84474;-793.588;5535.25;-12971;-2318.57;183.655;293.025;0
282;5;0.735;19.5807;-1.72471;-796.475;5626.52;-13379.4;-2313.95;183.202;292.936;0
282;6;0.736;19.1196;-1.59933;-799.379;5715.45;-13791.1;-2308.35;182.748;292.85;0
282;7;0.737;18.6307;-1.46918;-802.301;5801.93;-14206;-2301.78;182.293;292.768;0
282;8;0.738;18.1139;-1.33482;-805.239;5885.88;-14624.2;-2294.26;181.839;292.691;0
282;9;0.739;17.5693;-1.19683;-808.193;5967.19;-15045.7;-2285.82;181.384;292.617;0
283;0;0.74;16.9968;-1.05577;-811.162;6045.79;-15470.4;-2276.46;180.928;292.547;0
283;1;0.741;16.3967;-0.912184;-814.145;6121.6;-15898.3;-2266.2;180.472;292.481;0
283;2;0.742;15.769;-0.766623;-817.14;6194.54;-16329.4;-2255.06;180.016;292.419;0
283;3;0.743;15.114;-0.619611;-820.147;6264.55;-16763.6;-2243.05;179.56;292.362;0
283;4;0.744;14.4321;-0.471663;-823.164;6331.57;-17200.9;-2230.17;179.104;292.308;0
283;5;0.745;13.7237;-0.323277;-826.19;6395.56;-17641.3;-2216.45;178.647;292.259;0
283;6;0.746;12.9892;-0.174936;-829.224;6456.46;-18084.7;-2201.87;178.191;292.214;0
283;7;0.747;12.2291;-0.027105;-832.265;6514.23;-18531;-2186.46;177.734;292.173;0
283;8;0.748;11.4442;0.119771;-835.31;6568.86;-18980.3;-2170.21;177.278;292.136;0
283;9;0.749;10.6349;0.265261;-838.358;6620.31;-19432.3;-2153.13;176.821;292.103;0
284;0;0.75;9.80207;0.408958;-841.409;6668.58;-19887.1;-2135.23;176.365;292.074;0
284;1;0.751;8.94647;0.55047;-844.459;6713.65;-20344.6;-2116.49;175.908;292.05;0
284;2;0.752;8.06892;0.689426;-847.509;6755.52;-20804.6;-2096.92;175.452;292.029;0
284;3;0.753;7.17031;0.825475;-850.555;6794.2;-21267.1;-2076.53;174.996;292.012;0
284;4;0.754;6.25157;0.958287;-853.597;6829.73;-21731.9;-2055.29;174.541;291.999;0
284;5;0.755;5.31369;1.08755;-856.633;6862.11;-22199;-2033.21;174.086;291.989;0
284;6;0.756;4.35771;1.21297;-859.661;6891.4;-22668.1;-2010.28;173.631;291.984;0
284;7;0.757;3.38468;1.33427;-862.681;6917.63;-23139.1;-1986.49;173.178;291.981;0
284;8;0.758;2.39574;1.45122;-865.689;6940.88;-23611.9;-1961.83;172.725;291.982;0
284;9;0.759;1.39203;1.56357;-868.685;6961.2;-24086.2;-1936.27;172.273;291.987;0
285;0;0.76;0.374743;1.67113;-871.667;6978.69;-24561.9;-1909.82;171.822;291.994;0
285;1;0.761;-0.654902;1.7737;-874.634;6993.44;-25038.9;-1882.44;171.372;292.004;0
285;2;0.762;-1.69565;1.87112;-877.584;7005.54;-25516.8;-1854.13;170.924;292.017;0
285;3;0.763;-2.74621;1.96325;-880.516;7015.13;-25995.5;-1824.85;170.477;292.033;0
285;4;0.764;-3.80529;2.04997;-883.428;7022.32;-26474.7;-1794.59;170.032;292.051;0
285;5;0.765;-4.87155;2.13119;-886.319;7027.25;-26954.1;-1763.32;169.589;292.071;0
285;6;0.766;-5.94364;2.20682;-889.189;7030.07;-27433.6;-1731.01;169.148;292.094;0
285;7;0.767;-7.02019;2.2768;-892.034;7030.95;-27912.9;-1697.64;168.709;292.118;0
285;8;0.768;-8.09982;2.3411;-894.855;7030.04;-28391.6;-1663.16;168.272;292.144;0
285;9;0.769;-9.18116;2.39969;-897.651;7027.51;-28869.5;-1627.56;167.839;292.171;0
286;0;0.77;-10.2628;2.45258;-900.419;7023.56;-29346.3;-1590.8;167.408;292.2;0
286;1;0.771;-11.3434;2.49978;-903.16;7018.36;-29821.6;-1552.85;166.981;292.229;0
286;2;0.772;-12.4215;2.54133;-905.871;7012.11;-30295.3;-1513.69;166.557;292.259;0
286;3;0.773;-13.4959;2.57727;-908.553;7005;-30766.9;-1473.28;166.136;292.29;0
286;4;0.774;-14.5652;2.60767;-911.205;6997.22;-31236.1;-1431.61;165.72;292.321;0
286;5;0.775;-15.6282;2.63263;-913.825;6988.98;-31702.6;-1388.65;165.308;292.352;0
286;6;0.776;-16.6835;2.65223;-916.412;6980.48;-32166;-1344.41;164.9;292.383;0
286;7;0.777;-17.7302;2.66661;-918.967;6971.89;-32626.1;-1298.86;164.497;292.413;0
286;8;0.778;-18.767;2.6759;-921.488;6963.43;-33082.4;-1252.03;164.099;292.443;0
286;9;0.779;-19.7929;2.68026;-923.974;6955.27;-33534.7;-1203.92;163.706;292.472;0
287;0;0.78;-20.8071;2.67985;-926.426;6947.59;-33982.6;-1154.56;163.319;292.501;0
287;1;0.781;-21.8088;2.67488;-928.841;6940.57;-34425.8;-1103.99;162.937;292.528;0
287;2;0.782;-22.7971;2.66554;-931.221;6934.37;-34864;-1052.25;162.561;292.553;0
287;3;0.783;-23.7716;2.65207;-933.563;6929.12;-35296.9;-999.412;162.191;292.578;0
287;4;0.784;-24.7316;2.6347;-935.867;6924.98;-35724.1;-945.545;161.828;292.6;0
287;5;0.785;-25.677;2.61369;-938.132;6922.05;-36145.4;-890.734;161.471;292.621;0
287;6;0.786;-26.6073;2.58931;-940.358;6920.44;-36560.6;-835.074;161.121;292.641;0
287;7;0.787;-27.5224;2.56186;-942.544;6920.24;-36969.2;-778.669;160.777;292.658;0
287;8;0.788;-28.4224;2.53163;-944.688;6921.51;-37371.2;-721.634;160.441;292.673;0
287;9;0.789;-29.3072;2.49895;-946.791;6924.29;-37766.2;-664.087;160.111;292.687;0
288;0;0.79;-30.177;2.46414;-948.85;6928.62;-38154.1;-606.155;159.789;292.698;0
288;1;0.791;-31.032;2.42755;-950.866;6934.48;-38534.7;-547.965;159.474;292.707;0
288;2;0.792;-31.8726;2.38953;-952.836;6941.87;-38907.8;-489.645;159.166;292.715;0
288;3;0.793;-32.6992;2.35045;-954.759;6950.75;-39273.1;-431.326;158.866;292.72;0
288;4;0.794;-33.512;2.3107;-956.635;6961.05;-39630.7;-373.134;158.573;292.723;0
288;5;0.795;-34.3117;2.27066;-958.463;6972.71;-39980.3;-315.192;158.287;292.725;0
288;6;0.796;-35.0987;2.23072;-960.24;6985.63;-40321.8;-257.619;158.009;292.725;0
288;7;0.797;-35.8736;2.19129;-961.965;6999.68;-40655.2;-200.526;157.737;292.724;0
288;8;0.798;-36.637;2.15279;-963.638;7014.76;-40980.4;-144.021;157.473;292.721;0
288;9;0.799;-37.3893;2.11562;-965.257;7030.71;-41297.3;-88.1994;157.216;292.716;0
289;0;0.8;-38.1313;2.08022;-966.821;7047.4;-41605.9;-33.1518;156.966;292.711;0
289;1;0.801;-38.8636;2.047;-968.327;7064.65;-41906.2;21.041;156.723;292.704;0
289;2;0.802;-39.5868;2.01641;-969.776;7082.3;-42198.1;74.3064;156.487;292.697;0
289;3;0.803;-40.3016;1.98887;-971.165;7100.19;-42481.7;126.581;156.257;292.689;0
289;4;0.804;-41.0086;1.96483;-972.494;7118.13;-42757;177.808;156.034;292.681;0
289;5;0.805;-41.7086;1.94472;-973.761;7135.96;-43024;227.94;155.817;292.672;0
289;6;0.806;-42.4022;1.92898;-974.965;7153.51;-43282.8;276.936;155.606;292.663;0
289;7;0.807;-43.0901;1.91804;-976.105;7170.61;-43533.3;324.763;155.401;292.654;0
289;8;0.808;-43.7731;1.91235;-977.181;7187.09;-43775.8;371.392;155.202;292.645;0
289;9;0.809;-44.4519;1.91234;-978.191;7202.8;-44010.3;416.801;155.008;292.637;0
290;0;0.81;-45.1271;1.91843;-979.135;7217.59;-44236.9;460.968;154.82;292.629;0
290;1;0.811;-45.7996;1.93103;-980.013;7231.33;-44455.6;503.879;154.638;292.621;0
290;2;0.812;-46.47;1.95056;-980.822;7243.87;-44666.7;545.517;154.46;292.615;0
290;3;0.813;-47.139;1.97741;-981.565;7255.11;-44870.2;585.87;154.287;292.609;0
290;4;0.814;-47.8074;2.01195;-982.239;7264.94;-45066.3;624.924;154.119;292.604;0
290;5;0.815;-48.4757;2.05453;-982.845;7273.26;-45255.1;662.664;153.955;292.6;0
290;6;0.816;-49.1445;2.1055;-983.383;7279.99;-45436.7;699.076;153.796;292.597;0
290;7;0.817;-49.8145;2.16515;-983.854;7285.06;-45611.4;734.143;153.64;292.595;0
290;8;0.818;-50.4862;2.23376;-984.256;7288.41;-45779.2;767.847;153.489;292.595;0
290;9;0.819;-51.1601;2.31158;-984.592;7290.01;-45940.3;800.169;153.341;292.596;0
291;0;0.82;-51.8365;2.39883;-984.861;7289.83;-46095;831.087;153.196;292.598;0
291;1;0.821;-52.516;2.49568;-985.064;7287.85;-46243.2;860.58;153.056;292.602;0
291;2;0.822;-53.1987;2.60226;-985.201;7284.07;-46385.3;888.625;152.918;292.607;0
291;3;0.823;-53.885;2.71868;-985.274;7278.5;-46521.4;915.2;152.783;292.613;0
291;4;0.824;-54.575;2.845;-985.284;7271.18;-46651.6;940.283;152.652;292.62;0
291;5;0.825;-55.2689;2.98124;-985.231;7262.12;-46776.2;963.854;152.523;292.629;0
291;6;0.826;-55.9667;3.12737;-985.118;7251.4;-46895.2;985.894;152.396;292.639;0
291;7;0.827;-56.6685;3.28334;-984.944;7239.06;-47008.9;1006.39;152.273;292.65;0
291;8;0.828;-57.374;3.44905;-984.713;7225.19;-47117.3;1025.33;152.151;292.663;0
291;9;0.829;-58.0833;3.62436;-984.424;7209.86;-47220.8;1042.71;152.032;292.676;0
292;0;0.83;-58.7961;3.80908;-984.081;7193.17;-47319.3;1058.52;151.915;292.69;0
292;1;0.831;-59.5121;4.00302;-983.684;7175.22;-47413.1;1072.78;151.8;292.706;0
292;2;0.832;-60.2312;4.20593;-983.237;7156.13;-47502.4;1085.48;151.688;292.722;0
292;3;0.833;-60.9528;4.41752;-982.739;7136.01;-47587.2;1096.66;151.577;292.739;0
292;4;0.834;-61.6766;4.6375;-982.195;7114.99;-47667.8;1106.34;151.468;292.756;0
292;5;0.835;-62.4021;4.86553;-981.605;7093.2;-47744.2;1114.54;151.361;292.774;0
292;6;0.836;-63.1289;5.10125;-980.972;7070.76;-47816.6;1121.31;151.256;292.792;0
292;7;0.837;-63.8564;5.34428;-980.299;7047.83;-47885.2;1126.69;151.152;292.811;0
292;8;0.838;-64.5842;5.59421;-979.588;7024.53;-47950;1130.74;151.051;292.829;0
292;9;0.839;-65.3115;5.85062;-978.841;7001.02;-48011.3;1133.5;150.951;292.848;0
293;0;0.84;-66.0379;6.11306;-978.06;6977.43;-48069.1;1135.05;150.853;292.866;0
293;1;0.841;-66.7626;6.38107;-977.249;6953.9;-48123.5;1135.44;150.756;292.884;0
293;2;0.842;-67.4852;6.6542;-976.411;6930.59;-48174.8;1134.75;150.661;292.902;0
293;3;0.843;-68.205;6.93195;-975.547;6907.63;-48223;1133.04;150.568;292.919;0
293;4;0.844;-68.9213;7.21383;-974.66;6885.16;-48268.2;1130.39;150.477;292.936;0
293;5;0.845;-69.6336;7.49935;-973.753;6863.32;-48310.5;1126.88;150.387;292.952;0
293;6;0.846;-70.3412;7.78798;-972.829;6842.24;-48350.2;1122.58;150.299;292.967;0
293;7;0.847;-71.0435;8.07923;-971.891;6822.06;-48387.2;1117.55;150.213;292.981;0
293;8;0.848;-71.74;8.37256;-970.94;6802.9;-48421.8;1111.88;150.129;292.994;0
293;9;0.849;-72.43;8.66747;-969.981;6784.89;-48453.9;1105.64;150.047;293.005;0
294;0;0.85;-73.1131;8.96344;-969.015;6768.14;-48483.8;1098.88;149.966;293.015;0
294;1;0.851;-73.7886;9.25993;-968.046;6752.76;-48511.5;1091.68;149.887;293.024;0
294;2;0.852;-74.4561;9.55644;-967.075;6738.87;-48537.2;1084.09;149.81;293.032;0
294;3;0.853;-75.115;9.85245;-966.106;6726.56;-48560.9;1076.18;149.735;293.037;0
294;4;0.854;-75.7649;10.1475;-965.141;6715.93;-48582.8;1068;149.662;293.042;0
294;5;0.855;-76.4052;10.4409;-964.183;6707.08;-48602.9;1059.59;149.592;293.044;0
294;6;0.856;-77.0357;10.7324;-963.233;6700.07;-48621.4;1051.02;149.523;293.044;0
294;7;0.857;-77.6557;11.0214;-962.295;6694.99;-48638.3;1042.31;149.456;293.043;0
294;8;0.858;-78.2651;11.3074;-961.37;6691.91;-48653.8;1033.51;149.391;293.039;0
294;9;0.859;-78.8633;11.5899;-960.462;6690.88;-48667.9;1024.67;149.329;293.034;0
295;0;0.86;-79.45;11.8686;-959.571;6691.95;-48680.7;1015.8;149.268;293.026;0
295;1;0.861;-80.0248;12.1429;-958.701;6695.17;-48692.4;1006.95;149.21;293.016;0
295;2;0.862;-80.5876;12.4125;-957.853;6700.58;-48702.9;998.152;149.154;293.005;0
295;3;0.863;-81.1379;12.677;-957.029;6708.19;-48712.4;989.42;149.1;292.991;0
295;4;0.864;-81.6756;12.9359;-956.23;6718.04;-48721;980.782;149.049;292.974;0
295;5;0.865;-82.2003;13.1889;-955.46;6730.13;-48728.6;972.258;149;292.956;0
295;6;0.866;-82.7119;13.4356;-954.718;6744.47;-48735.6;963.864;148.953;292.936;0
295;7;0.867;-83.2101;13.6758;-954.007;6761.05;-48741.7;955.614;148.908;292.913;0
295;8;0.868;-83.6949;13.909;-953.329;6779.86;-48747.3;947.518;148.866;292.888;0
295;9;0.869;-84.166;14.135;-952.683;6800.9;-48752.2;939.582;148.826;292.861;0
296;0;0.87;-84.6233;14.3536;-952.073;6824.13;-48756.7;931.809;148.789;292.832;0
296;1;0.871;-85.0668;14.5644;-951.497;6849.52;-48760.7;924.197;148.754;292.801;0
296;2;0.872;-85.4963;14.7673;-950.959;6877.06;-48764.3;916.741;148.721;292.768;0
296;3;0.873;-85.9119;14.9619;-950.457;6906.7;-48767.6;909.432;148.69;292.733;0
296;4;0.874;-86.3134;15.148;-949.993;6938.4;-48770.6;902.256;148.662;292.696;0
296;5;0.875;-86.701;15.3256;-949.568;6972.13;-48773.5;895.196;148.636;292.658;0
296;6;0.876;-87.0748;15.4943;-949.182;7007.83;-48776.1;888.228;148.612;292.617;0
296;7;0.877;-87.4346;15.654;-948.834;7045.48;-48778.7;881.327;148.591;292.575;0
296;8;0.878;-87.7807;15.8044;-948.526;7085.03;-48781.1;874.462;148.572;292.531;0
296;9;0.879;-88.1132;15.9455;-948.256;7126.43;-48783.5;867.6;148.554;292.485;0
297;0;0.88;-88.4322;16.077;-948.025;7169.65;-48785.9;860.702;148.539;292.437;0
297;1;0.881;-88.738;16.1988;-947.833;7214.66;-48788.3;853.726;148.526;292.388;0
297;2;0.882;-89.0306;16.3107;-947.677;7261.42;-48790.7;846.628;148.515;292.338;0
297;3;0.883;-89.3105;16.4124;-947.559;7309.91;-48793.2;839.361;148.506;292.286;0
297;4;0.884;-89.5778;16.5039;-947.477;7360.11;-48795.7;831.874;148.499;292.232;0
297;5;0.885;-89.8328;16.5849;-947.428;7412;-48798.2;824.116;148.494;292.177;0
297;6;0.886;-90.0758;16.6552;-947.414;7465.58;-48800.8;816.034;148.491;292.12;0
297;7;0.887;-90.3072;16.7146;-947.43;7520.84;-48803.3;807.574;148.489;292.062;0
297;8;0.888;-90.5274;16.7629;-947.476;7577.79;-48805.9;798.682;148.489;292.002;0
297;9;0.889;-90.7365;16.7997;-947.55;7636.44;-48808.3;789.304;148.49;291.941;0
298;0;0.89;-90.9352;16.825;-947.649;7696.82;-48810.7;779.389;148.493;291.878;0
298;1;0.891;-91.1237;16.8383;-947.771;7758.95;-48812.9;768.884;148.497;291.814;0
298;2;0.892;-91.3026;16.8394;-947.913;7822.88;-48814.9;757.742;148.503;291.747;0
298;3;0.893;-91.4721;16.828;-948.072;7888.64;-48816.6;745.916;148.51;291.679;0
298;4;0.894;-91.6328;16.8037;-948.245;7956.31;-48817.9;733.363;148.518;291.609;0
298;5;0.895;-91.7851;16.7664;-948.429;8025.92;-48818.7;720.043;148.527;291.538;0
298;6;0.896;-91.9294;16.7155;-948.619;8097.57;-48819;705.919;148.537;291.464;0
298;7;0.897;-92.0663;16.6509;-948.811;8171.32;-48818.6;690.96;148.548;291.388;0
298;8;0.898;-92.1961;16.572;-949.003;8247.27;-48817.4;675.135;148.559;291.31;0
298;9;0.899;-92.3193;16.4787;-949.188;8325.51;-48815.3;658.42;148.572;291.229;0
299;0;0.9;-92.4365;16.3705;-949.364;8406.15;-48812.1;640.792;148.584;291.146;0
299;1;0.901;-92.5479;16.2471;-949.524;8489.29;-48807.7;622.232;148.598;291.059;0
299;2;0.902;-92.654;16.1082;-949.663;8575.08;-48801.8;602.725;148.611;290.97;0
299;3;0.903;-92.7553;15.9534;-949.777;8663.63;-48794.4;582.258;148.625;290.878;0
299;4;0.904;-92.852;15.7825;-949.86;8755.07;-48785.3;560.818;148.639;290.783;0
299;5;0.905;-92.9446;15.5951;-949.905;8849.56;-48774.2;538.399;148.654;290.684;0
299;6;0.906;-93.0334;15.3909;-949.908;8947.24;-48760.9;514.993;148.668;290.581;0
299;7;0.907;-93.1187;15.1698;-949.861;9048.27;-48745.3;490.595;148.682;290.474;0
299;8;0.908;-93.2006;14.9316;-949.759;9152.79;-48727.1;465.201;148.695;290.363;0
299;9;0.909;-93.2794;14.676;-949.595;9260.97;-48706;438.807;148.709;290.247;0
300;0;0.91;-93.3552;14.403;-949.361;9372.98;-48681.8;411.413;148.722;290.127;0
300;1;0.911;-93.4282;14.1124;-949.051;9488.97;-48654.2;383.016;148.734;290.002;0
300;2;0.912;-93.4982;13.8044;-948.659;9609.1;-48623;353.616;148.746;289.871;0
300;3;0.913;-93.5654;13.4787;-948.175;9733.53;-48587.9;323.213;148.756;289.734;0
300;4;0.914;-93.6295;13.1356;-947.594;9862.43;-48548.6;291.807;148.766;289.592;0
300;5;0.915;-93.6904;12.7752;-946.907;9995.94;-48504.8;259.398;148.776;289.444;0
300;6;0.916;-93.7478;12.3977;-946.106;10134.2;-48456.2;225.987;148.784;289.288;0
300;7;0.917;-93.8014;12.0034;-945.184;10277.4;-48402.5;191.574;148.79;289.127;0
300;8;0.918;-93.8507;11.5924;-944.132;10425.6;-48343.3;156.161;148.796;288.957;0
300;9;0.919;-93.8952;11.1654;-942.943;10579.1;-48278.3;119.748;148.8;288.781;0
301;0;0.92;-93.9343;10.7227;-941.608;10737.7;-48207.2;82.3345;148.803;288.596;0
301;1;0.921;-93.9673;10.2647;-940.118;10901.8;-48129.7;43.922;148.805;288.404;0
301;2;0.922;-93.9934;9.79225;-938.466;11071.4;-48045.3;4.51007;148.804;288.203;0
301;3;0.923;-94.0117;9.30584;-936.642;11246.5;-47953.8;-35.9013;148.802;287.993;0
301;4;0.924;-94.0213;8.80623;-934.638;11427.3;-47854.7;-77.3123;148.799;287.774;0
301;5;0.925;-94.021;8.29421;-932.447;11613.7;-47747.7;-119.723;148.793;287.545;0
301;6;0.926;-94.0097;7.77063;-930.058;11805.8;-47632.4;-163.134;148.786;287.306;0
301;7;0.927;-93.986;7.2364;-927.463;12003.5;-47508.5;-207.545;148.776;287.058;0
301;8;0.928;-93.9486;6.69249;-924.655;12206.9;-47375.5;-252.955;148.764;286.798;0
301;9;0.929;-93.896;6.13995;-921.624;12415.9;-47233.1;-299.362;148.75;286.528;0
302;0;0.93;-93.8267;5.57984;-918.361;12630.5;-47080.8;-346.763;148.734;286.247;0
302;1;0.931;-93.739;5.01333;-914.859;12850.5;-46918.4;-395.153;148.715;285.954;0
302;2;0.932;-93.6312;4.44159;-911.109;13075.7;-46745.3;-444.525;148.694;285.649;0
302;3;0.933;-93.5014;3.86585;-907.104;13306.2;-46561.1;-494.869;148.671;285.331;0
302;4;0.934;-93.3477;3.2874;-902.834;13541.5;-46365.6;-546.172;148.644;285.001;0
302;5;0.935;-93.1683;2.70754;-898.292;13781.6;-46158.2;-598.416;148.616;284.658;0
302;6;0.936;-92.961;2.12764;-893.47;14026.2;-45938.6;-651.581;148.584;284.301;0
302;7;0.937;-92.7238;1.54905;-888.362;14274.9;-45706.4;-705.64;148.55;283.931;0
302;8;0.938;-92.4547;0.973192;-882.959;14527.5;-45461.2;-760.562;148.513;283.547;0
302;9;0.939;-92.1513;0.40148;-877.255;14783.6;-45202.6;-816.309;148.473;283.148;0
303;0;0.94;-91.8117;-0.164644;-871.243;15042.7;-44930.2;-872.837;148.43;282.734;0
303;1;0.941;-91.4337;-0.723734;-864.917;15304.4;-44643.6;-930.095;148.384;282.305;0
303;2;0.942;-91.015;-1.27433;-858.271;15568.3;-44342.5;-988.025;148.335;281.861;0
303;3;0.943;-90.5536;-1.81499;-851.299;15833.8;-44026.6;-1046.56;148.283;281.4;0
303;4;0.944;-90.0475;-2.34425;-843.997;16100.3;-43695.4;-1105.62;148.228;280.924;0
303;5;0.945;-89.4944;-2.86068;-836.359;16367.3;-43348.6;-1165.14;148.17;280.43;0
303;6;0.946;-88.8925;-3.36285;-828.383;16634;-42986;-1225;148.109;279.92;0
303;7;0.947;-88.24;-3.84937;-820.063;16899.7;-42607.2;-1285.12;148.044;279.392;0
303;8;0.948;-87.5349;-4.31885;-811.398;17163.8;-42211.9;-1345.38;147.976;278.847;0
303;9;0.949;-86.7757;-4.76996;-802.384;17425.4;-41800;-1405.66;147.905;278.283;0
304;0;0.95;-85.9608;-5.20139;-793.02;17683.7;-41371.1;-1465.83;147.831;277.701;0
304;1;0.951;-85.0888;-5.6119;-783.306;17937.8;-40925;-1525.75;147.753;277.1;0
304;2;0.952;-84.1586;-6.00026;-773.241;18186.9;-40461.6;-1585.27;147.673;276.48;0
304;3;0.953;-83.169;-6.36535;-762.825;18429.9;-39980.8;-1644.24;147.589;275.84;0
304;4;0.954;-82.1193;-6.70606;-752.059;18665.9;-39482.3;-1702.49;147.501;275.18;0
304;5;0.955;-81.0088;-7.0214;-740.947;18893.9;-38966.2;-1759.84;147.41;274.5;0
304;6;0.956;-79.8371;-7.31043;-729.491;19112.9;-38432.3;-1816.13;147.316;273.8;0
304;7;0.957;-78.604;-7.5723;-717.695;19321.7;-37880.7;-1871.16;147.219;273.078;0
304;8;0.958;-77.3096;-7.80625;-705.564;19519.3;-37311.4;-1924.74;147.118;272.335;0
304;9;0.959;-75.9542;-8.01165;-693.103;19704.6;-36724.4;-1976.68;147.015;271.57;0
305;0;0.96;-74.5385;-8.18793;-680.321;19876.5;-36119.9;-2026.79;146.908;270.784;0
305;1;0.961;-73.0631;-8.33467;-667.224;20033.8;-35498.1;-2074.85;146.797;269.974;0
305;2;0.962;-71.5293;-8.45156;-653.823;20175.5;-34859.2;-2120.68;146.684;269.142;0
305;3;0.963;-69.9385;-8.53843;-640.125;20300.5;-34203.4;-2164.07;146.568;268.287;0
305;4;0.964;-68.2923;-8.59523;-626.145;20407.6;-33531;-2204.81;146.448;267.407;0
305;5;0.965;-66.5927;-8.62207;-611.892;20496;-32842.5;-2242.72;146.326;266.504;0
305;6;0.966;-64.8419;-8.61918;-597.381;20564.4;-32138.2;-2277.6;146.201;265.576;0
305;7;0.967;-63.0425;-8.58697;-582.626;20612;-31418.8;-2309.25;146.074;264.622;0
305;8;0.968;-61.1973;-8.52597;-567.643;20637.9;-30684.7;-2337.49;145.944;263.643;0
305;9;0.969;-59.3094;-8.43688;-552.448;20641.2;-29936.5;-2362.15;145.811;262.637;0
306;0;0.97;-57.3821;-8.32055;-537.059;20621.1;-29175.1;-2383.04;145.676;261.604;0
306;1;0.971;-55.4191;-8.17798;-521.495;20576.8;-28401;-2400.02;145.539;260.543;0
306;2;0.972;-53.4242;-8.0103;-505.776;20507.8;-27615.3;-2412.92;145.4;259.453;0
306;3;0.973;-51.4016;-7.81879;-489.921;20413.5;-26818.7;-2421.6;145.259;258.333;0
306;4;0.974;-49.3556;-7.60486;-473.954;20293.5;-26012.4;-2425.94;145.116;257.183;0
306;5;0.975;-47.2909;-7.37005;-457.897;20147.3;-25197.3;-2425.82;144.972;256;0
306;6;0.976;-45.2122;-7.11598;-441.774;19974.8;-24374.5;-2421.15;144.826;254.785;0
306;7;0.977;-43.1246;-6.8444;-425.608;19775.7;-23545.3;-2411.83;144.678;253.535;0
306;8;0.978;-41.0332;-6.55713;-409.425;19550.2;-22711;-2397.82;144.53;252.25;0
306;9;0.979;-38.9432;-6.25607;-393.251;19298.2;-21872.8;-2379.06;144.38;250.927;0
307;0;0.98;-36.8601;-5.94317;-377.112;19020;-21032.2;-2355.56;144.228;249.564;0
307;1;0.981;-34.7893;-5.62042;-361.034;18715.9;-20190.6;-2327.31;144.076;248.16;0
307;2;0.982;-32.7365;-5.28984;-345.047;18386.4;-19349.4;-2294.35;143.922;246.713;0
307;3;0.983;-30.707;-4.95345;-329.175;18032.1;-18510.4;-2256.76;143.767;245.221;0
307;4;0.984;-28.7065;-4.61327;-313.449;17653.7;-17674.9;-2214.64;143.611;243.679;0
307;5;0.985;-26.7402;-4.27131;-297.893;17252.2;-16844.7;-2168.12;143.454;242.086;0
307;6;0.986;-24.8135;-3.92951;-282.538;16828.6;-16021.3;-2117.36;143.295;240.438;0
307;7;0.987;-22.9315;-3.58979;-267.408;16384.1;-15206.4;-2062.59;143.134;238.73;0
307;8;0.988;-21.0989;-3.25398;-252.531;15919.8;-14401.5;-2004.02;142.971;236.959;0
307;9;0.989;-19.3205;-2.92384;-237.932;15437.4;-13608.3;-1941.95;142.806;235.118;0
308;0;0.99;-17.6004;-2.60105;-223.637;14938.3;-12828.3;-1876.67;142.638;233.203;0
308;1;0.991;-15.9426;-2.28714;-209.668;14424.3;-12063.1;-1808.51;142.466;231.204;0
308;2;0.992;-14.3505;-1.98355;-196.05;13897;-11314;-1737.86;142.29;229.115;0
308;3;0.993;-12.8271;-1.69159;-182.802;13358.6;-10582.6;-1665.07;142.109;226.923;0
308;4;0.994;-11.3749;-1.41242;-169.945;12810.8;-9869.99;-1590.57;141.922;224.618;0
308;5;0.995;-9.99604;-1.14703;-157.496;12255.7;-9177.54;-1514.75;141.728;222.184;0
308;6;0.996;-8.69198;-0.896283;-145.471;11695.5;-8506.33;-1438.05;141.526;219.602;0
308;7;0.997;-7.46372;-0.660851;-133.885;11132.3;-7857.38;-1360.86;141.313;216.852;0
308;8;0.998;-6.31171;-0.441246;-122.75;10568.2;-7231.58;-1283.61;141.087;213.905;0
308;9;0.999;-5.23594;-0.237812;-112.076;10005.2;-6629.71;-1206.69;140.846;210.728;0
309;0;1;-4.23586;-0.050723;-101.871;9445.56;-6052.42;-1130.47;140.587;207.279;0
309;1;1.001;-3.3105;0.120009;-92.1399;8891.2;-5500.22;-1055.3;140.306;203.503;0
309;2;1.002;-2.45845;0.274523;-82.8871;8344.08;-4973.52;-981.523;139.996;199.332;0
309;3;1.003;-1.67792;0.413099;-74.1138;7806.05;-4472.58;-909.421;139.653;194.675;0
309;4;1.004;-0.96678;0.536146;-65.8193;7278.85;-3997.52;-839.263;139.265;189.412;0
309;5;1.005;-0.322616;0.644182;-58.001;6764.06;-3548.36;-771.28;138.822;183.38;0
309;6;1.006;0.257238;0.737822;-50.6541;6263.16;-3125;-705.669;138.307;176.354;0
309;7;1.007;0.775644;0.817755;-43.7723;5777.46;-2727.2;-642.595;137.696;168.011;0
309;8;1.008;1.23562;0.884733;-37.3473;5308.09;-2354.64;-582.193;136.953;157.872;0
309;9;1.009;1.64028;0.939551;-31.3693;4856.05;-2006.88;-524.565;136.024;145.197;0
310;0;1.01;1.99283;0.983034;-25.8271;4422.16;-1683.4;-469.784;134.821;128.778;0
310;1;1.011;2.29649;1.01602;-20.7083;4007.09;-1383.59;-417.899;133.186;106.498;0
310;2;1.012;2.5545;1.03936;-15.9991;3611.35;-1106.78;-368.932;130.822;74.2775;0
310;3;1.013;2.77006;1.05388;-11.6849;3235.28;-852.227;-322.885;127.066;23.1237;0
310;4;1.014;2.94632;1.0604;-7.75046;2879.11;-619.128;-279.737;120.117;-71.4754;0
310;5;1.015;3.08637;1.05973;-4.17957;2542.9;-406.641;-239.452;102.707;-308.411;0
310;6;1.016;3.19321;1.05264;-0.955691;2226.61;-213.89;-201.977;200;300;0
310;7;1.017;3.26971;1.03985;1.93813;1930.08;-39.9652;-167.246;200;300;0
310;8;1.018;3.31867;1.02206;4.51907;1653.05;116.059;-135.182;200;300;0
310;9;1.019;3.34272;0.999927;6.80441;1395.15;255.121;-105.699;200;300;0
311;0;1.02;3.3444;0.974072;8.81142;1155.94;378.167;-78.7025;200;300;0
311;1;1.021;3.3261;0.945062;10.5573;934.922;486.138;-54.0915;200;300;0
311;2;1.022;3.29007;0.913429;12.0589;731.513;579.973;-31.7614;200;300;0
311;3;1.023;3.23844;0.87966;13.3329;545.095;660.593;-11.604;200;300;0
311;4;1.024;3.17318;0.844203;14.3957;375.004;728.907;6.49121;200;300;0
311;5;1.025;3.09615;0.807465;15.2631;220.548;785.801;22.6354;200;300;0
311;6;1.026;3.00907;0.769816;15.9504;81.0043;832.137;36.9403;200;300;0
311;7;1.027;2.91354;0.731588;16.4726;-44.361;868.752;49.5165;200;300;0
311;8;1.028;2.81102;0.69308;16.8437;-156.294;896.45;60.4736;200;300;0
311;9;1.029;2.70288;0.65456;17.0777;-255.545;916.006;69.9191;200;300;0
312;0;1.03;2.59034;0.616263;17.1874;-342.862;928.162;77.958;200;300;0
312;1;1.031;2.47454;0.578397;17.1853;-418.986;933.624;84.6926;200;300;0
312;2;1.032;2.3565;0.541144;17.0831;-484.649;933.065;90.2219;200;300;0
312;3;1.033;2.23717;0.504661;16.8921;-540.567;927.122;94.6415;200;300;0
312;4;1.034;2.11736;0.469082;16.6227;-587.439;916.397;98.043;200;300;0
312;5;1.035;1.99784;0.434523;16.2846;-625.945;901.456;100.515;200;300;0
312;6;1.036;1.87927;0.401077;15.8872;-656.743;882.831;102.141;200;300;0
312;7;1.037;1.76224;0.368824;15.4389;-680.465;861.018;103.001;200;300;0
312;8;1.038;1.64727;0.337825;14.9478;-697.72;836.482;103.171;200;300;0
312;9;1.039;1.53482;0.308128;14.4212;-709.09;809.651;102.723;200;300;0
313;0;1.04;1.42526;0.279769;13.866;-715.13;780.924;101.725;200;300;0
313;1;1.041;1.31893;0.25277;13.2883;-716.366;750.668;100.241;200;300;0
313;2;1.042;1.2161;0.227145;12.694;-713.298;719.222;98.33;200;300;0
313;3;1.043;1.11701;0.202897;12.0882;-706.399;686.892;96.0488;200;300;0
313;4;1.044;1.02184;0.180021;11.4757;-696.113;653.961;93.4495;200;300;0
313;5;1.045;0.93072;0.158504;10.8607;-682.856;620.683;90.5804;200;300;0
313;6;1.046;0.843759;0.138329;10.2472;-667.019;587.289;87.4867;200;300;0
313;7;1.047;0.761023;0.11947;9.6384;-648.966;553.985;84.2098;200;300;0
313;8;1.048;0.682547;0.101898;9.03749;-629.035;520.956;80.7879;200;300;0
313;9;1.049;0.608339;0.085579;8.4471;-607.54;488.365;77.2561;200;300;0
314;0;1.05;0.538382;0.070476;7.86956;-584.77;456.355;73.6464;200;300;0
314;1;1.051;0.472634;0.056549;7.30687;-560.991;425.051;69.9879;200;300;0
314;2;1.052;0.411036;0.043754;6.76076;-536.449;394.561;66.3068;200;300;0
314;3;1.053;0.35351;0.032047;6.23264;-511.365;364.978;62.6269;200;300;0
314;4;1.054;0.299961;0.021381;5.72371;-485.942;336.376;58.9693;200;300;0
314;5;1.055;0.250284;0.011709;5.23491;-460.364;308.821;55.3529;200;300;0
314;6;1.056;0.204361;0.002982;4.76695;-434.795;282.361;51.7944;200;300;0
314;7;1.057;0.162064;-0.004847;4.32038;-409.383;257.036;48.3082;200;300;0
314;8;1.058;0.12326;-0.011828;3.89555;-384.259;232.874;44.9071;200;300;0
314;9;1.059;0.087807;-0.018009;3.49264;-359.537;209.892;41.6018;200;300;0
315;0;1.06;0.05556;-0.023438;3.11168;-335.321;188.102;38.4014;200;300;0
315;1;1.061;0.02637;-0.028162;2.7526;-311.696;167.503;35.3135;200;300;0
315;2;1.062;0.000086;-0.032228;2.41518;-288.739;148.092;32.3443;200;300;0
315;3;1.063;-0.023444;-0.035681;2.09911;-266.512;129.855;29.4984;200;300;0
315;4;1.064;-0.044371;-0.038565;1.80399;-245.067;112.777;26.7796;200;300;0
315;5;1.065;-0.062847;-0.040924;1.52933;-224.448;96.8335;24.1903;200;300;0
315;6;1.066;-0.079022;-0.042797;1.27459;-204.687;81.9996;21.7318;200;300;0
315;7;1.067;-0.093042;-0.044226;1.03915;-185.81;68.2445;19.4049;200;300;0
315;8;1.068;-0.105053;-0.045248;0.822357;-167.832;55.5352;17.2092;200;300;0
315;9;1.069;-0.115194;-0.045901;0.623518;-150.764;43.8358;15.1436;200;300;0
316;0;1.07;-0.123603;-0.046219;0.441904;-134.61;33.1083;13.2067;200;300;0
316;1;1.071;-0.130413;-0.046235;0.276763;-119.367;23.3132;11.396;200;300;0
316;2;1.072;-0.135751;-0.045981;0.127328;-105.03;14.4095;9.70899;200;300;0
316;3;1.073;-0.139741;-0.045486;-0.007179;-91.5848;6.35564;8.14241;200;300;0
316;4;1.074;-0.142501;-0.044779;-0.127543;-79.0176;-0.890783;6.69276;200;300;0
316;5;1.075;-0.144144;-0.043886;-0.234547;-67.3089;-7.37232;5.3562;200;300;0
316;6;1.076;-0.144777;-0.042832;-0.32897;-56.4367;-13.1315;4.12864;200;300;0
316;7;1.077;-0.144502;-0.04164;-0.411583;-46.3765;-18.2106;3.00579;200;300;0
316;8;1.078;-0.143417;-0.04033;-0.483144;-37.1015;-22.6514;1.9832;200;300;0
316;9;1.079;-0.141613;-0.038924;-0.544395;-28.5834;-26.4951;1.05629;200;300;0
317;0;1.08;-0.139175;-0.037438;-0.596062;-20.7923;-29.7819;0.220414;200;300;0
317;1;1.081;-0.136184;-0.035891;-0.63885;-13.6971;-32.551;-0.529104;200;300;0
317;2;1.082;-0.132715;-0.034298;-0.673441;-7.26628;-34.8408;-1.19697;200;300;0
317;3;1.083;-0.128839;-0.032673;-0.700492;-1.46743;-36.6881;-1.78785;200;300;0
317;4;1.084;-0.124621;-0.031028;-0.720639;3.732;-38.1285;-2.3064;200;300;0
317;5;1.085;-0.120121;-0.029375;-0.734486;8.36465;-39.1965;-2.75719;200;300;0
317;6;1.086;-0.115395;-0.027725;-0.742615;12.463;-39.9247;-3.14469;200;300;0
317;7;1.087;-0.110494;-0.026087;-0.745577;16.0593;-40.3447;-3.47329;200;300;0
317;8;1.088;-0.105465;-0.024469;-0.743897;19.1852;-40.4863;-3.74726;200;300;0
317;9;1.089;-0.100351;-0.022878;-0.738072;21.8719;-40.3778;-3.97074;200;300;0
318;0;1.09;-0.095189;-0.021321;-0.72857;24.1499;-40.0461;-4.14771;200;300;0
318;1;1.091;-0.090016;-0.019804;-0.715831;26.0488;-39.5165;-4.28203;200;300;0
318;2;1.092;-0.084862;-0.018331;-0.70027;27.5972;-38.8129;-4.3774;200;300;0
318;3;1.093;-0.079756;-0.016905;-0.682271;28.823;-37.9576;-4.43733;200;300;0
318;4;1.094;-0.074722;-0.015531;-0.662196;29.7528;-36.9715;-4.46519;200;300;0
318;5;1.095;-0.069781;-0.014211;-0.640379;30.4122;-35.8739;-4.4642;200;300;0
318;6;1.096;-0.064953;-0.012946;-0.617129;30.8259;-34.683;-4.43737;200;300;0
318;7;1.097;-0.060254;-0.011739;-0.592732;31.0171;-33.4155;-4.38758;200;300;0
318;8;1.098;-0.055698;-0.010591;-0.567448;31.008;-32.0867;-4.31752;200;300;0
318;9;1.099;-0.051295;-0.009501;-0.54152;30.8197;-30.7109;-4.22971;200;300;0
319;0;1.1;-0.047057;-0.00847;-0.515163;30.4722;-29.3009;-4.12655;200;300;0
319;1;1.101;-0.042989;-0.007498;-0.488578;29.984;-27.8685;-4.01022;200;300;0
319;2;1.102;-0.039098;-0.006585;-0.461941;29.3729;-26.4243;-3.8828;200;300;0
319;3;1.103;-0.035388;-0.005729;-0.435413;28.6551;-24.9781;-3.74618;200;300;0
319;4;1.104;-0.031861;-0.004929;-0.409138;27.8462;-23.5384;-3.60212;200;300;0
319;5;1.105;-0.028519;-0.004185;-0.38324;26.9603;-22.1129;-3.45223;200;300;0
319;6;1.106;-0.025362;-0.003494;-0.357831;26.0106;-20.7084;-3.29801;200;300;0
319;7;1.107;-0.022388;-0.002856;-0.333008;25.0094;-19.3308;-3.1408;200;300;0
319;8;1.108;-0.019596;-0.002268;-0.308852;23.9679;-17.9854;-2.98182;200;300;0
319;9;1.109;-0.016983;-0.001728;-0.285435;22.8963;-16.6766;-2.82219;200;300;0
320;0;1.11;-0.014546;-0.001235;-0.262815;21.8041;-15.4081;-2.6629;200;300;0
320;1;1.111;-0.012279;-0.000786;-0.24104;20.6998;-14.183;-2.50485;200;300;0
320;2;1.112;-0.010179;-0.00038;-0.220147;19.5909;-13.0041;-2.34881;200;300;0
320;3;1.113;-0.008239;-0.000015;-0.200166;18.4845;-11.8731;-2.19549;200;300;0
320;4;1.114;-0.006456;0.000313;-0.181118;17.3868;-10.7918;-2.04549;200;300;0
320;5;1.115;-0.004822;0.000604;-0.163014;16.3031;-9.76119;-1.89933;200;300;0
320;6;1.116;-0.003331;0.000862;-0.145861;15.2383;-8.7819;-1.75746;200;300;0
320;7;1.117;-0.001977;0.001087;-0.12966;14.1967;-7.85426;-1.62026;200;300;0
320;8;1.118;-0.000753;0.001282;-0.114404;13.1817;-6.97826;-1.48803;200;300;0
320;9;1.119;0.000346;0.00145;-0.100083;12.1967;-6.15356;-1.36102;200;300;0
321;0;1.12;0.001328;0.001591;-0.086682;11.244;-5.37957;-1.23943;200;300;0
321;1;1.121;0.0022;0.001708;-0.074182;10.3259;-4.65549;-1.12337;200;300;0
321;2;1.122;0.002967;0.001803;-0.062562;9.44413;-3.98027;-1.01296;200;300;0
321;3;1.123;0.003637;0.001878;-0.051797;8.59991;-3.35272;-0.908247;200;300;0
321;4;1.124;0.004215;0.001934;-0.04186;7.79425;-2.77148;-0.809232;200;300;0
321;5;1.125;0.004709;0.001973;-0.032722;7.02778;-2.23509;-0.715897;200;300;0
321;6;1.126;0.005123;0.001996;-0.024351;6.30084;-1.74194;-0.628189;200;300;0
321;7;1.127;0.005464;0.002005;-0.016717;5.61353;-1.29038;-0.546026;200;300;0
321;8;1.128;0.005737;0.002002;-0.009786;4.96566;-0.878666;-0.469306;200;300;0
321;9;1.129;0.005949;0.001987;-0.003525;4.35688;-0.505009;-0.397902;200;300;0
322;0;1.13;0.006103;0.001963;0.0021;3.78662;-0.167591;-0.331673;200;300;0
322;1;1.131;0.006206;0.001929;0.007122;3.25415;0.135426;-0.27046;200;300;0
322;2;1.132;0.006263;0.001888;0.011577;2.7586;0.405889;-0.214092;200;300;0
322;3;1.133;0.006277;0.00184;0.015498;2.29899;0.64564;-0.16239;200;300;0
322;4;1.134;0.006253;0.001787;0.018917;1.87421;0.856507;-0.115163;200;300;0
322;5;1.135;0.006195;0.001729;0.021868;1.48308;1.04029;-0.072218;200;300;0
322;6;1.136;0.006107;0.001666;0.024383;1.12434;1.19877;-0.033354;200;300;0
322;7;1.137;0.005993;0.001601;0.026492;0.796681;1.33367;0.001631;200;300;0
322;8;1.138;0.005856;0.001533;0.028226;0.498747;1.44668;0.032941;200;300;0
322;9;1.139;0.0057;0.001464;0.029615;0.22915;1.53944;0.060778;200;300;0
323;0;1.14;0.005527;0.001393;0.030685;-0.013514;1.61353;0.085347;200;300;0
323;1;1.141;0.00534;0.001321;0.031466;-0.230661;1.67049;0.106847;200;300;0
323;2;1.142;0.005141;0.00125;0.031981;-0.423705;1.71177;0.125475;200;300;0
323;3;1.143;0.004934;0.001178;0.032257;-0.594053;1.73878;0.141424;200;300;0
323;4;1.144;0.004719;0.001107;0.032316;-0.743096;1.75286;0.154883;200;300;0
323;5;1.145;0.0045;0.001038;0.032182;-0.872203;1.75528;0.166035;200;300;0
323;6;1.146;0.004278;0.000969;0.031875;-0.982715;1.74725;0.175057;200;300;0
323;7;1.147;0.004054;0.000902;0.031414;-1.07594;1.72991;0.182121;200;300;0
323;8;1.148;0.00383;0.000837;0.03082;-1.15315;1.70434;0.187391;200;300;0
323;9;1.149;0.003607;0.000774;0.030109;-1.21558;1.67155;0.191025;200;300;0
324;0;1.15;0.003387;0.000713;0.029298;-1.26442;1.63248;0.193173;200;300;0
324;1;1.151;0.00317;0.000654;0.028401;-1.3008;1.58802;0.19398;200;300;0
324;2;1.152;0.002958;0.000598;0.027434;-1.32584;1.539;0.193581;200;300;0
324;3;1.153;0.00275;0.000544;0.026409;-1.34056;1.48617;0.192106;200;300;0
324;4;1.154;0.002549;0.000492;0.025338;-1.34597;1.43024;0.189676;200;300;0
324;5;1.155;0.002354;0.000444;0.024233;-1.34302;1.37185;0.186405;200;300;0
324;6;1.156;0.002166;0.000397;0.023102;-1.3326;1.31161;0.182402;200;300;0
324;7;1.157;0.001985;0.000353;0.021957;-1.31555;1.25006;0.177766;200;300;0
324;8;1.158;0.001811;0.000312;0.020803;-1.29268;1.18769;0.172591;200;300;0
324;9;1.159;0.001646;0.000274;0.019651;-1.26472;1.12495;0.166964;200;300;0
325;0;1.16;0.001488;0.000237;0.018505;-1.23239;1.06223;0.160964;200;300;0
325;1;1.161;0.001338;0.000204;0.017372;-1.19631;0.999904;0.154667;200;300;0
325;2;1.162;0.001196;0.000172;0.016258;-1.15711;0.938285;0.14814;200;300;0
325;3;1.163;0.001062;0.000143;0.015166;-1.11533;0.877656;0.141445;200;300;0
325;4;1.164;0.000936;0.000116;0.0141;-1.07149;0.818263;0.134638;200;300;0
325;5;1.165;0.000818;0.000092;0.013065;-1.02607;0.760319;0.127772;200;300;0
325;6;1.166;0.000708;0.000069;0.012063;-0.979495;0.704007;0.120891;200;300;0
325;7;1.167;0.000605;0.000048;0.011097;-0.932159;0.649481;0.114038;200;300;0
325;8;1.168;0.00051;0.00003;0.010168;-0.884419;0.596867;0.107248;200;300;0
325;9;1.169;0.000422;0.000013;0.009277;-0.836597;0.546268;0.100555;200;300;0
326;0;1.17;0.00034;-0.000002;0.008427;-0.788982;0.497765;0.093988;200;300;0
326;1;1.171;0.000265;-0.000016;0.007617;-0.741829;0.451415;0.087569;200;300;0
326;2;1.172;0.000197;-0.000028;0.006849;-0.695366;0.407261;0.081321;200;300;0
326;3;1.173;0.000135;-0.000038;0.006122;-0.649793;0.365326;0.075262;200;300;0
326;4;1.174;0.000078;-0.000048;0.005436;-0.60528;0.325617;0.069406;200;300;0
326;5;1.175;0.000028;-0.000055;0.004791;-0.561977;0.288129;0.063764;200;300;0
326;6;1.176;-0.000018;-0.000062;0.004187;-0.520009;0.252844;0.058347;200;300;0
326;7;1.177;-0.000059;-0.000068;0.003622;-0.47948;0.219733;0.05316;200;300;0
326;8;1.178;-0.000095;-0.000072;0.003097;-0.440474;0.188757;0.04821;200;300;0
326;9;1.179;-0.000126;-0.000076;0.002609;-0.403059;0.159871;0.043497;200;300;0
327;0;1.18;-0.000154;-0.000079;0.002158;-0.367282;0.133019;0.039024;200;300;0
327;1;1.181;-0.000178;-0.000081;0.001742;-0.33318;0.108142;0.034788;200;300;0
327;2;1.182;-0.000198;-0.000082;0.001361;-0.300773;0.085174;0.030789;200;300;0
327;3;1.183;-0.000215;-0.000083;0.001012;-0.270068;0.064047;0.027021;200;300;0
327;4;1.184;-0.000229;-0.000083;0.000695;-0.241063;0.044688;0.023481;200;300;0
327;5;1.185;-0.00024;-0.000083;0.000408;-0.213743;0.027022;0.020162;200;300;0
327;6;1.186;-0.000249;-0.000082;0.000149;-0.188087;0.010972;0.017059;200;300;0
327;7;1.187;-0.000256;-0.00008;-0.000083;-0.164063;-0.003539;0.014162;200;300;0
327;8;1.188;-0.00026;-0.000079;-0.000289;-0.141633;-0.01659;0.011465;200;300;0
327;9;1.189;-0.000263;-0.000077;-0.000471;-0.120754;-0.028257;0.008958;200;300;0
328;0;1.19;-0.000264;-0.000075;-0.000631;-0.101375;-0.03862;0.006632;200;300;0
328;1;1.191;-0.000263;-0.000072;-0.00077;-0.083444;-0.047753;0.004479;200;300;0
328;2;1.192;-0.000262;-0.00007;-0.00089;-0.066901;-0.055733;0.002487;200;300;0
328;3;1.193;-0.000259;-0.000067;-0.000991;-0.051686;-0.062632;0.000648;200;300;0
328;4;1.194;-0.000255;-0.000064;-0.001076;-0.037735;-0.068521;-0.001048;200;300;0
328;5;1.195;-0.000251;-0.000061;-0.001145;-0.024983;-0.073469;-0.002613;200;300;0
328;6;1.196;-0.000246;-0.000059;-0.0012;-0.013362;-0.077542;-0.004055;200;300;0
328;7;1.197;-0.000241;-0.000056;-0.001242;-0.002805;-0.080804;-0.005384;200;300;0
328;8;1.198;-0.000235;-0.000053;-0.001273;0.006758;-0.083315;-0.00661;200;300;0
328;9;1.199;-0.000229;-0.00005;-0.001294;0.015393;-0.085133;-0.007744;200;300;0
329;0;1.2;-0.000223;-0.000047;-0.001305;0.023172;-0.086312;-0.008793;200;300;0
329;1;1.201;-0.000218;-0.000045;-0.001309;0.03016;-0.086902;-0.009767;200;300;0
329;2;1.202;-0.000212;-0.000042;-0.001305;0.036425;-0.086953;-0.010675;200;300;0
329;3;1.203;-0.000206;-0.00004;-0.001295;0.042033;-0.086508;-0.011524;200;300;0
329;4;1.204;-0.000201;-0.000038;-0.00128;0.047048;-0.085609;-0.012324;200;300;0
329;5;1.205;-0.000196;-0.000036;-0.00126;0.051534;-0.084294;-0.01308;200;300;0
329;6;1.206;-0.000192;-0.000034;-0.001237;0.055551;-0.082598;-0.013801;200;300;0
329;7;1.207;-0.000188;-0.000032;-0.001212;0.059159;-0.080553;-0.014492;200;300;0
329;8;1.208;-0.000184;-0.000031;-0.001184;0.062415;-0.078187;-0.01516;200;300;0
329;9;1.209;-0.000181;-0.000029;-0.001156;0.065374;-0.075526;-0.015811;200;300;0
330;0;1.21;-0.000179;-0.000028;-0.001127;0.068088;-0.072593;-0.016447;200;300;0
330;1;1.211;-0.000177;-0.000028;-0.001098;0.070607;-0.069407;-0.017076;200;300;0
330;2;1.212;-0.000176;-0.000027;-0.001069;0.07298;-0.065985;-0.017698;200;300;0
330;3;1.213;-0.000176;-0.000027;-0.001042;0.075251;-0.062342;-0.018319;200;300;0
330;4;1.214;-0.000176;-0.000026;-0.001017;0.077462;-0.05849;-0.01894;200;300;0
330;5;1.215;-0.000177;-0.000026;-0.000993;0.079652;-0.054439;-0.019563;200;300;0
330;6;1.216;-0.000178;-0.000027;-0.000972;0.081859;-0.050195;-0.020188;200;300;0
330;7;1.217;-0.000181;-0.000027;-0.000954;0.084114;-0.045764;-0.020816;200;300;0
330;8;1.218;-0.000184;-0.000028;-0.00094;0.086449;-0.04115;-0.021446;200;300;0
330;9;1.219;-0.000187;-0.000029;-0.000928;0.088891;-0.036355;-0.022078;200;300;0
331;0;1.22;-0.000191;-0.00003;-0.000921;0.091464;-0.031378;-0.022708;200;300;0
331;1;1.221;-0.000196;-0.000032;-0.000918;0.094187;-0.026219;-0.023334;200;300;0
331;2;1.222;-0.000201;-0.000033;-0.000918;0.097079;-0.020875;-0.023951;200;300;0
331;3;1.223;-0.000206;-0.000035;-0.000924;0.100152;-0.015343;-0.024556;200;300;0
331;4;1.224;-0.000212;-0.000037;-0.000933;0.103417;-0.009619;-0.025142;200;300;0
331;5;1.225;-0.000218;-0.00004;-0.000948;0.10688;-0.003698;-0.025704;200;300;0
331;6;1.226;-0.000225;-0.000042;-0.000967;0.110542;0.002425;-0.026232;200;300;0
331;7;1.227;-0.000231;-0.000045;-0.000991;0.114403;0.008755;-0.02672;200;300;0
331;8;1.228;-0.000238;-0.000048;-0.001019;0.118455;0.015297;-0.027157;200;300;0
331;9;1.229;-0.000244;-0.000051;-0.001052;0.122688;0.022057;-0.027533;200;300;0
332;0;1.23;-0.00025;-0.000054;-0.001089;0.127089;0.029037;-0.027836;200;300;0
332;1;1.231;-0.000256;-0.000057;-0.001131;0.131636;0.036242;-0.028054;200;300;0
332;2;1.232;-0.000262;-0.00006;-0.001177;0.136307;0.043673;-0.028174;200;300;0
332;3;1.233;-0.000267;-0.000064;-0.001228;0.141071;0.051332;-0.02818;200;300;0
332;4;1.234;-0.000271;-0.000067;-0.001281;0.145895;0.059217;-0.028058;200;300;0
332;5;1.235;-0.000274;-0.000071;-0.001339;0.150738;0.067327;-0.027789;200;300;0
332;6;1.236;-0.000277;-0.000074;-0.001399;0.155556;0.075655;-0.027357;200;300;0
332;7;1.237;-0.000278;-0.000077;-0.001462;0.160298;0.084195;-0.026743;200;300;0
332;8;1.238;-0.000277;-0.000081;-0.001527;0.164906;0.092936;-0.025926;200;300;0
332;9;1.239;-0.000275;-0.000084;-0.001594;0.169319;0.101864;-0.024886;200;300;0
333;0;1.24;-0.000272;-0.000087;-0.001662;0.173467;0.110963;-0.023601;200;300;0
333;1;1.241;-0.000266;-0.000089;-0.001731;0.177275;0.120212;-0.022048;200;300;0
333;2;1.242;-0.000258;-0.000092;-0.001799;0.180661;0.129585;-0.020204;200;300;0
333;3;1.243;-0.000247;-0.000094;-0.001867;0.183536;0.139053;-0.018043;200;300;0
333;4;1.244;-0.000233;-0.000096;-0.001933;0.185806;0.148581;-0.015541;200;300;0
333;5;1.245;-0.000217;-0.000097;-0.001995;0.187367;0.15813;-0.012672;200;300;0
333;6;1.246;-0.000197;-0.000098;-0.002055;0.188111;0.167654;-0.009409;200;300;0
333;7;1.247;-0.000173;-0.000099;-0.002109;0.187921;0.177102;-0.005725;200;300;0
333;8;1.248;-0.000146;-0.000099;-0.002158;0.186673;0.186417;-0.001593;200;300;0
333;9;1.249;-0.000114;-0.000098;-0.0022;0.184238;0.195533;0.003015;200;300;0
334;0;1.25;-0.000078;-0.000096;-0.002234;0.180478;0.20438;0.008126;200;300;0
334;1;1.251;-0.000037;-0.000093;-0.002257;0.175248;0.212879;0.013768;200;300;0
334;2;1.252;0.000009;-0.00009;-0.00227;0.168398;0.220944;0.019968;200;300;0
334;3;1.253;0.00006;-0.000085;-0.00227;0.159769;0.22848;0.026752;200;300;0
334;4;1.254;0.000117;-0.00008;-0.002256;0.149198;0.235384;0.034147;200;300;0
334;5;1.255;0.00018;-0.000073;-0.002226;0.136513;0.241545;0.042177;200;300;0
334;6;1.256;0.00025;-0.000065;-0.002178;0.121541;0.246843;0.050866;200;300;0
334;7;1.257;0.000325;-0.000055;-0.00211;0.1041;0.251148;0.060236;200;300;0
334;8;1.258;0.000408;-0.000044;-0.002021;0.084005;0.254322;0.070306;200;300;0
334;9;1.259;0.000498;-0.000032;-0.001908;0.061066;0.256218;0.081095;200;300;0
335;0;1.26;0.000596;-0.000017;-0.001769;0.035091;0.256676;0.092618;200;300;0
335;1;1.261;0.000701;-0.000001;-0.001603;0.005887;0.255531;0.104886;200;300;0
335;2;1.262;0.000814;0.000017;-0.001406;-0.026744;0.252605;0.117908;200;300;0
335;3;1.263;0.000935;0.000037;-0.001177;-0.062996;0.247712;0.131688;200;300;0
335;4;1.264;0.001064;0.00006;-0.000913;-0.103066;0.240655;0.146228;200;300;0
335;5;1.265;0.001201;0.000084;-0.000611;-0.147144;0.23123;0.16152;200;300;0
335;6;1.266;0.001347;0.000111;-0.00027;-0.19542;0.219222;0.177556;200;300;0
335;7;1.267;0.001501;0.00014;0.000113;-0.248077;0.204409;0.194319;200;300;0
335;8;1.268;0.001664;0.000172;0.000541;-0.305289;0.186558;0.211785;200;300;0
335;9;1.269;0.001835;0.000207;0.001016;-0.367223;0.165432;0.229924;200;300;0
336;0;1.27;0.002014;0.000244;0.00154;-0.434032;0.140784;0.248698;200;300;0
336;1;1.271;0.002202;0.000284;0.002116;-0.505859;0.112362;0.268058;200;300;0
336;2;1.272;0.002397;0.000327;0.002747;-0.582825;0.07991;0.287948;200;300;0
336;3;1.273;0.002599;0.000373;0.003434;-0.665037;0.043166;0.308302;200;300;0
336;4;1.274;0.002808;0.000422;0.00418;-0.752577;0.001865;0.329042;200;300;0
336;5;1.275;0.003024;0.000474;0.004987;-0.845502;-0.044257;0.350078;200;300;0
336;6;1.276;0.003245;0.000529;0.005856;-0.943841;-0.095468;0.371309;200;300;0
336;7;1.277;0.003471;0.000586;0.006789;-1.04759;-0.152031;0.39262;200;300;0
336;8;1.278;0.003701;0.000647;0.007789;-1.15672;-0.214207;0.413882;200;300;0
336;9;1.279;0.003934;0.000711;0.008855;-1.27113;-0.282249;0.434951;200;300;0
337;0;1.28;0.004169;0.000778;0.009989;-1.39072;-0.356405;0.455669;200;300;0
337;1;1.281;0.004405;0.000847;0.011191;-1.51532;-0.436909;0.475859;200;300;0
337;2;1.282;0.00464;0.000919;0.012462;-1.64469;-0.523985;0.495328;200;300;0
337;3;1.283;0.004872;0.000994;0.013802;-1.77857;-0.617837;0.513866;200;300;0
337;4;1.284;0.005099;0.001071;0.015209;-1.9166;-0.71865;0.531243;200;300;0
337;5;1.285;0.00532;0.001149;0.016683;-2.05838;-0.826588;0.547211;200;300;0
337;6;1.286;0.005533;0.00123;0.018221;-2.20343;-0.941784;0.5615;200;300;0
337;7;1.287;0.005734;0.001312;0.019822;-2.35119;-1.06434;0.573822;200;300;0
337;8;1.288;0.005922;0.001396;0.021481;-2.50102;-1.19433;0.583865;200;300;0
337;9;1.289;0.006094;0.001479;0.023196;-2.65218;-1.33178;0.591297;200;300;0
338;0;1.29;0.006246;0.001564;0.024962;-2.80386;-1.47667;0.595766;200;300;0
338;1;1.291;0.006376;0.001648;0.026772;-2.95512;-1.62893;0.596893;200;300;0
338;2;1.292;0.006479;0.001731;0.028622;-3.10494;-1.78844;0.594281;200;300;0
338;3;1.293;0.006552;0.001812;0.030502;-3.25217;-1.95501;0.587507;200;300;0
338;4;1.294;0.006591;0.001891;0.032404;-3.39556;-2.12839;0.57613;200;300;0
338;5;1.295;0.006593;0.001968;0.03432;-3.53371;-2.30826;0.559683;200;300;0
338;6;1.296;0.006551;0.00204;0.036237;-3.66513;-2.49421;0.537679;200;300;0
338;7;1.297;0.006463;0.002108;0.038144;-3.78818;-2.68573;0.509609;200;300;0
338;8;1.298;0.006322;0.00217;0.040026;-3.90105;-2.88226;0.474946;200;300;0
338;9;1.299;0.006123;0.002225;0.04187;-4.00185;-3.08309;0.433142;200;300;0
339;0;1.3;0.005861;0.002272;0.043658;-4.08849;-3.28742;0.383632;200;300;0
339;1;1.301;0.005531;0.00231;0.045372;-4.15876;-3.49435;0.325834;200;300;0
339;2;1.302;0.005126;0.002338;0.046992;-4.21027;-3.70283;0.259153;200;300;0
339;3;1.303;0.004641;0.002353;0.048497;-4.2405;-3.91169;0.18298;200;300;0
339;4;1.304;0.004068;0.002355;0.049864;-4.24677;-4.11963;0.0967;200;300;0
339;5;1.305;0.003402;0.002342;0.051068;-4.22621;-4.32518;-0.000314;200;300;0
339;6;1.306;0.002636;0.002313;0.052081;-4.17582;-4.52673;-0.108687;200;300;0
339;7;1.307;0.001763;0.002264;0.052874;-4.09244;-4.72251;-0.229048;200;300;0
339;8;1.308;0.000776;0.002196;0.053418;-3.97273;-4.91057;-0.36202;200;300;0
339;9;1.309;-0.000331;0.002105;0.053678;-3.81323;-5.08879;-0.508216;200;300;0
340;0;1.31;-0.001566;0.00199;0.053621;-3.61031;-5.25485;-0.668238;200;300;0
340;1;1.311;-0.002935;0.001848;0.053209;-3.36019;-5.40626;-0.842665;200;300;0
340;2;1.312;-0.004446;0.001678;0.052404;-3.05897;-5.54031;-1.03205;200;300;0
340;3;1.313;-0.006104;0.001477;0.051164;-2.70261;-5.65411;-1.23693;200;300;0
340;4;1.314;-0.007918;0.001243;0.049446;-2.28699;-5.74454;-1.45777;200;300;0
340;5;1.315;-0.009892;0.000973;0.047207;-1.80784;-5.80828;-1.69501;200;300;0
340;6;1.316;-0.012034;0.000666;0.044399;-1.26084;-5.8418;-1.94905;200;300;0
340;7;1.317;-0.014348;0.000318;0.040974;-0.641586;-5.84132;-2.22019;200;300;0
340;8;1.318;-0.01684;-0.000073;0.036882;0.054359;-5.80288;-2.50867;200;300;0
340;9;1.319;-0.019515;-0.000509;0.032071;0.831464;-5.72228;-2.81467;200;300;0
341;0;1.32;-0.022376;-0.000992;0.026489;1.69419;-5.5951;-3.13824;200;300;0
341;1;1.321;-0.025427;-0.001526;0.020081;2.64698;-5.41672;-3.47934;200;300;0
341;2;1.322;-0.028671;-0.002113;0.012792;3.69418;-5.18228;-3.83782;200;300;0
341;3;1.323;-0.032109;-0.002754;0.004566;4.84006;-4.88676;-4.21337;200;300;0
341;4;1.324;-0.03574;-0.003453;-0.004653;6.08875;-4.5249;-4.60557;200;300;0
341;5;1.325;-0.039566;-0.004211;-0.014922;7.44418;-4.0913;-5.01382;200;300;0
341;6;1.326;-0.043582;-0.005031;-0.026296;8.91005;-3.58036;-5.43734;200;300;0
341;7;1.327;-0.047786;-0.005914;-0.038833;10.4898;-2.98634;-5.87519;200;300;0
341;8;1.328;-0.052172;-0.006862;-0.052585;12.1865;-2.30336;-6.32618;200;300;0
341;9;1.329;-0.056734;-0.007877;-0.067607;14.0028;-1.52544;-6.78895;200;300;0
342;0;1.33;-0.061462;-0.008959;-0.08395;15.941;-0.646499;-7.26185;200;300;0
342;1;1.331;-0.066344;-0.01011;-0.101663;18.0028;0.339581;-7.74302;200;300;0
342;2;1.332;-0.071368;-0.011331;-0.12079;20.1893;1.43896;-8.2303;200;300;0
342;3;1.333;-0.076517;-0.01262;-0.141373;22.5008;2.65776;-8.72124;200;300;0
342;4;1.334;-0.081773;-0.013979;-0.163451;24.937;4.00207;-9.21307;200;300;0
342;5;1.335;-0.087113;-0.015406;-0.187053;27.4967;5.47786;-9.70273;200;300;0
342;6;1.336;-0.092514;-0.0169;-0.212205;30.1778;7.09095;-10.1868;200;300;0
342;7;1.337;-0.097946;-0.01846;-0.238927;32.977;8.84697;-10.6614;200;300;0
342;8;1.338;-0.10338;-0.020082;-0.267228;35.8902;10.7512;-11.1224;200;300;0
342;9;1.339;-0.108779;-0.021765;-0.297109;38.9116;12.8088;-11.5652;200;300;0
343;0;1.34;-0.114104;-0.023503;-0.328562;42.0343;15.0242;-11.9849;200;300;0
343;1;1.341;-0.119313;-0.025292;-0.361567;45.25;17.4016;-12.3759;200;300;0
343;2;1.342;-0.124357;-0.027126;-0.396091;48.5488;19.9445;-12.7324;200;300;0
343;3;1.343;-0.129185;-0.029;-0.432088;51.9187;22.6558;-13.048;200;300;0
343;4;1.344;-0.13374;-0.030904;-0.469498;55.3465;25.5377;-13.3159;200;300;0
343;5;1.345;-0.137961;-0.032831;-0.508242;58.8166;28.5914;-13.5288;200;300;0
343;6;1.346;-0.14178;-0.034771;-0.548225;62.3114;31.8172;-13.6788;200;300;0
343;7;1.347;-0.145127;-0.036712;-0.589334;65.8111;35.2143;-13.7576;200;300;0
343;8;1.348;-0.147924;-0.038642;-0.631433;69.2936;38.7808;-13.7563;200;300;0
343;9;1.349;-0.150089;-0.040548;-0.674365;72.7344;42.5133;-13.6656;200;300;0
344;0;1.35;-0.151533;-0.042413;-0.71795;76.106;46.4071;-13.4756;200;300;0
344;1;1.351;-0.152163;-0.044222;-0.761979;79.3787;50.4558;-13.1759;200;300;0
344;2;1.352;-0.151879;-0.045956;-0.80622;82.5195;54.6512;-12.7555;200;300;0
344;3;1.353;-0.150576;-0.047594;-0.850411;85.4927;58.9834;-12.2032;200;300;0
344;4;1.354;-0.148143;-0.049116;-0.894259;88.2592;63.4402;-11.5069;200;300;0
344;5;1.355;-0.144464;-0.050497;-0.937439;90.7769;68.0073;-10.6544;200;300;0
344;6;1.356;-0.139416;-0.051712;-0.979592;93.0004;72.6679;-9.63291;200;300;0
344;7;1.357;-0.132873;-0.052734;-1.02032;94.8808;77.4028;-8.42924;275.861;207.009;0
344;8;1.358;-0.1247;-0.053533;-1.05921;96.3655;82.19;-7.02987;277.596;209.021;0
344;9;1.359;-0.114761;-0.054079;-1.09577;97.3988;87.0044;-5.42096;279.4;211.114;0
345;0;1.36;-0.102912;-0.054337;-1.1295;97.921;91.8181;-3.58842;281.291;213.306;0
345;1;1.361;-0.089009;-0.054273;-1.15985;97.8688;96.5997;-1.51794;283.286;215.62;0
345;2;1.362;-0.072898;-0.053849;-1.18623;97.1753;101.314;0.804908;285.408;218.081;0
345;3;1.363;-0.054428;-0.053026;-1.20801;95.7699;105.924;3.39461;287.685;220.721;0
345;4;1.364;-0.033441;-0.051762;-1.22449;93.5784;110.386;6.26562;290.148;223.578;0
345;5;1.365;-0.009779;-0.050015;-1.23495;90.5228;114.654;9.43224;292.841;226.699;0
345;6;1.366;0.016718;-0.047738;-1.23863;86.5218;118.678;12.9085;295.814;230.147;0
345;7;1.367;0.046211;-0.044885;-1.2347;81.4907;122.403;16.7083;299.136;233.999;0
345;8;1.368;0.078858;-0.041406;-1.22229;75.3414;125.769;20.8446;302.896;238.361;0
345;9;1.369;0.114817;-0.037251;-1.2005;67.983;128.714;25.3301;307.217;243.371;0
346;0;1.37;0.154243;-0.032367;-1.16837;59.3216;131.169;30.1765;312.267;249.227;0
346;1;1.371;0.197285;-0.026702;-1.12488;49.2607;133.06;35.3948;318.288;256.208;0
346;2;1.372;0.244089;-0.0202;-1.06901;37.7017;134.308;40.9945;325.638;264.732;0
346;3;1.373;0.29479;-0.012805;-0.999653;24.5443;134.832;46.984;200;300;0
346;4;1.374;0.349516;-0.004461;-0.915686;9.68673;134.541;53.3701;200;300;0
346;5;1.375;0.408384;0.00489;-0.815942;-6.97381;133.344;60.1577;200;300;0
346;6;1.376;0.471496;0.015303;-0.69922;-25.5403;131.14;67.3499;200;300;0
346;7;1.377;0.53894;0.026837;-0.564291;-46.1154;127.828;74.9472;200;300;0
346;8;1.378;0.610786;0.039548;-0.409897;-68.8009;123.298;82.948;200;300;0
346;9;1.379;0.687082;0.05349;-0.234761;-93.6967;117.438;91.3473;200;300;0
347;0;1.38;0.767854;0.068718;-0.037591;-120.9;110.129;100.138;200;300;0
347;1;1.381;0.853103;0.085284;0.182916;-150.505;101.249;109.307;200;300;0
347;2;1.382;0.9428;0.103236;0.428059;-182.6;90.6729;118.842;200;300;0
347;3;1.383;1.03688;0.12262;0.699135;-217.268;78.2692;128.721;200;300;0
347;4;1.384;1.13525;0.143479;0.997421;-254.587;63.9051;138.922;200;300;0
347;5;1.385;1.23778;0.16585;1.32417;-294.624;47.444;149.416;200;300;0
347;6;1.386;1.34428;0.189764;1.68059;-337.439;28.7471;160.17;200;300;0
347;7;1.387;1.45453;0.215248;2.06784;-383.078;7.67404;171.144;200;300;0
347;8;1.388;1.56825;0.242319;2.48704;-431.576;-15.9168;182.292;200;300;0
347;9;1.389;1.68511;0.270988;2.93918;-482.954;-42.1674;193.562;200;300;0
348;0;1.39;1.80472;0.301257;3.42521;-537.216;-71.2187;204.897;200;300;0
348;1;1.391;1.92663;0.333115;3.94594;-594.347;-103.21;216.23;200;300;0
348;2;1.392;2.05031;0.366544;4.50205;-654.314;-138.279;227.487;200;300;0
348;3;1.393;2.17517;0.40151;5.09408;-717.059;-176.558;238.587;200;300;0
348;4;1.394;2.30055;0.437966;5.7224;-782.502;-218.175;249.439;200;300;0
348;5;1.395;2.42568;0.475851;6.38718;-850.533;-263.251;259.945;200;300;0
348;6;1.396;2.54972;0.515086;7.08839;-921.017;-311.898;269.994;200;300;0
348;7;1.397;2.67176;0.555576;7.82575;-993.782;-364.22;279.47;200;300;0
348;8;1.398;2.79075;0.597205;8.5987;-1068.62;-420.308;288.244;200;300;0
348;9;1.399;2.90558;0.639837;9.4064;-1145.3;-480.239;296.177;200;300;0
349;0;1.4;3.01501;0.683313;10.2477;-1223.54;-544.074;303.118;200;300;0
349;1;1.401;3.11771;0.727451;11.1211;-1303;-611.858;308.909;200;300;0
349;2;1.402;3.21221;0.772042;12.0246;-1383.32;-683.613;313.375;200;300;0
349;3;1.403;3.29696;0.81685;12.956;-1464.08;-759.338;316.334;200;300;0
349;4;1.404;3.37025;0.86161;13.9125;-1544.81;-839.009;317.59;200;300;0
349;5;1.405;3.43028;0.906027;14.8907;-1624.98;-922.571;316.936;200;300;0
349;6;1.406;3.47511;0.949773;15.887;-1704;-1009.94;314.151;200;300;0
349;7;1.407;3.50265;0.992485;16.8969;-1781.22;-1100.99;309.005;200;300;0
349;8;1.408;3.51073;1.03376;17.9156;-1855.94;-1195.56;301.254;200;300;0
349;9;1.409;3.49699;1.07318;18.9374;-1927.37;-1293.46;290.642;200;300;0
350;0;1.41;3.45897;1.11024;19.956;-1994.66;-1394.44;276.903;200;300;0
350;1;1.411;3.39409;1.14445;20.9645;-2056.89;-1498.2;259.759;200;300;0
350;2;1.412;3.29959;1.17524;21.9552;-2113.06;-1604.4;238.919;200;300;0
350;3;1.413;3.17263;1.20201;22.9194;-2162.09;-1712.62;214.085;200;300;0
350;4;1.414;3.01022;1.2241;23.8478;-2202.8;-1822.41;184.947;200;300;0
350;5;1.415;2.80925;1.24083;24.7301;-2233.97;-1933.24;151.188;200;300;0
350;6;1.416;2.56648;1.25146;25.5552;-2254.26;-2044.49;112.481;200;300;0
350;7;1.417;2.27858;1.25518;26.3109;-2262.24;-2155.5;68.4933;200;300;0
350;8;1.418;1.94211;1.25117;26.9842;-2256.42;-2265.52;18.8875;200;300;0
350;9;1.419;1.55353;1.23854;27.5609;-2235.19;-2373.71;-36.6782;200;300;0
351;0;1.42;1.10922;1.21634;28.0258;-2196.88;-2479.14;-98.5477;200;300;0
351;1;1.421;0.605507;1.18359;28.3628;-2139.72;-2580.8;-167.064;200;300;0
351;2;1.422;0.038652;1.13925;28.5545;-2061.85;-2677.59;-242.569;200;300;0
351;3;1.423;-0.595113;1.08225;28.5825;-1961.32;-2768.29;-325.398;200;300;0
351;4;1.424;-1.29957;1.01145;28.4273;-1836.13;-2851.59;-415.878;200;300;0
351;5;1.425;-2.07847;0.925692;28.0682;-1684.17;-2926.08;-514.324;200;300;0
351;6;1.426;-2.93555;0.823761;27.4836;-1503.28;-2990.22;-621.038;200;300;0
351;7;1.427;-3.87447;0.704416;26.6507;-1291.24;-3042.38;-736.298;200;300;0
351;8;1.428;-4.89876;0.566384;25.5456;-1045.77;-3080.8;-860.36;200;300;0
351;9;1.429;-6.01183;0.408366;24.1436;-764.557;-3103.62;-993.45;200;300;0
352;0;1.43;-7.2169;0.229046;22.4187;-445.241;-3108.84;-1135.76;200;300;0
352;1;1.431;-8.51693;0.0271;20.3445;-85.4646;-3094.38;-1287.43;200;300;0
352;2;1.432;-9.91463;-0.198799;17.8934;317.134;-3058;-1448.56;200;300;0
352;3;1.433;-11.4123;-0.449965;15.0374;764.896;-2997.38;-1619.19;200;300;0
352;4;1.434;-13.0119;-0.727694;11.7478;1260.12;-2910.09;-1799.29;200;300;0
352;5;1.435;-14.7149;-1.03324;7.99561;1805.04;-2793.57;-1988.78;200;300;0
352;6;1.436;-16.5222;-1.36782;3.75155;2401.8;-2645.2;-2187.46;200;300;0
352;7;1.437;-18.434;-1.73258;-1.01368;3052.42;-2462.23;-2395.06;-2229;-2711.23;0
352;8;1.438;-20.4498;-2.12857;-6.32918;3758.79;-2241.86;-2611.2;-154.211;-293.883;0
352;9;1.439;-22.5683;-2.55675;-12.2236;4522.6;-1981.2;-2835.39;37.9207;-69.9883;0
353;0;1.44;-24.7874;-3.01797;-18.725;5345.33;-1677.3;-3067.01;110.425;14.5353;0
353;1;1.441;-27.1037;-3.51291;-25.8603;6228.22;-1327.17;-3305.3;148.679;59.1593;0
353;2;1.442;-29.513;-4.04211;-33.6553;7172.23;-927.81;-3549.38;172.432;86.8917;0
353;3;1.443;-32.0097;-4.60592;-42.1341;8178;-476.184;-3798.19;188.698;105.906;0
353;4;1.444;-34.5867;-5.20448;-51.3189;9245.81;30.7229;-4050.51;200.599;119.836;0
353;5;1.445;-37.2358;-5.83769;-61.2294;10375.6;595.9;-4304.95;209.732;130.546;0
353;6;1.446;-39.9471;-6.50523;-71.883;11566.8;1222.28;-4559.95;217.004;139.089;0
353;7;1.447;-42.7088;-7.20649;-83.2937;12818.5;1912.73;-4813.75;222.964;146.105;0
353;8;1.448;-45.5077;-7.94058;-95.4725;14129.2;2670.02;-5064.44;227.966;152.007;0
353;9;1.449;-48.3286;-8.70633;-108.426;15497.2;3496.79;-5309.89;232.25;157.072;0
354;0;1.45;-51.1545;-9.50224;-122.158;16920;4395.54;-5547.84;235.982;161.491;0
354;1;1.451;-53.9663;-10.3265;-136.667;18394.8;5368.62;-5775.82;239.282;165.405;0
354;2;1.452;-56.7433;-11.1771;-151.948;19918.3;6418.18;-5991.24;242.239;168.914;0
354;3;1.453;-59.4624;-12.0516;-167.99;21486.7;7546.18;-6191.39;244.921;172.095;0
354;4;1.454;-62.0991;-12.9473;-184.777;23095.9;8754.35;-6373.42;247.378;175.007;0
354;5;1.455;-64.6267;-13.8613;-202.291;24741.4;10044.2;-6534.46;249.652;177.694;0
354;6;1.456;-67.0171;-14.7904;-220.507;26418.4;11417.1;-6671.57;251.776;180.193;0
354;7;1.457;-69.2407;-15.7315;-239.396;28121.8;12873.9;-6781.85;253.777;182.53;0
354;8;1.458;-71.2665;-16.681;-258.926;29846.6;14415.7;-6862.46;255.675;184.729;0
354;9;1.459;-73.0627;-17.6354;-279.058;31587.5;16042.9;-6910.65;257.489;186.807;0
355;0;1.46;-74.5967;-18.5914;-299.753;33339.5;17755.9;-6923.91;259.235;188.777;0
355;1;1.461;-75.8359;-19.5454;-320.969;35097.7;19555.2;-6899.91;260.925;190.651;0
355;2;1.462;-76.7475;-20.4944;-342.661;36857.3;21440.6;-6836.66;262.571;192.438;0
355;3;1.463;-77.2998;-21.4354;-364.783;38614.2;23412.2;-6732.51;264.181;194.145;0
355;4;1.464;-77.4619;-22.3657;-387.288;40364.6;25470;-6586.23;265.765;195.776;0
355;5;1.465;-77.2048;-23.2832;-410.132;42105.1;27613.7;-6397.04;267.329;197.338;0
355;6;1.466;-76.5014;-24.1861;-433.269;43833.2;29843.2;-6164.65;268.879;198.832;0
355;7;1.467;-75.3276;-25.0732;-456.658;45546.7;32158.4;-5889.3;270.421;200.261;0
355;8;1.468;-73.6623;-25.944;-480.257;47244.1;34559.1;-5571.71;271.96;201.627;0
355;9;1.469;-71.488;-26.7984;-504.032;48924.6;37045.4;-5213.11;273.498;202.933;0
356;0;1.47;-68.791;-27.6369;-527.948;50587.8;39617.1;-4815.2;275.04;204.18;0
356;1;1.471;-65.5621;-28.4604;-551.976;52233.7;42274.4;-4380.08;276.587;205.37;0
356;2;1.472;-61.7964;-29.2703;-576.093;53862.8;45017.3;-3910.22;278.143;206.503;0
356;3;1.473;-57.4935;-30.0683;-600.278;55476;47846;-3408.39;279.706;207.583;0
356;4;1.474;-52.6576;-30.8564;-624.513;57074.2;50760.4;-2877.53;281.28;208.61;0
356;5;1.475;-47.2975;-31.6363;-648.787;58658.7;53760.6;-2320.77;282.863;209.587;0
356;6;1.476;-41.4263;-32.41;-673.089;60230.6;56846.3;-1741.29;284.456;210.516;0
356;7;1.477;-35.0613;-33.1791;-697.414;61791.2;60017.2;-1142.3;286.057;211.4;0
356;8;1.478;-28.2237;-33.9448;-721.757;63341.4;63272.6;-526.959;287.665;212.24;0
356;9;1.479;-20.9383;-34.7079;-746.115;64882.2;66611.4;101.636;289.278;213.04;0
357;0;1.48;-13.2332;-35.4685;-770.486;66414.2;70032.1;740.484;290.893;213.802;0
357;1;1.481;-5.13975;-36.2263;-794.868;67937.3;73532.6;1386.69;292.509;214.53;0
357;2;1.482;3.30818;-36.9801;-819.258;69451.6;77110.1;2037.47;294.122;215.226;0
357;3;1.483;12.0741;-37.728;-843.652;70956.2;80761.1;2690.11;295.728;215.894;0
357;4;1.484;21.1193;-38.4675;-868.042;72450;84481.3;3341.97;297.324;216.536;0
357;5;1.485;30.4029;-39.1953;-892.419;73931.1;88265.2;3990.45;298.906;217.157;0
357;6;1.486;39.882;-39.9075;-916.768;75397.2;92106.6;4632.91;300.469;217.758;0
357;7;1.487;49.5118;-40.5998;-941.071;76845.5;95998.1;5266.68;302.009;218.343;0
357;8;1.488;59.2455;-41.2675;-965.305;78272.6;99930.9;5888.94;303.523;218.914;0
357;9;1.489;69.0344;-41.9055;-989.439;79674.5;103896;6496.74;305.004;219.475;0
358;0;1.49;78.8276;-42.5089;-1013.44;81046.9;107881;7086.89;306.45;220.028;0
358;1;1.491;88.5725;-43.0728;-1037.27;82385;111875;7655.98;307.855;220.575;0
358;2;1.492;98.214;-43.5925;-1060.88;83683.9;115864;8200.28;309.215;221.118;0
358;3;1.493;107.695;-44.064;-1084.21;84938.3;119834;8715.75;310.526;221.659;0
358;4;1.494;116.956;-44.4838;-1107.22;86142.9;123769;9198.06;311.783;222.199;0
358;5;1.495;125.937;-44.8493;-1129.84;87292.4;127653;9642.54;312.984;222.739;0
358;6;1.496;134.572;-45.1589;-1152;88381.7;131469;10044.3;314.123;223.28;0
358;7;1.497;142.799;-45.412;-1173.63;89405.9;135199;10398;315.197;223.821;0
358;8;1.498;150.55;-45.6092;-1194.68;90360.6;138826;10698.5;316.204;224.364;0
358;9;1.499;157.757;-45.752;-1215.05;91241.9;142331;10940.4;317.14;224.907;0
359;0;1.5;164.355;-45.8433;-1234.68;92046.5;145695;11118.2;318.002;225.449;0
359;1;1.501;170.276;-45.8866;-1253.51;92771.9;148902;11226.8;318.788;225.99;0
359;2;1.502;175.455;-45.8865;-1271.46;93416.1;151935;11261.5;319.496;226.529;0
359;3;1.503;179.83;-45.8483;-1288.47;93978.1;154777;11217.9;320.124;227.062;0
359;4;1.504;183.342;-45.7775;-1304.48;94457.8;157413;11092.4;320.671;227.59;0
359;5;1.505;185.936;-45.6802;-1319.45;94855.8;159831;10882;321.134;228.109;0
359;6;1.506;187.565;-45.5622;-1333.32;95173.4;162017;10584.8;321.514;228.619;0
359;7;1.507;188.187;-45.4293;-1346.05;95412.5;163963;10199.9;321.81;229.117;0
359;8;1.508;187.77;-45.2868;-1357.63;95575.9;165659;9727.68;322.021;229.601;0
359;9;1.509;186.291;-45.1396;-1368.02;95666.6;167100;9169.34;322.147;230.069;0
360;0;1.51;183.735;-44.9917;-1377.22;95688.2;168281;8527.47;322.189;230.521;0
360;1;1.511;180.1;-44.8467;-1385.22;95644.7;169200;7805.7;322.147;230.953;0
360;2;1.512;175.393;-44.7073;-1392.02;95540.4;169857;7008.71;322.022;231.365;0
360;3;1.513;169.632;-44.5756;-1397.63;95379.6;170253;6142.13;321.816;231.756;0
360;4;1.514;162.846;-44.4533;-1402.08;95167.1;170393;5212.4;321.529;232.124;0
360;5;1.515;155.075;-44.3414;-1405.38;94907.7;170280;4226.69;321.163;232.468;0
360;6;1.516;146.367;-44.2406;-1407.58;94606.3;169923;3192.68;320.72;232.788;0
360;7;1.517;136.781;-44.1513;-1408.69;94268;169330;2118.51;320.203;233.081;0
360;8;1.518;126.382;-44.0739;-1408.78;93897.5;168510;1012.56;319.614;233.348;0
360;9;1.519;115.243;-44.0086;-1407.88;93500.1;167476;-116.659;318.956;233.588;0
361;0;1.52;103.444;-43.9558;-1406.05;93080.5;166239;-1260.64;318.231;233.8;0
361;1;1.521;91.0665;-43.9157;-1403.33;92643.7;164812;-2411;317.444;233.983;0
361;2;1.522;78.1988;-43.8891;-1399.79;92194.5;163211;-3559.6;316.596;234.137;0
361;3;1.523;64.9295;-43.8766;-1395.49;91737.5;161448;-4698.66;315.693;234.261;0
361;4;1.524;51.349;-43.8791;-1390.49;91277.4;159541;-5820.81;314.738;234.356;0
361;5;1.525;37.5473;-43.8977;-1384.84;90818.3;157504;-6919.23;313.734;234.42;0
361;6;1.526;23.6138;-43.9338;-1378.62;90364.6;155354;-7987.63;312.688;234.453;0
361;7;1.527;9.63558;-43.9886;-1371.9;89920.2;153106;-9020.36;311.602;234.456;0
361;8;1.528;-4.30311;-44.0635;-1364.72;89488.8;150777;-10012.4;310.482;234.427;0
361;9;1.529;-18.1217;-44.1601;-1357.16;89073.9;148381;-10959.5;309.332;234.367;0
362;0;1.53;-31.7438;-44.2794;-1349.28;88678.7;145936;-11857.9;308.158;234.277;0
362;1;1.531;-45.0983;-44.4228;-1341.14;88305.9;143455;-12704.6;306.964;234.156;0
362;2;1.532;-58.1192;-44.5911;-1332.81;87958.2;140953;-13497.3;305.757;234.005;0
362;3;1.533;-70.7462;-44.7849;-1324.32;87637.5;138445;-14234.3;304.54;233.825;0
362;4;1.534;-82.9251;-45.0045;-1315.75;87345.7;135943;-14914.5;303.319;233.616;0
362;5;1.535;-94.6079;-45.2499;-1307.15;87084.1;133461;-15537.2;302.101;233.379;0
362;6;1.536;-105.753;-45.5205;-1298.55;86853.5;131009;-16102.3;300.889;233.115;0
362;7;1.537;-116.324;-45.8154;-1290.01;86654.5;128599;-16610.2;299.688;232.827;0
362;8;1.538;-126.291;-46.1332;-1281.57;86487;126242;-17061.5;298.505;232.515;0
362;9;1.539;-135.632;-46.4719;-1273.26;86350.7;123944;-17457.5;297.344;232.182;0
363;0;1.54;-144.327;-46.8292;-1265.12;86244.8;121716;-17799.3;296.209;231.829;0
363;1;1.541;-152.364;-47.2023;-1257.17;86167.9;119563;-18088.7;295.105;231.459;0
363;2;1.542;-159.736;-47.588;-1249.43;86118.6;117491;-18327.3;294.036;231.074;0
363;3;1.543;-166.44;-47.9827;-1241.93;86094.8;115506;-18517;293.005;230.677;0
363;4;1.544;-172.477;-48.3824;-1234.68;86094;113611;-18660;292.017;230.27;0
363;5;1.545;-177.854;-48.7828;-1227.69;86113.8;111810;-18758.2;291.073;229.857;0
363;6;1.546;-182.578;-49.1793;-1220.97;86151;110103;-18813.8;290.177;229.44;0
363;7;1.547;-186.664;-49.5672;-1214.51;86202.6;108493;-18829;289.331;229.023;0
363;8;1.548;-190.127;-49.9415;-1208.32;86265.2;106979;-18805.9;288.536;228.607;0
363;9;1.549;-192.984;-50.2972;-1202.38;86335.2;105562;-18746.7;287.794;228.196;0
364;0;1.55;-195.256;-50.6291;-1196.69;86408.9;104238;-18653.4;287.105;227.794;0
364;1;1.551;-196.966;-50.9321;-1191.25;86482.6;103008;-18528.3;286.471;227.401;0
364;2;1.552;-198.137;-51.2013;-1186.02;86552.6;101867;-18373.3;285.89;227.022;0
364;3;1.553;-198.795;-51.4318;-1180.99;86614.9;100813;-18190.4;285.363;226.659;0
364;4;1.554;-198.966;-51.6189;-1176.15;86665.9;99842.5;-17981.8;284.889;226.314;0
364;5;1.555;-198.677;-51.7581;-1171.47;86702;98950.5;-17749.3;284.467;225.989;0
364;6;1.556;-197.955;-51.8453;-1166.93;86719.4;98132.9;-17494.8;284.095;225.686;0
364;7;1.557;-196.829;-51.8767;-1162.49;86715;97384.8;-17220.2;283.772;225.406;0
364;8;1.558;-195.328;-51.8487;-1158.15;86685.3;96701.2;-16927.4;283.496;225.152;0
364;9;1.559;-193.479;-51.7585;-1153.87;86627.4;96076.9;-16618.2;283.265;224.924;0
365;0;1.56;-191.31;-51.6033;-1149.62;86538.5;95506.5;-16294.4;283.077;224.724;0
365;1;1.561;-188.849;-51.381;-1145.38;86416;94984.6;-15957.7;282.929;224.552;0
365;2;1.562;-186.124;-51.0901;-1141.12;86257.6;94505.7;-15610;282.818;224.41;0
365;3;1.563;-183.162;-50.7294;-1136.82;86061.2;94064.5;-15252.8;282.744;224.297;0
365;4;1.564;-179.988;-50.2982;-1132.45;85825.2;93655.5;-14887.8;282.702;224.213;0
365;5;1.565;-176.628;-49.7964;-1127.99;85548;93273.6;-14516.7;282.69;224.159;0
365;6;1.566;-173.107;-49.2246;-1123.42;85228.6;92913.6;-14141.1;282.706;224.135;0
365;7;1.567;-169.448;-48.5834;-1118.71;84866;92570.7;-13762.5;282.748;224.139;0
365;8;1.568;-165.675;-47.8744;-1113.85;84459.7;92240.1;-13382.5;282.812;224.173;0
365;9;1.569;-161.81;-47.0993;-1108.81;84009.5;91917.3;-13002.4;282.897;224.234;0
366;0;1.57;-157.872;-46.2605;-1103.58;83515.5;91598.3;-12623.8;283.001;224.324;0
366;1;1.571;-153.882;-45.3605;-1098.16;82977.8;91278.9;-12248;283.12;224.439;0
366;2;1.572;-149.86;-44.4025;-1092.51;82397.3;90955.7;-11876.4;283.254;224.58;0
366;3;1.573;-145.821;-43.3898;-1086.64;81774.6;90625.2;-11510;283.399;224.746;0
366;4;1.574;-141.783;-42.326;-1080.54;81111;90284.4;-11150.2;283.555;224.935;0
366;5;1.575;-137.762;-41.2151;-1074.19;80407.8;89930.5;-10798.1;283.72;225.146;0
366;6;1.576;-133.771;-40.0613;-1067.59;79666.5;89561.1;-10454.6;283.891;225.377;0
366;7;1.577;-129.824;-38.8689;-1060.74;78889;89174.2;-10120.8;284.068;225.629;0
366;8;1.578;-125.933;-37.6424;-1053.65;78077.1;88767.9;-9797.45;284.248;225.898;0
366;9;1.579;-122.108;-36.3863;-1046.29;77233;88340.7;-9485.46;284.432;226.184;0
367;0;1.58;-118.36;-35.1053;-1038.69;76358.9;87891.4;-9185.52;284.617;226.486;0
367;1;1.581;-114.696;-33.8041;-1030.84;75457.1;87419.1;-8898.26;284.803;226.801;0
367;2;1.582;-111.126;-32.4874;-1022.75;74530.1;86923.1;-8624.25;284.989;227.128;0
367;3;1.583;-107.655;-31.1598;-1014.43;73580.2;86403.2;-8363.93;285.174;227.466;0
;;MAXIMO;188.187;16.8394;28.5825;95688.2;170393.0;11261.5;325.638;317.383;0.0
;;MINIMO;-198.966;-51.8767;-1408.78;-6272.08;-48819.0;-18829.0;-2229.0;-2711.23;0.0
;;RANGO;387.153;68.7161;1437.3625;101960.28;219212.0;30090.5;2554.638;3028.613;0.0
