Devices
1000
		Imported Bertec Force Plate #1 - Force			Imported Bertec Force Plate #1 - Moment			Imported Bertec Force Plate #1 - CoP			
Frame	Sub Frame	Fx	Fy	Fz	Mx	My	Mz	Cx	Cy	Cz
		N	N	N	N.mm	N.mm	N.mm	mm	mm	mm
209	0	2.72033	-1.14801	-445.965	537.618	25100.5	-155.371	256.284	298.794	0
209	1	2.73403	-1.14939	-445.961	532.803	25096.1	-156.904	256.274	298.805	0
209	2	2.74851	-1.15079	-445.956	528.021	25091.7	-158.355	256.265	298.816	0
209	3	2.76369	-1.1522	-445.952	523.29	25087.3	-159.727	256.256	298.827	0
209	4	2.77951	-1.15362	-445.947	518.623	25083.1	-161.025	256.247	298.837	0
209	5	2.79589	-1.15504	-445.943	514.033	25078.9	-162.255	256.238	298.847	0
209	6	2.81276	-1.15644	-445.938	509.53	25074.8	-163.423	256.229	298.857	0
209	7	2.83005	-1.15782	-445.934	505.12	25070.8	-164.536	256.221	298.867	0
209	8	2.84768	-1.15916	-445.929	500.809	25066.8	-165.599	256.213	298.877	0
209	9	2.86559	-1.16045	-445.925	496.598	25062.9	-166.619	256.204	298.886	0
210	0	2.88369	-1.16168	-445.92	492.489	25059.1	-167.603	256.196	298.896	0
210	1	2.90193	-1.16283	-445.916	488.48	25055.3	-168.557	256.188	298.905	0
210	2	2.92023	-1.16389	-445.912	484.567	25051.6	-169.488	256.181	298.913	0
210	3	2.93853	-1.16483	-445.908	480.746	25048	-170.4	256.173	298.922	0
210	4	2.95677	-1.16564	-445.904	477.011	25044.5	-171.3	256.166	298.93	0
210	5	2.97489	-1.16629	-445.9	473.356	25041	-172.192	256.158	298.938	0
210	6	2.99285	-1.16678	-445.896	469.774	25037.6	-173.08	256.151	298.946	0
210	7	3.01059	-1.16708	-445.893	466.258	25034.3	-173.968	256.144	298.954	0
210	8	3.02807	-1.16718	-445.89	462.803	25031.1	-174.859	256.137	298.962	0
210	9	3.04525	-1.16705	-445.887	459.403	25027.9	-175.756	256.131	298.97	0
211	0	3.06209	-1.16668	-445.884	456.055	25024.9	-176.659	256.124	298.977	0
211	1	3.07856	-1.16606	-445.881	452.756	25021.9	-177.571	256.118	298.985	0
211	2	3.09463	-1.16517	-445.879	449.503	25019.1	-178.492	256.112	298.992	0
211	3	3.11029	-1.16399	-445.877	446.297	25016.4	-179.42	256.106	298.999	0
211	4	3.1255	-1.16252	-445.875	443.137	25013.8	-180.356	256.1	299.006	0
211	5	3.14025	-1.16074	-445.873	440.028	25011.3	-181.297	256.095	299.013	0
211	6	3.15453	-1.15864	-445.871	436.969	25008.9	-182.239	256.09	299.02	0
211	7	3.16831	-1.15622	-445.87	433.966	25006.7	-183.181	256.085	299.027	0
211	8	3.18158	-1.15346	-445.868	431.021	25004.6	-184.117	256.081	299.033	0
211	9	3.19433	-1.15036	-445.867	428.137	25002.6	-185.044	256.076	299.04	0
212	0	3.20655	-1.14692	-445.866	425.318	25000.7	-185.955	256.072	299.046	0
212	1	3.21822	-1.14314	-445.865	422.567	24999	-186.845	256.068	299.052	0
212	2	3.22933	-1.13901	-445.865	419.884	24997.3	-187.709	256.065	299.058	0
212	3	3.23987	-1.13455	-445.865	417.271	24995.8	-188.54	256.061	299.064	0
212	4	3.24983	-1.12975	-445.865	414.727	24994.5	-189.332	256.058	299.07	0
212	5	3.25918	-1.12461	-445.865	412.252	24993.2	-190.079	256.056	299.075	0
212	6	3.26792	-1.11916	-445.866	409.842	24992.1	-190.776	256.053	299.081	0
212	7	3.27602	-1.1134	-445.866	407.495	24991	-191.416	256.051	299.086	0
212	8	3.28347	-1.10734	-445.868	405.206	24990.1	-191.996	256.048	299.091	0
212	9	3.29025	-1.10099	-445.87	402.967	24989.3	-192.509	256.046	299.096	0
213	0	3.29633	-1.09437	-445.872	400.771	24988.6	-192.952	256.044	299.101	0
213	1	3.3017	-1.0875	-445.875	398.608	24988	-193.323	256.043	299.106	0
213	2	3.30634	-1.08039	-445.878	396.467	24987.4	-193.618	256.041	299.111	0
213	3	3.31022	-1.07306	-445.882	394.335	24987	-193.836	256.04	299.116	0
213	4	3.31332	-1.06553	-445.887	392.196	24986.7	-193.977	256.038	299.12	0
213	5	3.31563	-1.05782	-445.893	390.033	24986.5	-194.04	256.037	299.125	0
213	6	3.31712	-1.04993	-445.899	387.827	24986.5	-194.027	256.036	299.13	0
213	7	3.31779	-1.0419	-445.907	385.558	24986.5	-193.939	256.035	299.135	0
213	8	3.31761	-1.03373	-445.916	383.202	24986.7	-193.779	256.035	299.141	0
213	9	3.31657	-1.02543	-445.926	380.736	24987	-193.551	256.034	299.146	0
214	0	3.31468	-1.01703	-445.937	378.133	24987.4	-193.257	256.034	299.152	0
214	1	3.31191	-1.00852	-445.949	375.367	24988	-192.903	256.033	299.158	0
214	2	3.30828	-0.99993	-445.963	372.409	24988.7	-192.492	256.033	299.165	0
214	3	3.30379	-0.991257	-445.979	369.231	24989.6	-192.031	256.033	299.172	0
214	4	3.29844	-0.982511	-445.996	365.801	24990.6	-191.524	256.033	299.18	0
214	5	3.29225	-0.973699	-446.014	362.089	24991.9	-190.977	256.034	299.188	0
214	6	3.28522	-0.964825	-446.035	358.064	24993.3	-190.396	256.034	299.197	0
214	7	3.27739	-0.955892	-446.057	353.692	24994.9	-189.786	256.035	299.207	0
214	8	3.26876	-0.946902	-446.08	348.942	24996.8	-189.153	256.037	299.218	0
214	9	3.25938	-0.937852	-446.106	343.781	24998.9	-188.504	256.038	299.229	0
215	0	3.24926	-0.92874	-446.133	338.175	25001.2	-187.845	256.04	299.242	0
215	1	3.23846	-0.919559	-446.162	332.092	25003.8	-187.18	256.042	299.256	0
215	2	3.227	-0.910299	-446.193	325.501	25006.7	-186.517	256.045	299.271	0
215	3	3.21493	-0.900946	-446.225	318.369	25009.9	-185.86	256.048	299.287	0
215	4	3.2023	-0.891484	-446.259	310.669	25013.4	-185.214	256.051	299.304	0
215	5	3.18917	-0.881894	-446.295	302.372	25017.2	-184.585	256.055	299.322	0
215	6	3.1756	-0.872153	-446.333	293.454	25021.4	-183.977	256.06	299.343	0
215	7	3.16165	-0.862233	-446.372	283.893	25025.9	-183.393	256.065	299.364	0
215	8	3.14739	-0.852108	-446.413	273.671	25030.8	-182.836	256.071	299.387	0
215	9	3.13289	-0.841746	-446.455	262.774	25036.2	-182.31	256.078	299.411	0
216	0	3.11823	-0.831115	-446.499	251.19	25041.9	-181.816	256.085	299.437	0
216	1	3.10349	-0.820181	-446.545	238.915	25048.1	-181.356	256.093	299.465	0
216	2	3.08876	-0.808911	-446.592	225.947	25054.7	-180.93	256.102	299.494	0
216	3	3.07413	-0.79727	-446.64	212.289	25061.8	-180.539	256.112	299.525	0
216	4	3.05968	-0.785223	-446.69	197.95	25069.4	-180.183	256.123	299.557	0
216	5	3.04553	-0.772737	-446.741	182.943	25077.5	-179.861	256.134	299.59	0
216	6	3.03175	-0.759779	-446.793	167.284	25086.1	-179.574	256.147	299.626	0
216	7	3.01846	-0.746317	-446.846	150.997	25095.3	-179.321	256.161	299.662	0
216	8	3.00576	-0.73232	-446.9	134.107	25105.1	-179.102	256.176	299.7	0
216	9	2.99377	-0.717759	-446.956	116.645	25115.4	-178.917	256.192	299.739	0
217	0	2.98257	-0.702605	-447.012	98.6459	25126.3	-178.767	256.21	299.779	0
217	1	2.97231	-0.68683	-447.069	80.1487	25137.9	-178.653	256.228	299.821	0
217	2	2.96308	-0.670408	-447.126	61.1954	25150.1	-178.576	256.248	299.863	0
217	3	2.955	-0.653313	-447.185	41.8317	25163	-178.541	256.27	299.906	0
217	4	2.9482	-0.635518	-447.243	22.1066	25176.5	-178.551	256.293	299.951	0
217	5	2.9428	-0.616998	-447.302	2.07167	25190.8	-178.61	256.317	299.995	0
217	6	2.93893	-0.59773	-447.361	-18.2189	25205.8	-178.725	256.343	300.041	0
217	7	2.93671	-0.57769	-447.42	-38.7086	25221.6	-178.901	256.371	300.087	0
217	8	2.93627	-0.556854	-447.479	-59.3392	25238.2	-179.148	256.401	300.133	0
217	9	2.93774	-0.535203	-447.537	-80.0511	25255.5	-179.472	256.432	300.179	0
218	0	2.94125	-0.512716	-447.595	-100.783	25273.7	-179.884	256.466	300.225	0
218	1	2.94693	-0.489378	-447.652	-121.475	25292.7	-180.393	256.501	300.271	0
218	2	2.95491	-0.465173	-447.708	-142.063	25312.6	-181.009	256.538	300.317	0
218	3	2.96532	-0.44009	-447.763	-162.487	25333.4	-181.742	256.578	300.363	0
218	4	2.97828	-0.414122	-447.816	-182.686	25355.1	-182.605	256.62	300.408	0
218	5	2.99393	-0.387264	-447.867	-202.6	25377.7	-183.606	256.664	300.452	0
218	6	3.01238	-0.359516	-447.916	-222.172	25401.3	-184.756	256.71	300.496	0
218	7	3.03375	-0.330883	-447.963	-241.346	25425.8	-186.067	256.759	300.539	0
218	8	3.05815	-0.301374	-448.007	-260.07	25451.3	-187.546	256.81	300.581	0
218	9	3.08569	-0.271003	-448.048	-278.296	25477.7	-189.205	256.864	300.621	0
219	0	3.11647	-0.239787	-448.086	-295.979	25505.1	-191.051	256.92	300.661	0
219	1	3.15058	-0.20775	-448.121	-313.08	25533.6	-193.093	256.979	300.699	0
219	2	3.18811	-0.174918	-448.152	-329.564	25563	-195.339	257.041	300.735	0
219	3	3.22913	-0.141325	-448.18	-345.402	25593.5	-197.795	257.105	300.771	0
219	4	3.27373	-0.107004	-448.203	-360.571	25625	-200.468	257.173	300.805	0
219	5	3.32194	-0.0719965	-448.222	-375.053	25657.6	-203.361	257.243	300.837	0
219	6	3.37384	-0.0363452	-448.237	-388.836	25691.1	-206.48	257.316	300.867	0
219	7	3.42945	-9.70967e-05	-448.247	-401.914	25725.8	-209.827	257.392	300.897	0
219	8	3.48881	0.0366973	-448.252	-414.287	25761.5	-213.404	257.471	300.924	0
219	9	3.55195	0.0739845	-448.252	-425.961	25798.4	-217.211	257.553	300.95	0
220	0	3.61889	0.111707	-448.248	-436.947	25836.3	-221.248	257.638	300.975	0
220	1	3.68962	0.149806	-448.239	-447.262	25875.4	-225.513	257.727	300.998	0
220	2	3.76415	0.188218	-448.224	-456.925	25915.6	-230.004	257.818	301.019	0
220	3	3.84247	0.226877	-448.205	-465.963	25957.1	-234.716	257.913	301.04	0
220	4	3.92456	0.265715	-448.181	-474.403	25999.7	-239.645	258.012	301.059	0
220	5	4.01042	0.304661	-448.152	-482.279	26043.6	-244.786	258.113	301.076	0
220	6	4.10001	0.34364	-448.118	-489.623	26088.7	-250.133	258.218	301.093	0
220	7	4.1933	0.382576	-448.08	-496.472	26135.2	-255.68	258.327	301.108	0
220	8	4.29026	0.421391	-448.037	-502.863	26182.9	-261.422	258.439	301.122	0
220	9	4.39084	0.460004	-447.99	-508.832	26232.1	-267.353	258.555	301.136	0
221	0	4.49501	0.498334	-447.938	-514.416	26282.6	-273.467	258.675	301.148	0
221	1	4.60271	0.536298	-447.883	-519.649	26334.6	-279.76	258.798	301.16	0
221	2	4.7139	0.573813	-447.823	-524.565	26388	-286.228	258.925	301.171	0
221	3	4.82851	0.610796	-447.76	-529.195	26442.9	-292.867	259.056	301.182	0
221	4	4.94649	0.647161	-447.693	-533.565	26499.3	-299.674	259.191	301.192	0
221	5	5.06776	0.682826	-447.623	-537.699	26557.2	-306.647	259.329	301.201	0
221	6	5.19226	0.717705	-447.55	-541.617	26616.7	-313.785	259.472	301.21	0
221	7	5.3199	0.751716	-447.473	-545.333	26677.7	-321.087	259.619	301.219	0
221	8	5.45061	0.784771	-447.394	-548.857	26740.3	-328.553	259.769	301.227	0
221	9	5.58429	0.816785	-447.311	-552.195	26804.5	-336.183	259.924	301.234	0
222	0	5.72086	0.84767	-447.226	-555.344	26870.2	-343.975	260.082	301.242	0
222	1	5.8602	0.877335	-447.138	-558.301	26937.6	-351.931	260.244	301.249	0
222	2	6.00221	0.905688	-447.047	-561.052	27006.5	-360.05	260.411	301.255	0
222	3	6.14679	0.932634	-446.954	-563.581	27076.9	-368.332	260.581	301.261	0
222	4	6.2938	0.958075	-446.858	-565.864	27148.9	-376.774	260.755	301.266	0
222	5	6.44312	0.98191	-446.759	-567.872	27222.4	-385.377	260.933	301.271	0
222	6	6.59462	1.00403	-446.657	-569.571	27297.4	-394.136	261.115	301.275	0
222	7	6.74817	1.02434	-446.552	-570.919	27373.8	-403.05	261.3	301.279	0
222	8	6.9036	1.04273	-446.445	-571.87	27451.7	-412.113	261.49	301.281	0
222	9	7.06077	1.05908	-446.334	-572.373	27530.9	-421.321	261.682	301.282	0
223	0	7.21952	1.07329	-446.221	-572.37	27611.4	-430.667	261.878	301.283	0
223	1	7.37968	1.08525	-446.103	-571.8	27693.1	-440.144	262.078	301.282	0
223	2	7.54108	1.09485	-445.983	-570.597	27776	-449.742	262.28	301.279	0
223	3	7.70352	1.10199	-445.858	-568.689	27860	-459.452	262.486	301.275	0
223	4	7.86684	1.10655	-445.73	-566.003	27945.1	-469.261	262.695	301.27	0
223	5	8.03083	1.10845	-445.598	-562.461	28031.1	-479.155	262.907	301.262	0
223	6	8.19529	1.10759	-445.461	-557.982	28117.9	-489.12	263.121	301.253	0
223	7	8.36004	1.10389	-445.32	-552.484	28205.5	-499.139	263.338	301.241	0
223	8	8.52487	1.09726	-445.174	-545.883	28293.8	-509.192	263.557	301.226	0
223	9	8.68957	1.08764	-445.023	-538.094	28382.7	-519.26	263.778	301.209	0
224	0	8.85394	1.07497	-444.866	-529.029	28472	-529.321	264.001	301.189	0
224	1	9.01778	1.05919	-444.704	-518.607	28561.7	-539.351	264.226	301.166	0
224	2	9.18088	1.04026	-444.536	-506.742	28651.6	-549.325	264.453	301.14	0
224	3	9.34304	1.01815	-444.362	-493.356	28741.7	-559.216	264.681	301.11	0
224	4	9.50407	0.992846	-444.182	-478.373	28831.7	-568.997	264.91	301.077	0
224	5	9.66377	0.964335	-443.994	-461.72	28921.6	-578.636	265.14	301.04	0
224	6	9.82195	0.932623	-443.8	-443.332	29011.3	-588.103	265.37	300.999	0
224	7	9.97841	0.897727	-443.598	-423.152	29100.6	-597.366	265.601	300.954	0
224	8	10.133	0.859676	-443.388	-401.129	29189.4	-606.391	265.833	300.905	0
224	9	10.2855	0.818512	-443.169	-377.222	29277.5	-615.143	266.064	300.851	0
225	0	10.4357	0.774289	-442.942	-351.398	29364.9	-623.586	266.295	300.793	0
225	1	10.5835	0.727073	-442.706	-323.636	29451.3	-631.685	266.526	300.731	0
225	2	10.7287	0.676942	-442.461	-293.927	29536.7	-639.403	266.756	300.664	0
225	3	10.8711	0.623989	-442.206	-262.271	29620.9	-646.704	266.985	300.593	0
225	4	11.0107	0.568314	-441.94	-228.681	29703.9	-653.55	267.212	300.517	0
225	5	11.1471	0.510032	-441.664	-193.184	29785.3	-659.905	267.439	300.437	0
225	6	11.2804	0.449268	-441.377	-155.817	29865.3	-665.732	267.664	300.353	0
225	7	11.4103	0.386156	-441.079	-116.63	29943.5	-670.996	267.887	300.264	0
225	8	11.5367	0.320843	-440.769	-75.6874	30019.9	-675.662	268.108	300.172	0
225	9	11.6596	0.253483	-440.447	-33.0634	30094.5	-679.696	268.327	300.075	0
226	0	11.7787	0.184241	-440.113	11.1548	30167	-683.064	268.544	299.975	0
226	1	11.8941	0.113289	-439.767	56.869	30237.5	-685.736	268.758	299.871	0
226	2	12.0055	0.0408071	-439.408	103.97	30305.7	-687.68	268.97	299.763	0
226	3	12.1131	-0.0330182	-439.036	152.339	30371.8	-688.869	269.178	299.653	0
226	4	12.2166	-0.107995	-438.651	201.847	30435.5	-689.276	269.384	299.54	0
226	5	12.316	-0.183926	-438.252	252.357	30496.8	-688.875	269.587	299.424	0
226	6	12.4114	-0.260614	-437.841	303.724	30555.7	-687.645	269.787	299.306	0
226	7	12.5027	-0.337855	-437.415	355.795	30612.1	-685.565	269.984	299.187	0
226	8	12.5899	-0.415448	-436.976	408.414	30666.1	-682.618	270.178	299.065	0
226	9	12.6731	-0.493191	-436.523	461.417	30717.6	-678.789	270.369	298.943	0
227	0	12.7522	-0.570884	-436.056	514.636	30766.5	-674.066	270.556	298.82	0
227	1	12.8273	-0.648331	-435.575	567.901	30813	-668.442	270.741	298.696	0
227	2	12.8986	-0.725338	-435.08	621.04	30857	-661.911	270.923	298.573	0
227	3	12.9661	-0.801718	-434.57	673.877	30898.5	-654.472	271.101	298.449	0
227	4	13.0298	-0.877289	-434.046	726.239	30937.5	-646.129	271.277	298.327	0
227	5	13.09	-0.951875	-433.508	777.952	30974.2	-636.886	271.45	298.205	0
227	6	13.1467	-1.02531	-432.955	828.842	31008.5	-626.757	271.621	298.086	0
227	7	13.2002	-1.09743	-432.387	878.738	31040.5	-615.756	271.789	297.968	0
227	8	13.2505	-1.1681	-431.805	927.471	31070.2	-603.903	271.954	297.852	0
227	9	13.2978	-1.23716	-431.208	974.877	31097.8	-591.222	272.118	297.739	0
228	0	13.3424	-1.30449	-430.595	1020.79	31123.2	-577.743	272.279	297.629	0
228	1	13.3845	-1.36996	-429.968	1065.06	31146.6	-563.5	272.439	297.523	0
228	2	13.4241	-1.43347	-429.326	1107.54	31167.9	-548.529	272.597	297.42	0
228	3	13.4616	-1.49493	-428.668	1148.06	31187.4	-532.875	272.754	297.322	0
228	4	13.4971	-1.55424	-427.995	1186.49	31205.1	-516.583	272.91	297.228	0
228	5	13.5308	-1.61133	-427.307	1222.69	31221	-499.707	273.065	297.139	0
228	6	13.5629	-1.66613	-426.603	1256.53	31235.2	-482.3	273.218	297.055	0
228	7	13.5937	-1.71861	-425.884	1287.87	31247.8	-464.424	273.372	296.976	0
228	8	13.6233	-1.7687	-425.149	1316.6	31258.8	-446.142	273.524	296.903	0
228	9	13.6519	-1.8164	-424.398	1342.61	31268.4	-427.521	273.677	296.836	0
229	0	13.6797	-1.86168	-423.631	1365.77	31276.5	-408.634	273.83	296.776	0
229	1	13.7067	-1.90454	-422.849	1385.98	31283.3	-389.554	273.982	296.722	0
229	2	13.7333	-1.94497	-422.051	1403.16	31288.8	-370.359	274.135	296.675	0
229	3	13.7594	-1.983	-421.237	1417.21	31293.1	-351.129	274.289	296.636	0
229	4	13.7853	-2.01864	-420.407	1428.05	31296.1	-331.948	274.443	296.603	0
229	5	13.811	-2.05192	-419.561	1435.62	31298	-312.9	274.597	296.578	0
229	6	13.8365	-2.08288	-418.699	1439.84	31298.8	-294.071	274.752	296.561	0
229	7	13.862	-2.11155	-417.822	1440.67	31298.4	-275.549	274.909	296.552	0
229	8	13.8875	-2.138	-416.928	1438.06	31297	-257.422	275.066	296.551	0
229	9	13.913	-2.16225	-416.019	1431.98	31294.5	-239.778	275.224	296.558	0
230	0	13.9386	-2.18438	-415.095	1422.42	31291	-222.705	275.383	296.573	0
230	1	13.9641	-2.20444	-414.155	1409.36	31286.5	-206.291	275.543	296.597	0
230	2	13.9897	-2.22248	-413.199	1392.81	31280.9	-190.621	275.704	296.629	0
230	3	14.0152	-2.23857	-412.228	1372.79	31274.3	-175.78	275.867	296.67	0
230	4	14.0407	-2.25277	-411.243	1349.31	31266.7	-161.849	276.03	296.719	0
230	5	14.0659	-2.26514	-410.242	1322.42	31258.1	-148.908	276.194	296.776	0
230	6	14.091	-2.27575	-409.227	1292.18	31248.4	-137.033	276.36	296.842	0
230	7	14.1158	-2.28467	-408.198	1258.66	31237.7	-126.297	276.526	296.917	0
230	8	14.1403	-2.29194	-407.155	1221.92	31225.9	-116.767	276.693	296.999	0
230	9	14.1644	-2.29765	-406.097	1182.07	31213	-108.509	276.861	297.089	0
231	0	14.188	-2.30183	-405.027	1139.21	31198.9	-101.581	277.029	297.187	0
231	1	14.211	-2.30457	-403.943	1093.46	31183.8	-96.0377	277.198	297.293	0
231	2	14.2336	-2.30591	-402.846	1044.96	31167.4	-91.926	277.368	297.406	0
231	3	14.2555	-2.30591	-401.737	993.837	31149.9	-89.2882	277.538	297.526	0
231	4	14.2768	-2.30462	-400.615	940.265	31131.2	-88.16	277.708	297.653	0
231	5	14.2975	-2.3021	-399.481	884.406	31111.2	-88.5702	277.879	297.786	0
231	6	14.3176	-2.2984	-398.336	826.442	31089.9	-90.5408	278.049	297.925	0
231	7	14.3372	-2.29356	-397.179	766.564	31067.3	-94.0866	278.22	298.07	0
231	8	14.3562	-2.28762	-396.01	704.971	31043.3	-99.2153	278.39	298.22	0
231	9	14.3748	-2.28064	-394.831	641.875	31017.9	-105.927	278.56	298.374	0
232	0	14.393	-2.27264	-393.641	577.492	30991.2	-114.215	278.73	298.533	0
232	1	14.411	-2.26366	-392.44	512.046	30962.9	-124.065	278.899	298.695	0
232	2	14.4288	-2.25373	-391.228	445.767	30933.2	-135.455	279.067	298.861	0
232	3	14.4466	-2.24287	-390.006	378.888	30902	-148.357	279.235	299.029	0
232	4	14.4644	-2.23112	-388.773	311.647	30869.2	-162.733	279.401	299.198	0
232	5	14.4825	-2.21849	-387.531	244.279	30834.8	-178.54	279.567	299.37	0
232	6	14.501	-2.20501	-386.278	177.022	30798.8	-195.729	279.732	299.542	0
232	7	14.52	-2.19068	-385.014	110.113	30761.1	-214.244	279.896	299.714	0
232	8	14.5397	-2.17552	-383.741	43.7822	30721.8	-234.022	280.059	299.886	0
232	9	14.5603	-2.15955	-382.458	-21.7411	30680.7	-254.994	280.22	300.057	0
233	0	14.5819	-2.14278	-381.164	-86.2352	30638	-277.087	280.38	300.226	0
233	1	14.6046	-2.12523	-379.861	-149.485	30593.4	-300.222	280.538	300.394	0
233	2	14.6286	-2.1069	-378.548	-211.285	30547.1	-324.316	280.695	300.558	0
233	3	14.654	-2.08782	-377.224	-271.439	30498.9	-349.283	280.851	300.72	0
233	4	14.6809	-2.068	-375.891	-329.76	30449	-375.032	281.005	300.877	0
233	5	14.7095	-2.04746	-374.549	-386.075	30397.2	-401.469	281.157	301.031	0
233	6	14.7397	-2.02621	-373.196	-440.223	30343.5	-428.498	281.307	301.18	0
233	7	14.7717	-2.00428	-371.834	-492.056	30287.9	-456.021	281.455	301.323	0
233	8	14.8055	-1.98167	-370.464	-541.441	30230.4	-483.937	281.602	301.462	0
233	9	14.8411	-1.95842	-369.084	-588.259	30171	-512.146	281.746	301.594	0
234	0	14.8785	-1.93455	-367.695	-632.405	30109.7	-540.544	281.888	301.72	0
234	1	14.9177	-1.91007	-366.298	-673.791	30046.5	-569.028	282.028	301.839	0
234	2	14.9585	-1.885	-364.893	-712.342	29981.4	-597.495	282.165	301.952	0
234	3	15.001	-1.85937	-363.48	-748.002	29914.4	-625.839	282.3	302.058	0
234	4	15.045	-1.83319	-362.06	-780.727	29845.5	-653.958	282.432	302.156	0
234	5	15.0904	-1.80648	-360.634	-810.491	29774.7	-681.749	282.562	302.247	0
234	6	15.1369	-1.77924	-359.202	-837.284	29702.1	-709.107	282.689	302.331	0
234	7	15.1844	-1.75148	-357.764	-861.109	29627.7	-735.933	282.813	302.407	0
234	8	15.2326	-1.72321	-356.322	-881.987	29551.5	-762.125	282.935	302.475	0
234	9	15.2813	-1.69443	-354.877	-899.954	29473.5	-787.583	283.053	302.536	0
235	0	15.3302	-1.66511	-353.428	-915.061	29393.9	-812.211	283.168	302.589	0
235	1	15.3789	-1.63524	-351.977	-927.373	29312.7	-835.913	283.28	302.635	0
235	2	15.4272	-1.60481	-350.526	-936.972	29229.8	-858.594	283.388	302.673	0
235	3	15.4745	-1.57377	-349.075	-943.952	29145.5	-880.164	283.493	302.704	0
235	4	15.5205	-1.54209	-347.625	-948.425	29059.7	-900.534	283.595	302.728	0
235	5	15.5648	-1.50971	-346.178	-950.514	28972.6	-919.617	283.693	302.746	0
235	6	15.6069	-1.4766	-344.735	-950.358	28884.2	-937.331	283.787	302.757	0
235	7	15.6462	-1.44268	-343.297	-948.108	28794.7	-953.597	283.877	302.762	0
235	8	15.6824	-1.40788	-341.866	-943.928	28704.1	-968.337	283.963	302.761	0
235	9	15.7148	-1.37214	-340.444	-937.998	28612.5	-981.481	284.045	302.755	0
236	0	15.743	-1.33537	-339.031	-930.505	28520.1	-992.961	284.122	302.745	0
236	1	15.7663	-1.2975	-337.629	-921.651	28426.9	-1002.71	284.196	302.73	0
236	2	15.7842	-1.25845	-336.241	-911.649	28333.1	-1010.68	284.264	302.711	0
236	3	15.7961	-1.21811	-334.867	-900.721	28238.9	-1016.81	284.328	302.69	0
236	4	15.8015	-1.17642	-333.511	-889.098	28144.2	-1021.05	284.388	302.666	0
236	5	15.7998	-1.13329	-332.172	-877.022	28049.3	-1023.36	284.442	302.64	0
236	6	15.7903	-1.08863	-330.854	-864.739	27954.3	-1023.7	284.491	302.614	0
236	7	15.7725	-1.04235	-329.558	-852.506	27859.4	-1022.05	284.536	302.587	0
236	8	15.7459	-0.994388	-328.286	-840.58	27764.6	-1018.39	284.574	302.561	0
236	9	15.7098	-0.944662	-327.039	-829.226	27670.1	-1012.69	284.608	302.536	0
237	0	15.6638	-0.893102	-325.821	-818.709	27576.1	-1004.94	284.636	302.513	0
237	1	15.6072	-0.839647	-324.632	-809.295	27482.7	-995.15	284.658	302.493	0
237	2	15.5396	-0.784238	-323.475	-801.25	27390	-983.316	284.674	302.477	0
237	3	15.4606	-0.726827	-322.351	-794.836	27298.2	-969.452	284.685	302.466	0
237	4	15.3696	-0.667372	-321.262	-790.309	27207.5	-953.576	284.69	302.46	0
237	5	15.2662	-0.605839	-320.21	-787.921	27118	-935.717	284.688	302.461	0
237	6	15.15	-0.542206	-319.197	-787.914	27029.8	-915.907	284.681	302.468	0
237	7	15.0206	-0.476459	-318.225	-790.517	26943.2	-894.19	284.667	302.484	0
237	8	14.8778	-0.408595	-317.295	-795.95	26858.1	-870.613	284.647	302.509	0
237	9	14.7213	-0.338623	-316.409	-804.415	26774.9	-845.234	284.621	302.542	0
238	0	14.5508	-0.266562	-315.569	-816.101	26693.5	-818.118	284.589	302.586	0
238	1	14.366	-0.192446	-314.775	-831.177	26614.3	-789.336	284.55	302.641	0
238	2	14.167	-0.116317	-314.029	-849.791	26537.3	-758.966	284.506	302.706	0
238	3	13.9535	-0.0382324	-313.334	-872.075	26462.6	-727.097	284.455	302.783	0
238	4	13.7256	0.0417395	-312.689	-898.134	26390.4	-693.819	284.398	302.872	0
238	5	13.4831	0.123518	-312.096	-928.054	26320.8	-659.234	284.336	302.974	0
238	6	13.2263	0.207012	-311.556	-961.896	26253.9	-623.448	284.267	303.087	0
238	7	12.9551	0.292118	-311.069	-999.697	26189.8	-586.573	284.193	303.214	0
238	8	12.6698	0.378723	-310.637	-1041.47	26128.7	-548.728	284.113	303.353	0
238	9	12.3706	0.466703	-310.26	-1087.21	26070.6	-510.036	284.028	303.504	0
239	0	12.0577	0.555927	-309.939	-1136.87	26015.6	-470.625	283.938	303.668	0
239	1	11.7316	0.646255	-309.674	-1190.39	25963.8	-430.627	283.842	303.844	0
239	2	11.3925	0.737539	-309.465	-1247.71	25915.3	-390.178	283.742	304.032	0
239	3	11.0409	0.829627	-309.312	-1308.71	25870	-349.417	283.637	304.231	0
239	4	10.6773	0.922362	-309.215	-1373.27	25828.2	-308.482	283.528	304.441	0
239	5	10.3022	1.01558	-309.175	-1441.25	25789.7	-267.517	283.415	304.662	0
239	6	9.91628	1.10913	-309.19	-1512.48	25754.7	-226.662	283.297	304.892	0
239	7	9.52013	1.20283	-309.26	-1586.79	25723.1	-186.059	283.176	305.131	0
239	8	9.11444	1.29652	-309.385	-1663.99	25695	-145.848	283.052	305.378	0
239	9	8.69993	1.39005	-309.564	-1743.88	25670.4	-106.169	282.924	305.633	0
240	0	8.27738	1.48325	-309.796	-1826.24	25649.3	-67.1574	282.794	305.895	0
240	1	7.84759	1.57597	-310.08	-1910.86	25631.6	-28.945	282.661	306.162	0
240	2	7.41142	1.66806	-310.414	-1997.51	25617.3	8.33936	282.526	306.435	0
240	3	6.96974	1.75938	-310.798	-2085.96	25606.4	44.572	282.389	306.712	0
240	4	6.52348	1.84979	-311.229	-2176	25598.8	79.6345	282.251	306.992	0
240	5	6.07356	1.93916	-311.707	-2267.38	25594.5	113.415	282.111	307.274	0
240	6	5.62098	2.02739	-312.228	-2359.9	25593.4	145.808	281.97	307.558	0
240	7	5.16671	2.11437	-312.792	-2453.34	25595.3	176.715	281.829	307.843	0
240	8	4.7118	2.2	-313.396	-2547.49	25600.3	206.045	281.687	308.129	0
240	9	4.25727	2.28423	-314.038	-2642.16	25608.2	233.719	281.545	308.414	0
241	0	3.80418	2.36698	-314.716	-2737.17	25618.8	259.662	281.403	308.697	0
241	1	3.35361	2.44822	-315.426	-2832.35	25632	283.811	281.262	308.979	0
241	2	2.90664	2.52791	-316.167	-2927.55	25647.8	306.115	281.121	309.26	0
241	3	2.46436	2.60606	-316.935	-3022.63	25665.9	326.53	280.982	309.537	0
241	4	2.02787	2.68268	-317.727	-3117.46	25686.2	345.026	280.844	309.812	0
241	5	1.59828	2.75779	-318.542	-3211.95	25708.5	361.582	280.707	310.083	0
241	6	1.17667	2.83145	-319.375	-3306.01	25732.7	376.191	280.572	310.352	0
241	7	0.764139	2.90373	-320.224	-3399.55	25758.5	388.855	280.439	310.616	0
241	8	0.361765	2.97471	-321.085	-3492.51	25785.9	399.59	280.309	310.877	0
241	9	-0.0293906	3.04449	-321.956	-3584.86	25814.6	408.422	280.18	311.135	0
242	0	-0.408286	3.1132	-322.833	-3676.54	25844.4	415.392	280.055	311.388	0
242	1	-0.773908	3.18096	-323.713	-3767.53	25875.1	420.547	279.932	311.638	0
242	2	-1.12527	3.24791	-324.594	-3857.8	25906.7	423.949	279.813	311.885	0
242	3	-1.46144	3.3142	-325.473	-3947.33	25938.9	425.67	279.696	312.128	0
242	4	-1.78152	3.37999	-326.346	-4036.12	25971.5	425.789	279.583	312.368	0
242	5	-2.08465	3.44543	-327.211	-4124.12	26004.4	424.397	279.473	312.604	0
242	6	-2.37006	3.51067	-328.066	-4211.33	26037.5	421.59	279.367	312.837	0
242	7	-2.63701	3.57588	-328.908	-4297.71	26070.5	417.473	279.264	313.067	0
242	8	-2.88485	3.64118	-329.735	-4383.22	26103.4	412.157	279.165	313.293	0
242	9	-3.11299	3.70672	-330.544	-4467.81	26136.1	405.755	279.07	313.517	0
243	0	-3.32094	3.7726	-331.334	-4551.42	26168.4	398.387	278.979	313.737	0
243	1	-3.50827	3.83893	-332.103	-4633.97	26200.2	390.173	278.892	313.953	0
243	2	-3.67466	3.90578	-332.85	-4715.36	26231.4	381.235	278.808	314.167	0
243	3	-3.81987	3.97321	-333.573	-4795.48	26262	371.696	278.729	314.376	0
243	4	-3.94377	4.04125	-334.271	-4874.19	26291.9	361.676	278.654	314.582	0
243	5	-4.04631	4.10991	-334.944	-4951.35	26320.9	351.294	278.583	314.783	0
243	6	-4.12754	4.17916	-335.59	-5026.77	26349.2	340.665	278.516	314.979	0
243	7	-4.18764	4.24898	-336.209	-5100.27	26376.7	329.899	278.453	315.17	0
243	8	-4.22685	4.31927	-336.801	-5171.64	26403.3	319.102	278.394	315.355	0
243	9	-4.24556	4.38995	-337.366	-5240.64	26429	308.373	278.339	315.534	0
244	0	-4.24423	4.4609	-337.903	-5307.05	26453.8	297.805	278.288	315.706	0
244	1	-4.22342	4.53197	-338.414	-5370.59	26477.8	287.481	278.241	315.87	0
244	2	-4.18381	4.603	-338.898	-5431.02	26500.9	277.479	278.197	316.026	0
244	3	-4.12615	4.6738	-339.356	-5488.06	26523.3	267.868	278.158	316.172	0
244	4	-4.0513	4.74419	-339.789	-5541.43	26544.8	258.706	278.121	316.308	0
244	5	-3.9602	4.81395	-340.198	-5590.88	26565.6	250.045	278.089	316.434	0
244	6	-3.85386	4.88286	-340.583	-5636.14	26585.8	241.928	278.06	316.548	0
244	7	-3.73339	4.95071	-340.947	-5676.97	26605.3	234.387	278.034	316.651	0
244	8	-3.59995	5.01728	-341.289	-5713.15	26624.2	227.448	278.011	316.74	0
244	9	-3.45477	5.08236	-341.612	-5744.46	26642.6	221.129	277.991	316.816	0
245	0	-3.29911	5.14573	-341.916	-5770.73	26660.5	215.44	277.974	316.878	0
245	1	-3.13431	5.20721	-342.204	-5791.84	26678.1	210.385	277.96	316.925	0
245	2	-2.9617	5.26663	-342.476	-5807.67	26695.3	205.962	277.948	316.958	0
245	3	-2.78268	5.32384	-342.735	-5818.19	26712.2	202.163	277.938	316.976	0
245	4	-2.59865	5.37872	-342.981	-5823.37	26728.8	198.979	277.931	316.979	0
245	5	-2.41099	5.43118	-343.216	-5823.28	26745.3	196.394	277.926	316.967	0
245	6	-2.22111	5.48115	-343.441	-5818.01	26761.7	194.395	277.922	316.94	0
245	7	-2.0304	5.52861	-343.659	-5807.72	26777.9	192.964	277.92	316.9	0
245	8	-1.84022	5.57356	-343.87	-5792.61	26794.1	192.086	277.919	316.845	0
245	9	-1.65191	5.61606	-344.075	-5772.97	26810.2	191.745	277.92	316.778	0
246	0	-1.46678	5.6562	-344.277	-5749.12	26826.3	191.928	277.921	316.699	0
246	1	-1.28608	5.69408	-344.476	-5721.45	26842.4	192.624	277.923	316.609	0
246	2	-1.11102	5.72986	-344.673	-5690.37	26858.5	193.826	277.925	316.51	0
246	3	-0.94275	5.76373	-344.87	-5656.38	26874.7	195.531	277.927	316.402	0
246	4	-0.782359	5.7959	-345.067	-5620	26890.9	197.74	277.929	316.287	0
246	5	-0.630868	5.82663	-345.267	-5581.8	26907.1	200.456	277.931	316.167	0
246	6	-0.489223	5.85616	-345.469	-5542.35	26923.4	203.691	277.933	316.043	0
246	7	-0.358294	5.88479	-345.674	-5502.28	26939.7	207.459	277.934	315.918	0
246	8	-0.23887	5.91281	-345.884	-5462.22	26956	211.777	277.934	315.792	0
246	9	-0.131655	5.94053	-346.099	-5422.81	26972.3	216.67	277.932	315.668	0
247	0	-0.0372652	5.96824	-346.321	-5384.69	26988.7	222.163	277.93	315.548	0
247	1	0.043773	5.99625	-346.549	-5348.48	27005.1	228.287	277.926	315.434	0
247	2	0.111025	6.02485	-346.784	-5314.79	27021.5	235.074	277.92	315.326	0
247	3	0.16415	6.05432	-347.027	-5284.2	27037.9	242.558	277.913	315.227	0
247	4	0.2029	6.08491	-347.278	-5257.26	27054.3	250.776	277.904	315.138	0
247	5	0.227125	6.11684	-347.539	-5234.47	27070.8	259.761	277.893	315.062	0
247	6	0.236765	6.15032	-347.809	-5216.26	27087.2	269.548	277.88	314.998	0
247	7	0.231858	6.1855	-348.088	-5203.03	27103.7	280.17	277.864	314.947	0
247	8	0.212533	6.22248	-348.377	-5195.1	27120.1	291.657	277.847	314.912	0
247	9	0.179008	6.26135	-348.677	-5192.7	27136.6	304.032	277.827	314.893	0
248	0	0.131591	6.30213	-348.987	-5196.03	27153.1	317.316	277.806	314.889	0
248	1	0.0706753	6.34477	-349.307	-5205.17	27169.6	331.523	277.782	314.901	0
248	2	-0.00326711	6.38921	-349.637	-5220.12	27186.1	346.659	277.755	314.93	0
248	3	-0.0896861	6.43531	-349.978	-5240.83	27202.7	362.721	277.727	314.975	0
248	4	-0.18796	6.48288	-350.329	-5267.15	27219.3	379.699	277.696	315.035	0
248	5	-0.297403	6.5317	-350.69	-5298.85	27235.9	397.57	277.664	315.11	0
248	6	-0.417265	6.58149	-351.061	-5335.61	27252.6	416.305	277.629	315.199	0
248	7	-0.546745	6.63193	-351.442	-5377.07	27269.4	435.859	277.593	315.3	0
248	8	-0.684993	6.68265	-351.832	-5422.77	27286.2	456.18	277.555	315.413	0
248	9	-0.831118	6.73328	-352.232	-5472.22	27303.1	477.201	277.515	315.536	0
249	0	-0.984195	6.78338	-352.641	-5524.84	27320.1	498.846	277.473	315.667	0
249	1	-1.14327	6.83251	-353.059	-5580.02	27337.2	521.027	277.43	315.805	0
249	2	-1.30738	6.88023	-353.485	-5637.13	27354.5	543.644	277.385	315.947	0
249	3	-1.47552	6.92605	-353.92	-5695.48	27371.9	566.588	277.339	316.093	0
249	4	-1.64671	6.96952	-354.363	-5754.36	27389.6	589.739	277.293	316.239	0
249	5	-1.81995	7.01015	-354.813	-5813.07	27407.4	612.969	277.245	316.384	0
249	6	-1.99426	7.04751	-355.271	-5870.9	27425.5	636.143	277.196	316.525	0
249	7	-2.16865	7.08115	-355.737	-5927.14	27443.9	659.12	277.147	316.662	0
249	8	-2.34218	7.11065	-356.209	-5981.1	27462.5	681.751	277.096	316.791	0
249	9	-2.5139	7.13563	-356.688	-6032.11	27481.4	703.886	277.046	316.911	0
250	0	-2.6829	7.15574	-357.172	-6079.56	27500.6	725.373	276.995	317.021	0
250	1	-2.84832	7.17067	-357.662	-6122.84	27520.1	746.059	276.944	317.119	0
250	2	-3.0093	7.18014	-358.156	-6161.43	27539.9	765.793	276.893	317.203	0
250	3	-3.16504	7.18393	-358.654	-6194.84	27559.9	784.425	276.843	317.272	0
250	4	-3.31478	7.18187	-359.156	-6222.66	27580.2	801.813	276.792	317.326	0
250	5	-3.45782	7.17383	-359.659	-6244.54	27600.7	817.818	276.741	317.362	0
250	6	-3.59348	7.15974	-360.163	-6260.19	27621.4	832.311	276.691	317.382	0
250	7	-3.72115	7.13959	-360.667	-6269.42	27642.1	845.169	276.642	317.383	0
250	8	-3.84027	7.1134	-361.17	-6272.08	27662.8	856.284	276.592	317.366	0
250	9	-3.95032	7.08127	-361.669	-6268.12	27683.5	865.555	276.544	317.331	0
251	0	-4.05085	7.04332	-362.164	-6257.55	27704	872.898	276.496	317.278	0
251	1	-4.14145	6.99973	-362.653	-6240.47	27724.2	878.241	276.448	317.208	0
251	2	-4.22179	6.95073	-363.134	-6217.02	27744	881.528	276.402	317.12	0
251	3	-4.29157	6.89659	-363.606	-6187.44	27763.3	882.717	276.355	317.017	0
251	4	-4.35054	6.83761	-364.067	-6152	27781.9	881.784	276.31	316.898	0
251	5	-4.39854	6.77413	-364.516	-6111.03	27799.8	878.722	276.265	316.765	0
251	6	-4.43542	6.7065	-364.95	-6064.91	27816.7	873.539	276.221	316.618	0
251	7	-4.4611	6.63513	-365.367	-6014.07	27832.6	866.261	276.177	316.46	0
251	8	-4.47555	6.56041	-365.767	-5958.93	27847.3	856.934	276.134	316.292	0
251	9	-4.47878	6.48277	-366.148	-5899.99	27860.7	845.616	276.091	316.114	0
252	0	-4.47085	6.40264	-366.507	-5837.72	27872.6	832.383	276.049	315.928	0
252	1	-4.45185	6.32046	-366.845	-5772.6	27882.9	817.328	276.007	315.736	0
252	2	-4.42191	6.23665	-367.158	-5705.13	27891.4	800.556	275.966	315.539	0
252	3	-4.38121	6.15165	-367.446	-5635.77	27898.2	782.185	275.924	315.338	0
252	4	-4.32994	6.06586	-367.708	-5564.98	27903	762.347	275.883	315.134	0
252	5	-4.26833	5.97969	-367.943	-5493.18	27905.7	741.183	275.842	314.929	0
252	6	-4.19665	5.8935	-368.149	-5420.77	27906.2	718.843	275.801	314.724	0
252	7	-4.11517	5.80765	-368.325	-5348.09	27904.5	695.486	275.76	314.52	0
252	8	-4.0242	5.72245	-368.471	-5275.44	27900.3	671.273	275.719	314.317	0
252	9	-3.92405	5.6382	-368.586	-5203.09	27893.8	646.372	275.678	314.116	0
253	0	-3.81508	5.55512	-368.67	-5131.23	27884.8	620.949	275.636	313.918	0
253	1	-3.69762	5.47344	-368.721	-5060.01	27873.1	595.174	275.594	313.723	0
253	2	-3.57204	5.39332	-368.739	-4989.53	27858.9	569.212	275.552	313.531	0
253	3	-3.43871	5.31488	-368.725	-4919.82	27841.9	543.224	275.509	313.343	0
253	4	-3.29803	5.23821	-368.678	-4850.85	27822.3	517.365	275.465	313.157	0
253	5	-3.15036	5.16335	-368.598	-4782.55	27799.9	491.785	275.421	312.975	0
253	6	-2.99612	5.0903	-368.485	-4714.8	27774.7	466.624	275.376	312.795	0
253	7	-2.83568	5.01903	-368.339	-4647.43	27746.8	442.009	275.33	312.617	0
253	8	-2.66944	4.94945	-368.161	-4580.22	27716.2	418.061	275.283	312.441	0
253	9	-2.4978	4.88147	-367.952	-4512.93	27682.8	394.883	275.235	312.265	0
254	0	-2.32114	4.81494	-367.711	-4445.26	27646.8	372.57	275.186	312.089	0
254	1	-2.13985	4.7497	-367.441	-4376.92	27608.1	351.198	275.136	311.912	0
254	2	-1.95432	4.68556	-367.141	-4307.59	27566.8	330.834	275.085	311.733	0
254	3	-1.7649	4.62232	-366.814	-4236.92	27523.1	311.526	275.033	311.551	0
254	4	-1.57197	4.55976	-366.459	-4164.59	27476.9	293.309	274.979	311.364	0
254	5	-1.37588	4.49764	-366.08	-4090.27	27428.4	276.204	274.925	311.173	0
254	6	-1.17698	4.43574	-365.677	-4013.63	27377.7	260.217	274.869	310.976	0
254	7	-0.975609	4.37381	-365.253	-3934.38	27324.9	245.34	274.811	310.772	0
254	8	-0.772084	4.31163	-364.808	-3852.26	27270.2	231.55	274.752	310.56	0
254	9	-0.566721	4.24895	-364.344	-3767.01	27213.7	218.814	274.692	310.339	0
255	0	-0.359821	4.18556	-363.865	-3678.46	27155.5	207.086	274.631	310.109	0
255	1	-0.151673	4.12127	-363.371	-3586.44	27095.8	196.307	274.568	309.87	0
255	2	0.0574457	4.05587	-362.865	-3490.87	27034.8	186.412	274.504	309.62	0
255	3	0.26727	3.98921	-362.349	-3391.71	26972.5	177.325	274.438	309.36	0
255	4	0.477546	3.92113	-361.826	-3288.97	26909.3	168.963	274.371	309.09	0
255	5	0.688033	3.85151	-361.297	-3182.73	26845.3	161.236	274.303	308.809	0
255	6	0.8985	3.78026	-360.764	-3073.14	26780.5	154.051	274.233	308.518	0
255	7	1.10873	3.70731	-360.231	-2960.41	26715.3	147.311	274.162	308.218	0
255	8	1.31851	3.6326	-359.699	-2844.8	26649.8	140.915	274.089	307.909	0
255	9	1.52766	3.55612	-359.171	-2726.64	26584	134.764	274.015	307.591	0
256	0	1.73598	3.47788	-358.648	-2606.32	26518.4	128.757	273.94	307.267	0
256	1	1.9433	3.39791	-358.134	-2484.26	26452.9	122.796	273.863	306.937	0
256	2	2.14946	3.31626	-357.63	-2360.96	26387.7	116.785	273.785	306.602	0
256	3	2.35431	3.23301	-357.138	-2236.93	26323.1	110.632	273.706	306.264	0
256	4	2.55772	3.14825	-356.662	-2112.74	26259.2	104.252	273.625	305.924	0
256	5	2.75955	3.06211	-356.202	-1988.96	26196.1	97.5625	273.543	305.584	0
256	6	2.9597	2.97469	-355.762	-1866.2	26133.9	90.4902	273.459	305.246	0
256	7	3.15807	2.88613	-355.343	-1745.07	26072.9	82.9688	273.374	304.911	0
256	8	3.35458	2.79659	-354.947	-1626.17	26013.2	74.94	273.288	304.581	0
256	9	3.54915	2.70619	-354.576	-1510.11	25954.9	66.3547	273.2	304.259	0
257	0	3.74173	2.61509	-354.232	-1397.48	25898.1	57.1726	273.111	303.945	0
257	1	3.93228	2.52342	-353.917	-1288.85	25843	47.3629	273.02	303.642	0
257	2	4.12078	2.43132	-353.633	-1184.73	25789.7	36.9041	272.928	303.35	0
257	3	4.30723	2.33891	-353.381	-1085.62	25738.3	25.7841	272.834	303.072	0
257	4	4.49162	2.2463	-353.163	-991.968	25688.9	13.9999	272.74	302.809	0
257	5	4.67398	2.15359	-352.979	-904.154	25641.7	1.55698	272.644	302.562	0
257	6	4.85436	2.06084	-352.832	-822.511	25596.6	-11.5306	272.546	302.331	0
257	7	5.0328	1.96814	-352.723	-747.306	25553.8	-25.2414	272.447	302.119	0
257	8	5.20937	1.8755	-352.651	-678.74	25513.3	-39.5467	272.347	301.925	0
257	9	5.38416	1.78295	-352.619	-616.944	25475.3	-54.4117	272.246	301.75	0
258	0	5.55726	1.69049	-352.628	-561.979	25439.7	-69.7957	272.143	301.594	0
258	1	5.72877	1.5981	-352.676	-513.838	25406.7	-85.6536	272.04	301.457	0
258	2	5.89882	1.50573	-352.766	-472.443	25376.2	-101.936	271.935	301.339	0
258	3	6.06751	1.41333	-352.897	-437.65	25348.3	-118.591	271.829	301.24	0
258	4	6.235	1.32082	-353.07	-409.252	25323	-135.564	271.722	301.159	0
258	5	6.40141	1.22811	-353.286	-386.986	25300.3	-152.799	271.614	301.095	0
258	6	6.56687	1.1351	-353.543	-370.532	25280.3	-170.239	271.506	301.048	0
258	7	6.73154	1.04168	-353.843	-359.528	25263	-187.828	271.396	301.016	0
258	8	6.89556	0.947744	-354.185	-353.57	25248.4	-205.511	271.286	300.998	0
258	9	7.05905	0.853173	-354.57	-352.224	25236.4	-223.234	271.175	300.993	0
259	0	7.22216	0.757853	-354.997	-355.03	25227.2	-240.945	271.063	301	0
259	1	7.385	0.661676	-355.467	-361.514	25220.7	-258.595	270.951	301.017	0
259	2	7.54771	0.56454	-355.979	-371.195	25216.9	-276.141	270.838	301.043	0
259	3	7.71038	0.466357	-356.533	-383.593	25215.8	-293.539	270.725	301.076	0
259	4	7.87311	0.367053	-357.13	-398.238	25217.5	-310.754	270.611	301.115	0
259	5	8.03599	0.266571	-357.769	-414.676	25221.9	-327.751	270.498	301.159	0
259	6	8.19908	0.164876	-358.451	-432.48	25229.1	-344.505	270.384	301.207	0
259	7	8.36244	0.0619529	-359.174	-451.255	25239	-360.99	270.27	301.256	0
259	8	8.52611	-0.0421855	-359.94	-470.643	25251.8	-377.189	270.156	301.308	0
259	9	8.69011	-0.147502	-360.747	-490.33	25267.2	-393.086	270.041	301.359	0
260	0	8.85444	-0.253929	-361.596	-510.054	25285.5	-408.673	269.927	301.411	0
260	1	9.01909	-0.361374	-362.487	-529.602	25306.5	-423.942	269.814	301.461	0
260	2	9.18403	-0.469712	-363.42	-548.818	25330.3	-438.892	269.7	301.51	0
260	3	9.34921	-0.57879	-364.393	-567.605	25356.8	-453.523	269.586	301.558	0
260	4	9.51456	-0.688428	-365.407	-585.92	25386	-467.838	269.473	301.603	0
260	5	9.68	-0.798414	-366.461	-603.783	25417.9	-481.842	269.36	301.648	0
260	6	9.84542	-0.908516	-367.554	-621.265	25452.3	-495.543	269.248	301.69	0
260	7	10.0107	-1.01847	-368.687	-638.497	25489.4	-508.949	269.136	301.732	0
260	8	10.1757	-1.128	-369.857	-655.654	25528.9	-522.069	269.024	301.773	0
260	9	10.3403	-1.2368	-371.065	-672.964	25570.9	-534.913	268.912	301.814	0
261	0	10.5043	-1.34455	-372.309	-690.692	25615.2	-547.488	268.801	301.855	0
261	1	10.6675	-1.45092	-373.588	-709.142	25661.7	-559.803	268.69	301.898	0
261	2	10.8297	-1.55556	-374.902	-728.644	25710.4	-571.865	268.579	301.944	0
261	3	10.9908	-1.65811	-376.248	-749.553	25761	-583.676	268.468	301.992	0
261	4	11.1505	-1.75823	-377.625	-772.24	25813.5	-595.24	268.358	302.045	0
261	5	11.3086	-1.85555	-379.033	-797.082	25867.8	-606.553	268.247	302.103	0
261	6	11.4649	-1.9497	-380.469	-824.457	25923.6	-617.611	268.136	302.167	0
261	7	11.6192	-2.04033	-381.931	-854.736	25980.9	-628.401	268.025	302.238	0
261	8	11.7712	-2.12708	-383.419	-888.274	26039.4	-638.909	267.914	302.317	0
261	9	11.9208	-2.20962	-384.931	-925.406	26099.1	-649.112	267.802	302.404	0
262	0	12.0678	-2.2876	-386.463	-966.435	26159.7	-658.983	267.69	302.501	0
262	1	12.2119	-2.36071	-388.016	-1011.63	26221	-668.488	267.577	302.607	0
262	2	12.3531	-2.42864	-389.586	-1061.22	26283	-677.584	267.464	302.724	0
262	3	12.4911	-2.49109	-391.172	-1115.39	26345.3	-686.222	267.35	302.851	0
262	4	12.6259	-2.54781	-392.771	-1174.27	26407.8	-694.346	267.235	302.99	0
262	5	12.7573	-2.59853	-394.382	-1237.93	26470.4	-701.892	267.119	303.139	0
262	6	12.8851	-2.64303	-396.002	-1306.4	26532.8	-708.789	267.002	303.299	0
262	7	13.0095	-2.68108	-397.63	-1379.64	26594.8	-714.957	266.883	303.47	0
262	8	13.1302	-2.7125	-399.262	-1457.54	26656.3	-720.313	266.764	303.651	0
262	9	13.2474	-2.73712	-400.898	-1539.96	26717	-724.763	266.643	303.841	0
263	0	13.3609	-2.7548	-402.534	-1626.67	26776.8	-728.213	266.521	304.041	0
263	1	13.4709	-2.76539	-404.168	-1717.41	26835.4	-730.56	266.397	304.249	0
263	2	13.5775	-2.7688	-405.799	-1811.84	26892.8	-731.699	266.271	304.465	0
263	3	13.6807	-2.76495	-407.425	-1909.58	26948.7	-731.524	266.144	304.687	0
263	4	13.7806	-2.75376	-409.042	-2010.22	27002.9	-729.926	266.015	304.914	0
263	5	13.8775	-2.73519	-410.65	-2113.28	27055.3	-726.797	265.884	305.146	0
263	6	13.9716	-2.70921	-412.246	-2218.27	27105.8	-722.032	265.751	305.381	0
263	7	14.063	-2.67582	-413.829	-2324.65	27154.1	-715.527	265.617	305.617	0
263	8	14.1521	-2.63502	-415.397	-2431.87	27200.2	-707.184	265.48	305.854	0
263	9	14.2392	-2.58684	-416.949	-2539.36	27243.9	-696.913	265.341	306.09	0
264	0	14.3245	-2.53132	-418.482	-2646.54	27285.2	-684.63	265.2	306.324	0
264	1	14.4085	-2.46851	-419.996	-2752.83	27323.9	-670.262	265.057	306.554	0
264	2	14.4916	-2.3985	-421.49	-2857.65	27359.9	-653.746	264.912	306.78	0
264	3	14.574	-2.32137	-422.962	-2960.43	27393.1	-635.032	264.765	306.999	0
264	4	14.6565	-2.23722	-424.412	-3060.62	27423.5	-614.083	264.615	307.211	0
264	5	14.7392	-2.14616	-425.839	-3157.69	27451.1	-590.878	264.464	307.415	0
264	6	14.8229	-2.04832	-427.243	-3251.15	27475.8	-565.41	264.309	307.61	0
264	7	14.908	-1.94386	-428.623	-3340.55	27497.5	-537.688	264.153	307.794	0
264	8	14.9951	-1.83291	-429.978	-3425.45	27516.2	-507.741	263.994	307.967	0
264	9	15.0847	-1.71565	-431.31	-3505.5	27532	-475.61	263.834	308.128	0
265	0	15.1774	-1.59226	-432.617	-3580.37	27544.8	-441.357	263.67	308.276	0
265	1	15.2737	-1.46294	-433.901	-3649.78	27554.7	-405.061	263.505	308.412	0
265	2	15.3743	-1.3279	-435.161	-3713.52	27561.6	-366.817	263.337	308.534	0
265	3	15.4797	-1.18735	-436.398	-3771.44	27565.7	-326.737	263.166	308.642	0
265	4	15.5905	-1.04155	-437.613	-3823.44	27566.8	-284.951	262.994	308.737	0
265	5	15.7073	-0.890729	-438.805	-3869.46	27565.1	-241.601	262.818	308.818	0
265	6	15.8305	-0.735169	-439.978	-3909.53	27560.5	-196.845	262.641	308.886	0
265	7	15.9609	-0.575147	-441.13	-3943.72	27553.2	-150.856	262.461	308.94	0
265	8	16.0987	-0.410958	-442.263	-3972.15	27543.2	-103.816	262.278	308.981	0
265	9	16.2445	-0.242914	-443.379	-3994.99	27530.4	-55.9187	262.092	309.01	0
266	0	16.3987	-0.0713395	-444.479	-4012.47	27515	-7.36755	261.904	309.027	0
266	1	16.5618	0.103428	-445.563	-4024.84	27497	41.6277	261.713	309.033	0
266	2	16.7339	0.281037	-446.635	-4032.42	27476.4	90.8514	261.519	309.028	0
266	3	16.9154	0.461124	-447.694	-4035.55	27453.4	140.084	261.322	309.014	0
266	4	17.1066	0.643314	-448.743	-4034.57	27427.8	189.106	261.121	308.991	0
266	5	17.3076	0.827225	-449.784	-4029.88	27399.8	237.696	260.918	308.96	0
266	6	17.5185	1.01246	-450.817	-4021.88	27369.4	285.636	260.711	308.921	0
266	7	17.7393	1.19863	-451.846	-4010.98	27336.7	332.712	260.5	308.877	0
266	8	17.9702	1.38534	-452.871	-3997.6	27301.6	378.719	260.286	308.827	0
266	9	18.211	1.57217	-453.895	-3982.14	27264.2	423.456	260.067	308.773	0
267	0	18.4616	1.75873	-454.92	-3965	27224.4	466.737	259.844	308.716	0
267	1	18.7218	1.94462	-455.947	-3946.59	27182.4	508.386	259.617	308.656	0
267	2	18.9914	2.12946	-456.979	-3927.25	27138.1	548.24	259.386	308.594	0
267	3	19.27	2.31286	-458.017	-3907.34	27091.5	586.154	259.15	308.531	0
267	4	19.5575	2.49446	-459.063	-3887.18	27042.7	621.998	258.908	308.468	0
267	5	19.8532	2.67391	-460.119	-3867.03	26991.5	655.66	258.662	308.404	0
267	6	20.1569	2.85087	-461.186	-3847.15	26938	687.047	258.41	308.342	0
267	7	20.4679	3.02504	-462.267	-3827.74	26882.1	716.086	258.153	308.28	0
267	8	20.7857	3.19614	-463.362	-3808.97	26823.9	742.723	257.89	308.22	0
267	9	21.1099	3.36391	-464.474	-3790.96	26763.2	766.925	257.62	308.162	0
268	0	21.4396	3.52813	-465.604	-3773.79	26700.1	788.681	257.345	308.105	0
268	1	21.7744	3.68859	-466.754	-3757.5	26634.4	807.997	257.063	308.05	0
268	2	22.1135	3.84515	-467.924	-3742.09	26566.2	824.9	256.775	307.997	0
268	3	22.4562	3.99767	-469.116	-3727.52	26495.3	839.437	256.479	307.946	0
268	4	22.8018	4.14607	-470.331	-3713.72	26421.8	851.672	256.177	307.896	0
268	5	23.1496	4.2903	-471.57	-3700.58	26345.5	861.686	255.868	307.847	0
268	6	23.4988	4.43033	-472.834	-3687.96	26266.4	869.576	255.551	307.8	0
268	7	23.8488	4.56617	-474.125	-3675.69	26184.5	875.45	255.227	307.753	0
268	8	24.1988	4.69789	-475.443	-3663.6	26099.6	879.432	254.895	307.706	0
268	9	24.5482	4.82555	-476.788	-3651.49	26011.7	881.654	254.556	307.659	0
269	0	24.8961	4.94927	-478.162	-3639.14	25920.7	882.257	254.209	307.611	0
269	1	25.2421	5.06917	-479.564	-3626.34	25826.5	881.385	253.854	307.562	0
269	2	25.5854	5.18541	-480.997	-3612.87	25729.2	879.19	253.491	307.511	0
269	3	25.9253	5.29815	-482.46	-3598.51	25628.6	875.824	253.121	307.459	0
269	4	26.2615	5.40759	-483.953	-3583.06	25524.7	871.436	252.742	307.404	0
269	5	26.5932	5.51392	-485.477	-3566.33	25417.3	866.176	252.355	307.346	0
269	6	26.92	5.61736	-487.031	-3548.12	25306.5	860.187	251.961	307.285	0
269	7	27.2414	5.71811	-488.617	-3528.3	25192	853.608	251.558	307.221	0
269	8	27.5569	5.81639	-490.234	-3506.71	25073.9	846.568	251.147	307.153	0
269	9	27.8661	5.91242	-491.883	-3483.25	24952.1	839.188	250.728	307.081	0
270	0	28.1687	6.00641	-493.562	-3457.84	24826.5	831.579	250.301	307.006	0
270	1	28.4643	6.09858	-495.271	-3430.41	24696.9	823.841	249.866	306.926	0
270	2	28.7525	6.1891	-497.011	-3400.93	24563.4	816.059	249.422	306.843	0
270	3	29.033	6.27818	-498.781	-3369.4	24425.7	808.31	248.971	306.755	0
270	4	29.3056	6.36598	-500.58	-3335.85	24283.9	800.655	248.512	306.664	0
270	5	29.57	6.45266	-502.407	-3300.31	24137.8	793.144	248.044	306.569	0
270	6	29.826	6.53836	-504.263	-3262.85	23987.3	785.812	247.569	306.471	0
270	7	30.0733	6.6232	-506.146	-3223.58	23832.3	778.685	247.086	306.369	0
270	8	30.3116	6.70728	-508.056	-3182.58	23672.8	771.772	246.595	306.264	0
270	9	30.5409	6.79068	-509.991	-3140	23508.6	765.075	246.096	306.157	0
271	0	30.7608	6.87344	-511.951	-3095.95	23339.6	758.581	245.589	306.047	0
271	1	30.9713	6.9556	-513.936	-3050.59	23165.8	752.27	245.075	305.936	0
271	2	31.172	7.03716	-515.944	-3004.06	22987.2	746.108	244.554	305.822	0
271	3	31.363	7.11809	-517.975	-2956.52	22803.5	740.057	244.024	305.708	0
271	4	31.5439	7.19835	-520.028	-2908.13	22614.9	734.066	243.488	305.592	0
271	5	31.7147	7.27786	-522.102	-2859.03	22421.1	728.082	242.944	305.476	0
271	6	31.8752	7.35653	-524.197	-2809.38	22222.3	722.041	242.393	305.359	0
271	7	32.0252	7.43423	-526.312	-2759.32	22018.3	715.876	241.835	305.243	0
271	8	32.1646	7.51081	-528.447	-2708.98	21809.2	709.516	241.27	305.126	0
271	9	32.2933	7.58611	-530.6	-2658.5	21594.9	702.886	240.699	305.01	0
272	0	32.4112	7.65993	-532.773	-2607.99	21375.5	695.907	240.121	304.895	0
272	1	32.5181	7.73206	-534.964	-2557.54	21150.9	688.5	239.537	304.781	0
272	2	32.6139	7.80227	-537.172	-2507.26	20921.1	680.586	238.947	304.668	0
272	3	32.6986	7.87033	-539.399	-2457.22	20686.3	672.082	238.351	304.556	0
272	4	32.772	7.93598	-541.643	-2407.48	20446.4	662.91	237.749	304.445	0
272	5	32.8342	7.99895	-543.905	-2358.09	20201.5	652.991	237.142	304.336	0
272	6	32.8849	8.05895	-546.184	-2309.08	19951.6	642.248	236.529	304.228	0
272	7	32.9241	8.11573	-548.48	-2260.46	19696.9	630.609	235.912	304.121	0
272	8	32.9519	8.16897	-550.793	-2212.25	19437.4	618.002	235.29	304.017	0
272	9	32.968	8.2184	-553.122	-2164.43	19173.1	604.363	234.663	303.913	0
273	0	32.9726	8.26373	-555.469	-2116.98	18904.2	589.63	234.033	303.811	0
273	1	32.9654	8.30467	-557.832	-2069.86	18630.8	573.747	233.399	303.711	0
273	2	32.9467	8.34094	-560.211	-2023.04	18353	556.663	232.761	303.611	0
273	3	32.9162	8.37225	-562.607	-1976.46	18070.8	538.332	232.12	303.513	0
273	4	32.8741	8.39835	-565.018	-1930.05	17784.5	518.717	231.476	303.416	0
273	5	32.8203	8.41895	-567.446	-1883.74	17494	497.784	230.829	303.32	0
273	6	32.7549	8.43383	-569.889	-1837.47	17199.7	475.506	230.181	303.224	0
273	7	32.678	8.44272	-572.347	-1791.16	16901.5	451.865	229.53	303.129	0
273	8	32.5895	8.44541	-574.82	-1744.72	16599.6	426.847	228.878	303.035	0
273	9	32.4896	8.44169	-577.308	-1698.07	16294.3	400.444	228.225	302.941	0
274	0	32.3784	8.43135	-579.81	-1651.13	15985.5	372.656	227.57	302.848	0
274	1	32.2561	8.41421	-582.325	-1603.82	15673.6	343.488	226.916	302.754	0
274	2	32.1228	8.3901	-584.854	-1556.05	15358.6	312.95	226.261	302.661	0
274	3	31.9788	8.35888	-587.396	-1507.76	15040.7	281.06	225.606	302.567	0
274	4	31.8243	8.32042	-589.951	-1458.86	14720.1	247.84	224.951	302.473	0
274	5	31.6596	8.27458	-592.517	-1409.28	14397	213.316	224.298	302.379	0
274	6	31.4851	8.22128	-595.094	-1358.96	14071.5	177.522	223.646	302.284	0
274	7	31.3011	8.16044	-597.681	-1307.83	13743.8	140.494	222.995	302.188	0
274	8	31.108	8.09198	-600.278	-1255.83	13414	102.273	222.346	302.092	0
274	9	30.9062	8.01586	-602.883	-1202.92	13082.4	62.906	221.7	301.995	0
275	0	30.6964	7.93204	-605.496	-1149.05	12749.1	22.4413	221.056	301.898	0
275	1	30.479	7.84051	-608.116	-1094.18	12414.2	-19.0675	220.414	301.799	0
275	2	30.2546	7.74126	-610.742	-1038.27	12078	-61.5639	219.776	301.7	0
275	3	30.0239	7.6343	-613.373	-981.29	11740.5	-104.988	219.141	301.6	0
275	4	29.7875	7.51966	-616.007	-923.219	11401.9	-149.278	218.509	301.499	0
275	5	29.5461	7.39738	-618.644	-864.037	11062.4	-194.368	217.882	301.397	0
275	6	29.3004	7.26752	-621.281	-803.729	10722.1	-240.192	217.258	301.294	0
275	7	29.0513	7.13015	-623.919	-742.282	10381.2	-286.68	216.639	301.19	0
275	8	28.7994	6.98536	-626.556	-679.691	10039.7	-333.761	216.024	301.085	0
275	9	28.5457	6.83324	-629.191	-615.951	9697.73	-381.366	215.413	300.979	0
276	0	28.2909	6.67392	-631.822	-551.061	9355.51	-429.421	214.807	300.872	0
276	1	28.0359	6.50752	-634.449	-485.021	9013.1	-477.855	214.206	300.764	0
276	2	27.7815	6.33421	-637.07	-417.835	8670.61	-526.596	213.61	300.656	0
276	3	27.5285	6.15415	-639.684	-349.506	8328.14	-575.572	213.019	300.546	0
276	4	27.2779	5.96753	-642.29	-280.04	7985.77	-624.713	212.433	300.436	0
276	5	27.0305	5.77456	-644.888	-209.443	7643.6	-673.95	211.853	300.325	0
276	6	26.7871	5.57547	-647.476	-137.721	7301.72	-723.216	211.277	300.213	0
276	7	26.5485	5.3705	-650.054	-64.8803	6960.2	-772.444	210.707	300.1	0
276	8	26.3155	5.15993	-652.621	9.07239	6619.11	-821.573	210.142	299.986	0
276	9	26.0889	4.94405	-655.176	84.1318	6278.52	-870.541	209.583	299.872	0
277	0	25.8694	4.72316	-657.72	160.293	5938.48	-919.29	209.029	299.756	0
277	1	25.6577	4.49761	-660.251	237.553	5599.05	-967.765	208.48	299.64	0
277	2	25.4546	4.26774	-662.77	315.91	5260.27	-1015.91	207.937	299.523	0
277	3	25.2605	4.03393	-665.277	395.362	4922.17	-1063.68	207.399	299.406	0
277	4	25.076	3.79658	-667.771	475.911	4584.79	-1111.03	206.866	299.287	0
277	5	24.9017	3.5561	-670.252	557.559	4248.12	-1157.92	206.338	299.168	0
277	6	24.7381	3.31293	-672.722	640.311	3912.19	-1204.29	205.815	299.048	0
277	7	24.5853	3.06753	-675.179	724.173	3576.98	-1250.12	205.298	298.927	0
277	8	24.4439	2.82038	-677.625	809.151	3242.48	-1295.37	204.785	298.806	0
277	9	24.314	2.57198	-680.059	895.256	2908.67	-1340	204.277	298.684	0
278	0	24.1958	2.32284	-682.484	982.497	2575.51	-1383.98	203.774	298.56	0
278	1	24.0893	2.07352	-684.898	1070.89	2242.95	-1427.28	203.275	298.436	0
278	2	23.9945	1.82455	-687.303	1160.43	1910.95	-1469.87	202.78	298.312	0
278	3	23.9114	1.57652	-689.7	1251.15	1579.42	-1511.72	202.29	298.186	0
278	4	23.8397	1.33001	-692.089	1343.05	1248.3	-1552.79	201.804	298.059	0
278	5	23.7792	1.08563	-694.472	1436.14	917.512	-1593.07	201.321	297.932	0
278	6	23.7294	0.843989	-696.849	1530.43	586.952	-1632.52	200.842	297.804	0
278	7	23.69	0.605709	-699.222	1625.91	256.525	-1671.12	200.367	297.675	0
278	8	23.6603	0.371416	-701.591	1722.6	-73.8758	-1708.84	199.895	297.545	0
278	9	23.6397	0.141742	-703.958	1820.48	-404.362	-1745.66	199.426	297.414	0
279	0	23.6274	-0.0826848	-706.324	1919.56	-735.051	-1781.54	198.959	297.282	0
279	1	23.6227	-0.301238	-708.691	2019.8	-1066.06	-1816.46	198.496	297.15	0
279	2	23.6247	-0.513299	-711.058	2121.2	-1397.53	-1850.39	198.035	297.017	0
279	3	23.6322	-0.718261	-713.429	2223.73	-1729.58	-1883.32	197.576	296.883	0
279	4	23.6444	-0.915534	-715.803	2327.34	-2062.33	-1915.21	197.119	296.749	0
279	5	23.6601	-1.10454	-718.182	2432.01	-2395.93	-1946.04	196.664	296.614	0
279	6	23.6781	-1.28474	-720.569	2537.68	-2730.52	-1975.78	196.211	296.478	0
279	7	23.6972	-1.45561	-722.962	2644.31	-3066.21	-2004.41	195.759	296.342	0
279	8	23.7162	-1.61666	-725.365	2751.82	-3403.16	-2031.92	195.308	296.206	0
279	9	23.7337	-1.76743	-727.778	2860.15	-3741.49	-2058.27	194.859	296.07	0
280	0	23.7484	-1.90751	-730.202	2969.22	-4081.33	-2083.44	194.411	295.934	0
280	1	23.759	-2.03653	-732.638	3078.96	-4422.83	-2107.43	193.963	295.797	0
280	2	23.7641	-2.15416	-735.088	3189.28	-4766.1	-2130.2	193.516	295.661	0
280	3	23.7624	-2.26012	-737.552	3300.09	-5111.28	-2151.75	193.07	295.526	0
280	4	23.7525	-2.35418	-740.031	3411.28	-5458.49	-2172.06	192.624	295.39	0
280	5	23.7331	-2.43617	-742.526	3522.77	-5807.84	-2191.12	192.178	295.256	0
280	6	23.7028	-2.50597	-745.038	3634.44	-6159.46	-2208.92	191.733	295.122	0
280	7	23.6603	-2.56351	-747.568	3746.17	-6513.45	-2225.45	191.287	294.989	0
280	8	23.6044	-2.60877	-750.115	3857.87	-6869.92	-2240.71	190.842	294.857	0
280	9	23.5338	-2.6418	-752.682	3969.4	-7228.96	-2254.7	190.396	294.726	0
281	0	23.4473	-2.66268	-755.267	4080.66	-7590.67	-2267.41	189.95	294.597	0
281	1	23.3438	-2.67158	-757.872	4191.5	-7955.14	-2278.86	189.503	294.469	0
281	2	23.2221	-2.66869	-760.497	4301.81	-8322.44	-2289.04	189.057	294.343	0
281	3	23.0812	-2.65426	-763.142	4411.46	-8692.65	-2297.98	188.609	294.219	0
281	4	22.92	-2.62858	-765.807	4520.31	-9065.83	-2305.67	188.162	294.097	0
281	5	22.7376	-2.59199	-768.493	4628.22	-9442.04	-2312.14	187.714	293.978	0
281	6	22.5332	-2.54487	-771.2	4735.07	-9821.34	-2317.4	187.265	293.86	0
281	7	22.3058	-2.48764	-773.927	4840.72	-10203.8	-2321.47	186.816	293.745	0
281	8	22.0547	-2.42075	-776.675	4945.02	-10589.4	-2324.38	186.366	293.633	0
281	9	21.7791	-2.34467	-779.444	5047.85	-10978.2	-2326.14	185.915	293.524	0
282	0	21.4785	-2.25991	-782.233	5149.06	-11370.2	-2326.77	185.464	293.417	0
282	1	21.1521	-2.16699	-785.043	5248.54	-11765.5	-2326.31	185.013	293.314	0
282	2	20.7996	-2.06644	-787.872	5346.14	-12164	-2324.78	184.561	293.214	0
282	3	20.4205	-1.95884	-790.721	5441.76	-12565.9	-2322.19	184.108	293.118	0
282	4	20.0143	-1.84474	-793.588	5535.25	-12971	-2318.57	183.655	293.025	0
282	5	19.5807	-1.72471	-796.475	5626.52	-13379.4	-2313.95	183.202	292.936	0
282	6	19.1196	-1.59933	-799.379	5715.45	-13791.1	-2308.35	182.748	292.85	0
282	7	18.6307	-1.46918	-802.301	5801.93	-14206	-2301.78	182.293	292.768	0
282	8	18.1139	-1.33482	-805.239	5885.88	-14624.2	-2294.26	181.839	292.691	0
282	9	17.5693	-1.19683	-808.193	5967.19	-15045.7	-2285.82	181.384	292.617	0
283	0	16.9968	-1.05577	-811.162	6045.79	-15470.4	-2276.46	180.928	292.547	0
283	1	16.3967	-0.912184	-814.145	6121.6	-15898.3	-2266.2	180.472	292.481	0
283	2	15.769	-0.766623	-817.14	6194.54	-16329.4	-2255.06	180.016	292.419	0
283	3	15.114	-0.619611	-820.147	6264.55	-16763.6	-2243.05	179.56	292.362	0
283	4	14.4321	-0.471663	-823.164	6331.57	-17200.9	-2230.17	179.104	292.308	0
283	5	13.7237	-0.323277	-826.19	6395.56	-17641.3	-2216.45	178.647	292.259	0
283	6	12.9892	-0.174936	-829.224	6456.46	-18084.7	-2201.87	178.191	292.214	0
283	7	12.2291	-0.0271045	-832.265	6514.23	-18531	-2186.46	177.734	292.173	0
283	8	11.4442	0.119771	-835.31	6568.86	-18980.3	-2170.21	177.278	292.136	0
283	9	10.6349	0.265261	-838.358	6620.31	-19432.3	-2153.13	176.821	292.103	0
284	0	9.80207	0.408958	-841.409	6668.58	-19887.1	-2135.23	176.365	292.074	0
284	1	8.94647	0.55047	-844.459	6713.65	-20344.6	-2116.49	175.908	292.05	0
284	2	8.06892	0.689426	-847.509	6755.52	-20804.6	-2096.92	175.452	292.029	0
284	3	7.17031	0.825475	-850.555	6794.2	-21267.1	-2076.53	174.996	292.012	0
284	4	6.25157	0.958287	-853.597	6829.73	-21731.9	-2055.29	174.541	291.999	0
284	5	5.31369	1.08755	-856.633	6862.11	-22199	-2033.21	174.086	291.989	0
284	6	4.35771	1.21297	-859.661	6891.4	-22668.1	-2010.28	173.631	291.984	0
284	7	3.38468	1.33427	-862.681	6917.63	-23139.1	-1986.49	173.178	291.981	0
284	8	2.39574	1.45122	-865.689	6940.88	-23611.9	-1961.83	172.725	291.982	0
284	9	1.39203	1.56357	-868.685	6961.2	-24086.2	-1936.27	172.273	291.987	0
285	0	0.374743	1.67113	-871.667	6978.69	-24561.9	-1909.82	171.822	291.994	0
285	1	-0.654902	1.7737	-874.634	6993.44	-25038.9	-1882.44	171.372	292.004	0
285	2	-1.69565	1.87112	-877.584	7005.54	-25516.8	-1854.13	170.924	292.017	0
285	3	-2.74621	1.96325	-880.516	7015.13	-25995.5	-1824.85	170.477	292.033	0
285	4	-3.80529	2.04997	-883.428	7022.32	-26474.7	-1794.59	170.032	292.051	0
285	5	-4.87155	2.13119	-886.319	7027.25	-26954.1	-1763.32	169.589	292.071	0
285	6	-5.94364	2.20682	-889.189	7030.07	-27433.6	-1731.01	169.148	292.094	0
285	7	-7.02019	2.2768	-892.034	7030.95	-27912.9	-1697.64	168.709	292.118	0
285	8	-8.09982	2.3411	-894.855	7030.04	-28391.6	-1663.16	168.272	292.144	0
285	9	-9.18116	2.39969	-897.651	7027.51	-28869.5	-1627.56	167.839	292.171	0
286	0	-10.2628	2.45258	-900.419	7023.56	-29346.3	-1590.8	167.408	292.2	0
286	1	-11.3434	2.49978	-903.16	7018.36	-29821.6	-1552.85	166.981	292.229	0
286	2	-12.4215	2.54133	-905.871	7012.11	-30295.3	-1513.69	166.557	292.259	0
286	3	-13.4959	2.57727	-908.553	7005	-30766.9	-1473.28	166.136	292.29	0
286	4	-14.5652	2.60767	-911.205	6997.22	-31236.1	-1431.61	165.72	292.321	0
286	5	-15.6282	2.63263	-913.825	6988.98	-31702.6	-1388.65	165.308	292.352	0
286	6	-16.6835	2.65223	-916.412	6980.48	-32166	-1344.41	164.9	292.383	0
286	7	-17.7302	2.66661	-918.967	6971.89	-32626.1	-1298.86	164.497	292.413	0
286	8	-18.767	2.6759	-921.488	6963.43	-33082.4	-1252.03	164.099	292.443	0
286	9	-19.7929	2.68026	-923.974	6955.27	-33534.7	-1203.92	163.706	292.472	0
287	0	-20.8071	2.67985	-926.426	6947.59	-33982.6	-1154.56	163.319	292.501	0
287	1	-21.8088	2.67488	-928.841	6940.57	-34425.8	-1103.99	162.937	292.528	0
287	2	-22.7971	2.66554	-931.221	6934.37	-34864	-1052.25	162.561	292.553	0
287	3	-23.7716	2.65207	-933.563	6929.12	-35296.9	-999.412	162.191	292.578	0
287	4	-24.7316	2.6347	-935.867	6924.98	-35724.1	-945.545	161.828	292.6	0
287	5	-25.677	2.61369	-938.132	6922.05	-36145.4	-890.734	161.471	292.621	0
287	6	-26.6073	2.58931	-940.358	6920.44	-36560.6	-835.074	161.121	292.641	0
287	7	-27.5224	2.56186	-942.544	6920.24	-36969.2	-778.669	160.777	292.658	0
287	8	-28.4224	2.53163	-944.688	6921.51	-37371.2	-721.634	160.441	292.673	0
287	9	-29.3072	2.49895	-946.791	6924.29	-37766.2	-664.087	160.111	292.687	0
288	0	-30.177	2.46414	-948.85	6928.62	-38154.1	-606.155	159.789	292.698	0
288	1	-31.032	2.42755	-950.866	6934.48	-38534.7	-547.965	159.474	292.707	0
288	2	-31.8726	2.38953	-952.836	6941.87	-38907.8	-489.645	159.166	292.715	0
288	3	-32.6992	2.35045	-954.759	6950.75	-39273.1	-431.326	158.866	292.72	0
288	4	-33.512	2.3107	-956.635	6961.05	-39630.7	-373.134	158.573	292.723	0
288	5	-34.3117	2.27066	-958.463	6972.71	-39980.3	-315.192	158.287	292.725	0
288	6	-35.0987	2.23072	-960.24	6985.63	-40321.8	-257.619	158.009	292.725	0
288	7	-35.8736	2.19129	-961.965	6999.68	-40655.2	-200.526	157.737	292.724	0
288	8	-36.637	2.15279	-963.638	7014.76	-40980.4	-144.021	157.473	292.721	0
288	9	-37.3893	2.11562	-965.257	7030.71	-41297.3	-88.1994	157.216	292.716	0
289	0	-38.1313	2.08022	-966.821	7047.4	-41605.9	-33.1518	156.966	292.711	0
289	1	-38.8636	2.047	-968.327	7064.65	-41906.2	21.041	156.723	292.704	0
289	2	-39.5868	2.01641	-969.776	7082.3	-42198.1	74.3064	156.487	292.697	0
289	3	-40.3016	1.98887	-971.165	7100.19	-42481.7	126.581	156.257	292.689	0
289	4	-41.0086	1.96483	-972.494	7118.13	-42757	177.808	156.034	292.681	0
289	5	-41.7086	1.94472	-973.761	7135.96	-43024	227.94	155.817	292.672	0
289	6	-42.4022	1.92898	-974.965	7153.51	-43282.8	276.936	155.606	292.663	0
289	7	-43.0901	1.91804	-976.105	7170.61	-43533.3	324.763	155.401	292.654	0
289	8	-43.7731	1.91235	-977.181	7187.09	-43775.8	371.392	155.202	292.645	0
289	9	-44.4519	1.91234	-978.191	7202.8	-44010.3	416.801	155.008	292.637	0
290	0	-45.1271	1.91843	-979.135	7217.59	-44236.9	460.968	154.82	292.629	0
290	1	-45.7996	1.93103	-980.013	7231.33	-44455.6	503.879	154.638	292.621	0
290	2	-46.47	1.95056	-980.822	7243.87	-44666.7	545.517	154.46	292.615	0
290	3	-47.139	1.97741	-981.565	7255.11	-44870.2	585.87	154.287	292.609	0
290	4	-47.8074	2.01195	-982.239	7264.94	-45066.3	624.924	154.119	292.604	0
290	5	-48.4757	2.05453	-982.845	7273.26	-45255.1	662.664	153.955	292.6	0
290	6	-49.1445	2.1055	-983.383	7279.99	-45436.7	699.076	153.796	292.597	0
290	7	-49.8145	2.16515	-983.854	7285.06	-45611.4	734.143	153.64	292.595	0
290	8	-50.4862	2.23376	-984.256	7288.41	-45779.2	767.847	153.489	292.595	0
290	9	-51.1601	2.31158	-984.592	7290.01	-45940.3	800.169	153.341	292.596	0
291	0	-51.8365	2.39883	-984.861	7289.83	-46095	831.087	153.196	292.598	0
291	1	-52.516	2.49568	-985.064	7287.85	-46243.2	860.58	153.056	292.602	0
291	2	-53.1987	2.60226	-985.201	7284.07	-46385.3	888.625	152.918	292.607	0
291	3	-53.885	2.71868	-985.274	7278.5	-46521.4	915.2	152.783	292.613	0
291	4	-54.575	2.845	-985.284	7271.18	-46651.6	940.283	152.652	292.62	0
291	5	-55.2689	2.98124	-985.231	7262.12	-46776.2	963.854	152.523	292.629	0
291	6	-55.9667	3.12737	-985.118	7251.4	-46895.2	985.894	152.396	292.639	0
291	7	-56.6685	3.28334	-984.944	7239.06	-47008.9	1006.39	152.273	292.65	0
291	8	-57.374	3.44905	-984.713	7225.19	-47117.3	1025.33	152.151	292.663	0
291	9	-58.0833	3.62436	-984.424	7209.86	-47220.8	1042.71	152.032	292.676	0
292	0	-58.7961	3.80908	-984.081	7193.17	-47319.3	1058.52	151.915	292.69	0
292	1	-59.5121	4.00302	-983.684	7175.22	-47413.1	1072.78	151.8	292.706	0
292	2	-60.2312	4.20593	-983.237	7156.13	-47502.4	1085.48	151.688	292.722	0
292	3	-60.9528	4.41752	-982.739	7136.01	-47587.2	1096.66	151.577	292.739	0
292	4	-61.6766	4.6375	-982.195	7114.99	-47667.8	1106.34	151.468	292.756	0
292	5	-62.4021	4.86553	-981.605	7093.2	-47744.2	1114.54	151.361	292.774	0
292	6	-63.1289	5.10125	-980.972	7070.76	-47816.6	1121.31	151.256	292.792	0
292	7	-63.8564	5.34428	-980.299	7047.83	-47885.2	1126.69	151.152	292.811	0
292	8	-64.5842	5.59421	-979.588	7024.53	-47950	1130.74	151.051	292.829	0
292	9	-65.3115	5.85062	-978.841	7001.02	-48011.3	1133.5	150.951	292.848	0
293	0	-66.0379	6.11306	-978.06	6977.43	-48069.1	1135.05	150.853	292.866	0
293	1	-66.7626	6.38107	-977.249	6953.9	-48123.5	1135.44	150.756	292.884	0
293	2	-67.4852	6.6542	-976.411	6930.59	-48174.8	1134.75	150.661	292.902	0
293	3	-68.205	6.93195	-975.547	6907.63	-48223	1133.04	150.568	292.919	0
293	4	-68.9213	7.21383	-974.66	6885.16	-48268.2	1130.39	150.477	292.936	0
293	5	-69.6336	7.49935	-973.753	6863.32	-48310.5	1126.88	150.387	292.952	0
293	6	-70.3412	7.78798	-972.829	6842.24	-48350.2	1122.58	150.299	292.967	0
293	7	-71.0435	8.07923	-971.891	6822.06	-48387.2	1117.55	150.213	292.981	0
293	8	-71.74	8.37256	-970.94	6802.9	-48421.8	1111.88	150.129	292.994	0
293	9	-72.43	8.66747	-969.981	6784.89	-48453.9	1105.64	150.047	293.005	0
294	0	-73.1131	8.96344	-969.015	6768.14	-48483.8	1098.88	149.966	293.015	0
294	1	-73.7886	9.25993	-968.046	6752.76	-48511.5	1091.68	149.887	293.024	0
294	2	-74.4561	9.55644	-967.075	6738.87	-48537.2	1084.09	149.81	293.032	0
294	3	-75.115	9.85245	-966.106	6726.56	-48560.9	1076.18	149.735	293.037	0
294	4	-75.7649	10.1475	-965.141	6715.93	-48582.8	1068	149.662	293.042	0
294	5	-76.4052	10.4409	-964.183	6707.08	-48602.9	1059.59	149.592	293.044	0
294	6	-77.0357	10.7324	-963.233	6700.07	-48621.4	1051.02	149.523	293.044	0
294	7	-77.6557	11.0214	-962.295	6694.99	-48638.3	1042.31	149.456	293.043	0
294	8	-78.2651	11.3074	-961.37	6691.91	-48653.8	1033.51	149.391	293.039	0
294	9	-78.8633	11.5899	-960.462	6690.88	-48667.9	1024.67	149.329	293.034	0
295	0	-79.45	11.8686	-959.571	6691.95	-48680.7	1015.8	149.268	293.026	0
295	1	-80.0248	12.1429	-958.701	6695.17	-48692.4	1006.95	149.21	293.016	0
295	2	-80.5876	12.4125	-957.853	6700.58	-48702.9	998.152	149.154	293.005	0
295	3	-81.1379	12.677	-957.029	6708.19	-48712.4	989.42	149.1	292.991	0
295	4	-81.6756	12.9359	-956.23	6718.04	-48721	980.782	149.049	292.974	0
295	5	-82.2003	13.1889	-955.46	6730.13	-48728.6	972.258	149	292.956	0
295	6	-82.7119	13.4356	-954.718	6744.47	-48735.6	963.864	148.953	292.936	0
295	7	-83.2101	13.6758	-954.007	6761.05	-48741.7	955.614	148.908	292.913	0
295	8	-83.6949	13.909	-953.329	6779.86	-48747.3	947.518	148.866	292.888	0
295	9	-84.166	14.135	-952.683	6800.9	-48752.2	939.582	148.826	292.861	0
296	0	-84.6233	14.3536	-952.073	6824.13	-48756.7	931.809	148.789	292.832	0
296	1	-85.0668	14.5644	-951.497	6849.52	-48760.7	924.197	148.754	292.801	0
296	2	-85.4963	14.7673	-950.959	6877.06	-48764.3	916.741	148.721	292.768	0
296	3	-85.9119	14.9619	-950.457	6906.7	-48767.6	909.432	148.69	292.733	0
296	4	-86.3134	15.148	-949.993	6938.4	-48770.6	902.256	148.662	292.696	0
296	5	-86.701	15.3256	-949.568	6972.13	-48773.5	895.196	148.636	292.658	0
296	6	-87.0748	15.4943	-949.182	7007.83	-48776.1	888.228	148.612	292.617	0
296	7	-87.4346	15.654	-948.834	7045.48	-48778.7	881.327	148.591	292.575	0
296	8	-87.7807	15.8044	-948.526	7085.03	-48781.1	874.462	148.572	292.531	0
296	9	-88.1132	15.9455	-948.256	7126.43	-48783.5	867.6	148.554	292.485	0
297	0	-88.4322	16.077	-948.025	7169.65	-48785.9	860.702	148.539	292.437	0
297	1	-88.738	16.1988	-947.833	7214.66	-48788.3	853.726	148.526	292.388	0
297	2	-89.0306	16.3107	-947.677	7261.42	-48790.7	846.628	148.515	292.338	0
297	3	-89.3105	16.4124	-947.559	7309.91	-48793.2	839.361	148.506	292.286	0
297	4	-89.5778	16.5039	-947.477	7360.11	-48795.7	831.874	148.499	292.232	0
297	5	-89.8328	16.5849	-947.428	7412	-48798.2	824.116	148.494	292.177	0
297	6	-90.0758	16.6552	-947.414	7465.58	-48800.8	816.034	148.491	292.12	0
297	7	-90.3072	16.7146	-947.43	7520.84	-48803.3	807.574	148.489	292.062	0
297	8	-90.5274	16.7629	-947.476	7577.79	-48805.9	798.682	148.489	292.002	0
297	9	-90.7365	16.7997	-947.55	7636.44	-48808.3	789.304	148.49	291.941	0
298	0	-90.9352	16.825	-947.649	7696.82	-48810.7	779.389	148.493	291.878	0
298	1	-91.1237	16.8383	-947.771	7758.95	-48812.9	768.884	148.497	291.814	0
298	2	-91.3026	16.8394	-947.913	7822.88	-48814.9	757.742	148.503	291.747	0
298	3	-91.4721	16.828	-948.072	7888.64	-48816.6	745.916	148.51	291.679	0
298	4	-91.6328	16.8037	-948.245	7956.31	-48817.9	733.363	148.518	291.609	0
298	5	-91.7851	16.7664	-948.429	8025.92	-48818.7	720.043	148.527	291.538	0
298	6	-91.9294	16.7155	-948.619	8097.57	-48819	705.919	148.537	291.464	0
298	7	-92.0663	16.6509	-948.811	8171.32	-48818.6	690.96	148.548	291.388	0
298	8	-92.1961	16.572	-949.003	8247.27	-48817.4	675.135	148.559	291.31	0
298	9	-92.3193	16.4787	-949.188	8325.51	-48815.3	658.42	148.572	291.229	0
299	0	-92.4365	16.3705	-949.364	8406.15	-48812.1	640.792	148.584	291.146	0
299	1	-92.5479	16.2471	-949.524	8489.29	-48807.7	622.232	148.598	291.059	0
299	2	-92.654	16.1082	-949.663	8575.08	-48801.8	602.725	148.611	290.97	0
299	3	-92.7553	15.9534	-949.777	8663.63	-48794.4	582.258	148.625	290.878	0
299	4	-92.852	15.7825	-949.86	8755.07	-48785.3	560.818	148.639	290.783	0
299	5	-92.9446	15.5951	-949.905	8849.56	-48774.2	538.399	148.654	290.684	0
299	6	-93.0334	15.3909	-949.908	8947.24	-48760.9	514.993	148.668	290.581	0
299	7	-93.1187	15.1698	-949.861	9048.27	-48745.3	490.595	148.682	290.474	0
299	8	-93.2006	14.9316	-949.759	9152.79	-48727.1	465.201	148.695	290.363	0
299	9	-93.2794	14.676	-949.595	9260.97	-48706	438.807	148.709	290.247	0
300	0	-93.3552	14.403	-949.361	9372.98	-48681.8	411.413	148.722	290.127	0
300	1	-93.4282	14.1124	-949.051	9488.97	-48654.2	383.016	148.734	290.002	0
300	2	-93.4982	13.8044	-948.659	9609.1	-48623	353.616	148.746	289.871	0
300	3	-93.5654	13.4787	-948.175	9733.53	-48587.9	323.213	148.756	289.734	0
300	4	-93.6295	13.1356	-947.594	9862.43	-48548.6	291.807	148.766	289.592	0
300	5	-93.6904	12.7752	-946.907	9995.94	-48504.8	259.398	148.776	289.444	0
300	6	-93.7478	12.3977	-946.106	10134.2	-48456.2	225.987	148.784	289.288	0
300	7	-93.8014	12.0034	-945.184	10277.4	-48402.5	191.574	148.79	289.127	0
300	8	-93.8507	11.5924	-944.132	10425.6	-48343.3	156.161	148.796	288.957	0
300	9	-93.8952	11.1654	-942.943	10579.1	-48278.3	119.748	148.8	288.781	0
301	0	-93.9343	10.7227	-941.608	10737.7	-48207.2	82.3345	148.803	288.596	0
301	1	-93.9673	10.2647	-940.118	10901.8	-48129.7	43.922	148.805	288.404	0
301	2	-93.9934	9.79225	-938.466	11071.4	-48045.3	4.51007	148.804	288.203	0
301	3	-94.0117	9.30584	-936.642	11246.5	-47953.8	-35.9013	148.802	287.993	0
301	4	-94.0213	8.80623	-934.638	11427.3	-47854.7	-77.3123	148.799	287.774	0
301	5	-94.021	8.29421	-932.447	11613.7	-47747.7	-119.723	148.793	287.545	0
301	6	-94.0097	7.77063	-930.058	11805.8	-47632.4	-163.134	148.786	287.306	0
301	7	-93.986	7.2364	-927.463	12003.5	-47508.5	-207.545	148.776	287.058	0
301	8	-93.9486	6.69249	-924.655	12206.9	-47375.5	-252.955	148.764	286.798	0
301	9	-93.896	6.13995	-921.624	12415.9	-47233.1	-299.362	148.75	286.528	0
302	0	-93.8267	5.57984	-918.361	12630.5	-47080.8	-346.763	148.734	286.247	0
302	1	-93.739	5.01333	-914.859	12850.5	-46918.4	-395.153	148.715	285.954	0
302	2	-93.6312	4.44159	-911.109	13075.7	-46745.3	-444.525	148.694	285.649	0
302	3	-93.5014	3.86585	-907.104	13306.2	-46561.1	-494.869	148.671	285.331	0
302	4	-93.3477	3.2874	-902.834	13541.5	-46365.6	-546.172	148.644	285.001	0
302	5	-93.1683	2.70754	-898.292	13781.6	-46158.2	-598.416	148.616	284.658	0
302	6	-92.961	2.12764	-893.47	14026.2	-45938.6	-651.581	148.584	284.301	0
302	7	-92.7238	1.54905	-888.362	14274.9	-45706.4	-705.64	148.55	283.931	0
302	8	-92.4547	0.973192	-882.959	14527.5	-45461.2	-760.562	148.513	283.547	0
302	9	-92.1513	0.40148	-877.255	14783.6	-45202.6	-816.309	148.473	283.148	0
303	0	-91.8117	-0.164644	-871.243	15042.7	-44930.2	-872.837	148.43	282.734	0
303	1	-91.4337	-0.723734	-864.917	15304.4	-44643.6	-930.095	148.384	282.305	0
303	2	-91.015	-1.27433	-858.271	15568.3	-44342.5	-988.025	148.335	281.861	0
303	3	-90.5536	-1.81499	-851.299	15833.8	-44026.6	-1046.56	148.283	281.4	0
303	4	-90.0475	-2.34425	-843.997	16100.3	-43695.4	-1105.62	148.228	280.924	0
303	5	-89.4944	-2.86068	-836.359	16367.3	-43348.6	-1165.14	148.17	280.43	0
303	6	-88.8925	-3.36285	-828.383	16634	-42986	-1225	148.109	279.92	0
303	7	-88.24	-3.84937	-820.063	16899.7	-42607.2	-1285.12	148.044	279.392	0
303	8	-87.5349	-4.31885	-811.398	17163.8	-42211.9	-1345.38	147.976	278.847	0
303	9	-86.7757	-4.76996	-802.384	17425.4	-41800	-1405.66	147.905	278.283	0
304	0	-85.9608	-5.20139	-793.02	17683.7	-41371.1	-1465.83	147.831	277.701	0
304	1	-85.0888	-5.6119	-783.306	17937.8	-40925	-1525.75	147.753	277.1	0
304	2	-84.1586	-6.00026	-773.241	18186.9	-40461.6	-1585.27	147.673	276.48	0
304	3	-83.169	-6.36535	-762.825	18429.9	-39980.8	-1644.24	147.589	275.84	0
304	4	-82.1193	-6.70606	-752.059	18665.9	-39482.3	-1702.49	147.501	275.18	0
304	5	-81.0088	-7.0214	-740.947	18893.9	-38966.2	-1759.84	147.41	274.5	0
304	6	-79.8371	-7.31043	-729.491	19112.9	-38432.3	-1816.13	147.316	273.8	0
304	7	-78.604	-7.5723	-717.695	19321.7	-37880.7	-1871.16	147.219	273.078	0
304	8	-77.3096	-7.80625	-705.564	19519.3	-37311.4	-1924.74	147.118	272.335	0
304	9	-75.9542	-8.01165	-693.103	19704.6	-36724.4	-1976.68	147.015	271.57	0
305	0	-74.5385	-8.18793	-680.321	19876.5	-36119.9	-2026.79	146.908	270.784	0
305	1	-73.0631	-8.33467	-667.224	20033.8	-35498.1	-2074.85	146.797	269.974	0
305	2	-71.5293	-8.45156	-653.823	20175.5	-34859.2	-2120.68	146.684	269.142	0
305	3	-69.9385	-8.53843	-640.125	20300.5	-34203.4	-2164.07	146.568	268.287	0
305	4	-68.2923	-8.59523	-626.145	20407.6	-33531	-2204.81	146.448	267.407	0
305	5	-66.5927	-8.62207	-611.892	20496	-32842.5	-2242.72	146.326	266.504	0
305	6	-64.8419	-8.61918	-597.381	20564.4	-32138.2	-2277.6	146.201	265.576	0
305	7	-63.0425	-8.58697	-582.626	20612	-31418.8	-2309.25	146.074	264.622	0
305	8	-61.1973	-8.52597	-567.643	20637.9	-30684.7	-2337.49	145.944	263.643	0
305	9	-59.3094	-8.43688	-552.448	20641.2	-29936.5	-2362.15	145.811	262.637	0
306	0	-57.3821	-8.32055	-537.059	20621.1	-29175.1	-2383.04	145.676	261.604	0
306	1	-55.4191	-8.17798	-521.495	20576.8	-28401	-2400.02	145.539	260.543	0
306	2	-53.4242	-8.0103	-505.776	20507.8	-27615.3	-2412.92	145.4	259.453	0
306	3	-51.4016	-7.81879	-489.921	20413.5	-26818.7	-2421.6	145.259	258.333	0
306	4	-49.3556	-7.60486	-473.954	20293.5	-26012.4	-2425.94	145.116	257.183	0
306	5	-47.2909	-7.37005	-457.897	20147.3	-25197.3	-2425.82	144.972	256	0
306	6	-45.2122	-7.11598	-441.774	19974.8	-24374.5	-2421.15	144.826	254.785	0
306	7	-43.1246	-6.8444	-425.608	19775.7	-23545.3	-2411.83	144.678	253.535	0
306	8	-41.0332	-6.55713	-409.425	19550.2	-22711	-2397.82	144.53	252.25	0
306	9	-38.9432	-6.25607	-393.251	19298.2	-21872.8	-2379.06	144.38	250.927	0
307	0	-36.8601	-5.94317	-377.112	19020	-21032.2	-2355.56	144.228	249.564	0
307	1	-34.7893	-5.62042	-361.034	18715.9	-20190.6	-2327.31	144.076	248.16	0
307	2	-32.7365	-5.28984	-345.047	18386.4	-19349.4	-2294.35	143.922	246.713	0
307	3	-30.707	-4.95345	-329.175	18032.1	-18510.4	-2256.76	143.767	245.221	0
307	4	-28.7065	-4.61327	-313.449	17653.7	-17674.9	-2214.64	143.611	243.679	0
307	5	-26.7402	-4.27131	-297.893	17252.2	-16844.7	-2168.12	143.454	242.086	0
307	6	-24.8135	-3.92951	-282.538	16828.6	-16021.3	-2117.36	143.295	240.438	0
307	7	-22.9315	-3.58979	-267.408	16384.1	-15206.4	-2062.59	143.134	238.73	0
307	8	-21.0989	-3.25398	-252.531	15919.8	-14401.5	-2004.02	142.971	236.959	0
307	9	-19.3205	-2.92384	-237.932	15437.4	-13608.3	-1941.95	142.806	235.118	0
308	0	-17.6004	-2.60105	-223.637	14938.3	-12828.3	-1876.67	142.638	233.203	0
308	1	-15.9426	-2.28714	-209.668	14424.3	-12063.1	-1808.51	142.466	231.204	0
308	2	-14.3505	-1.98355	-196.05	13897	-11314	-1737.86	142.29	229.115	0
308	3	-12.8271	-1.69159	-182.802	13358.6	-10582.6	-1665.07	142.109	226.923	0
308	4	-11.3749	-1.41242	-169.945	12810.8	-9869.99	-1590.57	141.922	224.618	0
308	5	-9.99604	-1.14703	-157.496	12255.7	-9177.54	-1514.75	141.728	222.184	0
308	6	-8.69198	-0.896283	-145.471	11695.5	-8506.33	-1438.05	141.526	219.602	0
308	7	-7.46372	-0.660851	-133.885	11132.3	-7857.38	-1360.86	141.313	216.852	0
308	8	-6.31171	-0.441246	-122.75	10568.2	-7231.58	-1283.61	141.087	213.905	0
308	9	-5.23594	-0.237812	-112.076	10005.2	-6629.71	-1206.69	140.846	210.728	0
309	0	-4.23586	-0.0507227	-101.871	9445.56	-6052.42	-1130.47	140.587	207.279	0
309	1	-3.3105	0.120009	-92.1399	8891.2	-5500.22	-1055.3	140.306	203.503	0
309	2	-2.45845	0.274523	-82.8871	8344.08	-4973.52	-981.523	139.996	199.332	0
309	3	-1.67792	0.413099	-74.1138	7806.05	-4472.58	-909.421	139.653	194.675	0
309	4	-0.96678	0.536146	-65.8193	7278.85	-3997.52	-839.263	139.265	189.412	0
309	5	-0.322616	0.644182	-58.001	6764.06	-3548.36	-771.28	138.822	183.38	0
309	6	0.257238	0.737822	-50.6541	6263.16	-3125	-705.669	138.307	176.354	0
309	7	0.775644	0.817755	-43.7723	5777.46	-2727.2	-642.595	137.696	168.011	0
309	8	1.23562	0.884733	-37.3473	5308.09	-2354.64	-582.193	136.953	157.872	0
309	9	1.64028	0.939551	-31.3693	4856.05	-2006.88	-524.565	136.024	145.197	0
310	0	1.99283	0.983034	-25.8271	4422.16	-1683.4	-469.784	134.821	128.778	0
310	1	2.29649	1.01602	-20.7083	4007.09	-1383.59	-417.899	133.186	106.498	0
310	2	2.5545	1.03936	-15.9991	3611.35	-1106.78	-368.932	130.822	74.2775	0
310	3	2.77006	1.05388	-11.6849	3235.28	-852.227	-322.885	127.066	23.1237	0
310	4	2.94632	1.0604	-7.75046	2879.11	-619.128	-279.737	120.117	-71.4754	0
310	5	3.08637	1.05973	-4.17957	2542.9	-406.641	-239.452	102.707	-308.411	0
310	6	3.19321	1.05264	-0.955691	2226.61	-213.89	-201.977	200	300	0
310	7	3.26971	1.03985	1.93813	1930.08	-39.9652	-167.246	200	300	0
310	8	3.31867	1.02206	4.51907	1653.05	116.059	-135.182	200	300	0
310	9	3.34272	0.999927	6.80441	1395.15	255.121	-105.699	200	300	0
311	0	3.3444	0.974072	8.81142	1155.94	378.167	-78.7025	200	300	0
311	1	3.3261	0.945062	10.5573	934.922	486.138	-54.0915	200	300	0
311	2	3.29007	0.913429	12.0589	731.513	579.973	-31.7614	200	300	0
311	3	3.23844	0.87966	13.3329	545.095	660.593	-11.604	200	300	0
311	4	3.17318	0.844203	14.3957	375.004	728.907	6.49121	200	300	0
311	5	3.09615	0.807465	15.2631	220.548	785.801	22.6354	200	300	0
311	6	3.00907	0.769816	15.9504	81.0043	832.137	36.9403	200	300	0
311	7	2.91354	0.731588	16.4726	-44.361	868.752	49.5165	200	300	0
311	8	2.81102	0.69308	16.8437	-156.294	896.45	60.4736	200	300	0
311	9	2.70288	0.65456	17.0777	-255.545	916.006	69.9191	200	300	0
312	0	2.59034	0.616263	17.1874	-342.862	928.162	77.958	200	300	0
312	1	2.47454	0.578397	17.1853	-418.986	933.624	84.6926	200	300	0
312	2	2.3565	0.541144	17.0831	-484.649	933.065	90.2219	200	300	0
312	3	2.23717	0.504661	16.8921	-540.567	927.122	94.6415	200	300	0
312	4	2.11736	0.469082	16.6227	-587.439	916.397	98.043	200	300	0
312	5	1.99784	0.434523	16.2846	-625.945	901.456	100.515	200	300	0
312	6	1.87927	0.401077	15.8872	-656.743	882.831	102.141	200	300	0
312	7	1.76224	0.368824	15.4389	-680.465	861.018	103.001	200	300	0
312	8	1.64727	0.337825	14.9478	-697.72	836.482	103.171	200	300	0
312	9	1.53482	0.308128	14.4212	-709.09	809.651	102.723	200	300	0
313	0	1.42526	0.279769	13.866	-715.13	780.924	101.725	200	300	0
313	1	1.31893	0.25277	13.2883	-716.366	750.668	100.241	200	300	0
313	2	1.2161	0.227145	12.694	-713.298	719.222	98.33	200	300	0
313	3	1.11701	0.202897	12.0882	-706.399	686.892	96.0488	200	300	0
313	4	1.02184	0.180021	11.4757	-696.113	653.961	93.4495	200	300	0
313	5	0.93072	0.158504	10.8607	-682.856	620.683	90.5804	200	300	0
313	6	0.843759	0.138329	10.2472	-667.019	587.289	87.4867	200	300	0
313	7	0.761023	0.11947	9.6384	-648.966	553.985	84.2098	200	300	0
313	8	0.682547	0.101898	9.03749	-629.035	520.956	80.7879	200	300	0
313	9	0.608339	0.0855793	8.4471	-607.54	488.365	77.2561	200	300	0
314	0	0.538382	0.0704763	7.86956	-584.77	456.355	73.6464	200	300	0
314	1	0.472634	0.0565488	7.30687	-560.991	425.051	69.9879	200	300	0
314	2	0.411036	0.0437539	6.76076	-536.449	394.561	66.3068	200	300	0
314	3	0.35351	0.0320467	6.23264	-511.365	364.978	62.6269	200	300	0
314	4	0.299961	0.0213808	5.72371	-485.942	336.376	58.9693	200	300	0
314	5	0.250284	0.0117087	5.23491	-460.364	308.821	55.3529	200	300	0
314	6	0.204361	0.00298231	4.76695	-434.795	282.361	51.7944	200	300	0
314	7	0.162064	-0.00484703	4.32038	-409.383	257.036	48.3082	200	300	0
314	8	0.12326	-0.011828	3.89555	-384.259	232.874	44.9071	200	300	0
314	9	0.0878071	-0.0180089	3.49264	-359.537	209.892	41.6018	200	300	0
315	0	0.0555599	-0.0234379	3.11168	-335.321	188.102	38.4014	200	300	0
315	1	0.0263698	-0.0281621	2.7526	-311.696	167.503	35.3135	200	300	0
315	2	8.59675e-05	-0.0322281	2.41518	-288.739	148.092	32.3443	200	300	0
315	3	-0.0234437	-0.0356811	2.09911	-266.512	129.855	29.4984	200	300	0
315	4	-0.044371	-0.0385653	1.80399	-245.067	112.777	26.7796	200	300	0
315	5	-0.0628473	-0.0409235	1.52933	-224.448	96.8335	24.1903	200	300	0
315	6	-0.0790219	-0.0427971	1.27459	-204.687	81.9996	21.7318	200	300	0
315	7	-0.0930423	-0.044226	1.03915	-185.81	68.2445	19.4049	200	300	0
315	8	-0.105053	-0.0452484	0.822357	-167.832	55.5352	17.2092	200	300	0
315	9	-0.115194	-0.045901	0.623518	-150.764	43.8358	15.1436	200	300	0
316	0	-0.123603	-0.0462187	0.441904	-134.61	33.1083	13.2067	200	300	0
316	1	-0.130413	-0.0462347	0.276763	-119.367	23.3132	11.396	200	300	0
316	2	-0.135751	-0.0459806	0.127328	-105.03	14.4095	9.70899	200	300	0
316	3	-0.139741	-0.045486	-0.00717915	-91.5848	6.35564	8.14241	200	300	0
316	4	-0.142501	-0.0447791	-0.127543	-79.0176	-0.890783	6.69276	200	300	0
316	5	-0.144144	-0.0438862	-0.234547	-67.3089	-7.37232	5.3562	200	300	0
316	6	-0.144777	-0.042832	-0.32897	-56.4367	-13.1315	4.12864	200	300	0
316	7	-0.144502	-0.0416395	-0.411583	-46.3765	-18.2106	3.00579	200	300	0
316	8	-0.143417	-0.04033	-0.483144	-37.1015	-22.6514	1.9832	200	300	0
316	9	-0.141613	-0.0389236	-0.544395	-28.5834	-26.4951	1.05629	200	300	0
317	0	-0.139175	-0.0374384	-0.596062	-20.7923	-29.7819	0.220414	200	300	0
317	1	-0.136184	-0.0358915	-0.63885	-13.6971	-32.551	-0.529104	200	300	0
317	2	-0.132715	-0.0342982	-0.673441	-7.26628	-34.8408	-1.19697	200	300	0
317	3	-0.128839	-0.0326726	-0.700492	-1.46743	-36.6881	-1.78785	200	300	0
317	4	-0.124621	-0.0310277	-0.720639	3.732	-38.1285	-2.3064	200	300	0
317	5	-0.120121	-0.0293749	-0.734486	8.36465	-39.1965	-2.75719	200	300	0
317	6	-0.115395	-0.0277248	-0.742615	12.463	-39.9247	-3.14469	200	300	0
317	7	-0.110494	-0.0260866	-0.745577	16.0593	-40.3447	-3.47329	200	300	0
317	8	-0.105465	-0.0244686	-0.743897	19.1852	-40.4863	-3.74726	200	300	0
317	9	-0.100351	-0.022878	-0.738072	21.8719	-40.3778	-3.97074	200	300	0
318	0	-0.0951893	-0.0213213	-0.72857	24.1499	-40.0461	-4.14771	200	300	0
318	1	-0.0900162	-0.0198039	-0.715831	26.0488	-39.5165	-4.28203	200	300	0
318	2	-0.0848625	-0.0183306	-0.70027	27.5972	-38.8129	-4.3774	200	300	0
318	3	-0.0797561	-0.0169052	-0.682271	28.823	-37.9576	-4.43733	200	300	0
318	4	-0.0747218	-0.0155311	-0.662196	29.7528	-36.9715	-4.46519	200	300	0
318	5	-0.0697812	-0.0142108	-0.640379	30.4122	-35.8739	-4.4642	200	300	0
318	6	-0.0649532	-0.0129464	-0.617129	30.8259	-34.683	-4.43737	200	300	0
318	7	-0.0602541	-0.0117393	-0.592732	31.0171	-33.4155	-4.38758	200	300	0
318	8	-0.0556976	-0.0105906	-0.567448	31.008	-32.0867	-4.31752	200	300	0
318	9	-0.0512953	-0.00950085	-0.54152	30.8197	-30.7109	-4.22971	200	300	0
319	0	-0.0470565	-0.00847012	-0.515163	30.4722	-29.3009	-4.12655	200	300	0
319	1	-0.0429888	-0.00749826	-0.488578	29.984	-27.8685	-4.01022	200	300	0
319	2	-0.0390979	-0.00658474	-0.461941	29.3729	-26.4243	-3.8828	200	300	0
319	3	-0.0353878	-0.00572875	-0.435413	28.6551	-24.9781	-3.74618	200	300	0
319	4	-0.0318611	-0.00492923	-0.409138	27.8462	-23.5384	-3.60212	200	300	0
319	5	-0.028519	-0.0041849	-0.38324	26.9603	-22.1129	-3.45223	200	300	0
319	6	-0.0253617	-0.0034943	-0.357831	26.0106	-20.7084	-3.29801	200	300	0
319	7	-0.0223881	-0.00285581	-0.333008	25.0094	-19.3308	-3.1408	200	300	0
319	8	-0.0195963	-0.00226768	-0.308852	23.9679	-17.9854	-2.98182	200	300	0
319	9	-0.0169833	-0.00172804	-0.285435	22.8963	-16.6766	-2.82219	200	300	0
320	0	-0.0145456	-0.00123494	-0.262815	21.8041	-15.4081	-2.6629	200	300	0
320	1	-0.012279	-0.000786368	-0.24104	20.6998	-14.183	-2.50485	200	300	0
320	2	-0.0101787	-0.000380263	-0.220147	19.5909	-13.0041	-2.34881	200	300	0
320	3	-0.00823949	-1.45302e-05	-0.200166	18.4845	-11.8731	-2.19549	200	300	0
320	4	-0.00645575	0.000312939	-0.181118	17.3868	-10.7918	-2.04549	200	300	0
320	5	-0.00482153	0.000604255	-0.163014	16.3031	-9.76119	-1.89933	200	300	0
320	6	-0.00333064	0.000861514	-0.145861	15.2383	-8.7819	-1.75746	200	300	0
320	7	-0.00197673	0.00108679	-0.12966	14.1967	-7.85426	-1.62026	200	300	0
320	8	-0.000753288	0.00128214	-0.114404	13.1817	-6.97826	-1.48803	200	300	0
320	9	0.000346249	0.00144955	-0.100083	12.1967	-6.15356	-1.36102	200	300	0
321	0	0.00132849	0.00159099	-0.0866816	11.244	-5.37957	-1.23943	200	300	0
321	1	0.00220002	0.00170835	-0.0741822	10.3259	-4.65549	-1.12337	200	300	0
321	2	0.00296739	0.00180349	-0.0625623	9.44413	-3.98027	-1.01296	200	300	0
321	3	0.00363707	0.00187816	-0.0517974	8.59991	-3.35272	-0.908247	200	300	0
321	4	0.0042154	0.0019341	-0.0418602	7.79425	-2.77148	-0.809232	200	300	0
321	5	0.0047086	0.00197294	-0.0327218	7.02778	-2.23509	-0.715897	200	300	0
321	6	0.00512274	0.00199624	-0.0243514	6.30084	-1.74194	-0.628189	200	300	0
321	7	0.0054637	0.00200549	-0.0167173	5.61353	-1.29038	-0.546026	200	300	0
321	8	0.00573717	0.00200213	-0.00978644	4.96566	-0.878666	-0.469306	200	300	0
321	9	0.00594864	0.00198749	-0.00352547	4.35688	-0.505009	-0.397902	200	300	0
322	0	0.00610338	0.00196283	0.00209951	3.78662	-0.167591	-0.331673	200	300	0
322	1	0.00620645	0.00192936	0.00712249	3.25415	0.135426	-0.27046	200	300	0
322	2	0.00626266	0.00188818	0.0115774	2.7586	0.405889	-0.214092	200	300	0
322	3	0.0062766	0.00184036	0.015498	2.29899	0.64564	-0.16239	200	300	0
322	4	0.00625262	0.00178685	0.0189174	1.87421	0.856507	-0.115163	200	300	0
322	5	0.00619485	0.00172858	0.0218684	1.48308	1.04029	-0.0722177	200	300	0
322	6	0.00610715	0.00166637	0.0243829	1.12434	1.19877	-0.0333537	200	300	0
322	7	0.00599319	0.00160101	0.0264921	0.796681	1.33367	0.00163118	200	300	0
322	8	0.00585637	0.0015332	0.0282263	0.498747	1.44668	0.0329407	200	300	0
322	9	0.00569989	0.00146359	0.0296146	0.22915	1.53944	0.0607785	200	300	0
323	0	0.00552672	0.00139278	0.0306853	-0.0135139	1.61353	0.0853472	200	300	0
323	1	0.00533963	0.0013213	0.0314655	-0.230661	1.67049	0.106847	200	300	0
323	2	0.00514115	0.00124965	0.0319811	-0.423705	1.71177	0.125475	200	300	0
323	3	0.00493365	0.00117825	0.0322569	-0.594053	1.73878	0.141424	200	300	0
323	4	0.00471927	0.0011075	0.0323164	-0.743096	1.75286	0.154883	200	300	0
323	5	0.00449998	0.00103773	0.0321819	-0.872203	1.75528	0.166035	200	300	0
323	6	0.00427758	0.000969259	0.0318747	-0.982715	1.74725	0.175057	200	300	0
323	7	0.00405368	0.000902339	0.0314145	-1.07594	1.72991	0.182121	200	300	0
323	8	0.00382975	0.000837199	0.0308201	-1.15315	1.70434	0.187391	200	300	0
323	9	0.00360709	0.000774033	0.0301091	-1.21558	1.67155	0.191025	200	300	0
324	0	0.00338687	0.000713001	0.0292978	-1.26442	1.63248	0.193173	200	300	0
324	1	0.00317011	0.000654234	0.0284014	-1.3008	1.58802	0.19398	200	300	0
324	2	0.00295772	0.000597837	0.0274342	-1.32584	1.539	0.193581	200	300	0
324	3	0.00275047	0.000543891	0.0264091	-1.34056	1.48617	0.192106	200	300	0
324	4	0.00254903	0.000492453	0.0253382	-1.34597	1.43024	0.189676	200	300	0
324	5	0.00235397	0.00044356	0.0242326	-1.34302	1.37185	0.186405	200	300	0
324	6	0.00216575	0.000397229	0.0231023	-1.3326	1.31161	0.182402	200	300	0
324	7	0.00198475	0.000353463	0.0219565	-1.31555	1.25006	0.177766	200	300	0
324	8	0.00181128	0.000312248	0.0208035	-1.29268	1.18769	0.172591	200	300	0
324	9	0.00164554	0.000273557	0.0196507	-1.26472	1.12495	0.166964	200	300	0
325	0	0.0014877	0.000237351	0.018505	-1.23239	1.06223	0.160964	200	300	0
325	1	0.00133785	0.000203582	0.0173721	-1.19631	0.999904	0.154667	200	300	0
325	2	0.00119603	0.000172191	0.0162575	-1.15711	0.938285	0.14814	200	300	0
325	3	0.00106221	0.000143112	0.0151655	-1.11533	0.877656	0.141445	200	300	0
325	4	0.000936341	0.000116273	0.0141004	-1.07149	0.818263	0.134638	200	300	0
325	5	0.00081832	9.15971e-05	0.0130654	-1.02607	0.760319	0.127772	200	300	0
325	6	0.000708011	6.90007e-05	0.0120634	-0.979495	0.704007	0.120891	200	300	0
325	7	0.000605247	4.83988e-05	0.0110968	-0.932159	0.649481	0.114038	200	300	0
325	8	0.000509834	2.9703e-05	0.0101676	-0.884419	0.596867	0.107248	200	300	0
325	9	0.000421556	1.28231e-05	0.00927724	-0.836597	0.546268	0.100555	200	300	0
326	0	0.000340176	-2.33231e-06	0.00842686	-0.788982	0.497765	0.0939875	200	300	0
326	1	0.000265442	-1.5855e-05	0.00761723	-0.741829	0.451415	0.0875692	200	300	0
326	2	0.00019709	-2.78368e-05	0.00684881	-0.695366	0.407261	0.0813214	200	300	0
326	3	0.000134843	-3.83689e-05	0.00612178	-0.649793	0.365326	0.075262	200	300	0
326	4	7.84196e-05	-4.75416e-05	0.00543603	-0.60528	0.325617	0.0694056	200	300	0
326	5	2.75313e-05	-5.54436e-05	0.00479126	-0.561977	0.288129	0.0637642	200	300	0
326	6	-1.81128e-05	-6.2162e-05	0.00418693	-0.520009	0.252844	0.0583469	200	300	0
326	7	-5.88048e-05	-6.77816e-05	0.00362232	-0.47948	0.219733	0.0531605	200	300	0
326	8	-9.48364e-05	-7.23853e-05	0.00309659	-0.440474	0.188757	0.0482098	200	300	0
326	9	-0.000126497	-7.60529e-05	0.00260871	-0.403059	0.159871	0.0434972	200	300	0
327	0	-0.000154072	-7.8862e-05	0.00215756	-0.367282	0.133019	0.0390237	200	300	0
327	1	-0.000177843	-8.0887e-05	0.00174194	-0.33318	0.108142	0.0347883	200	300	0
327	2	-0.000198086	-8.21995e-05	0.00136052	-0.300773	0.0851741	0.0307887	200	300	0
327	3	-0.00021507	-8.28681e-05	0.00101195	-0.270068	0.0640469	0.0270212	200	300	0
327	4	-0.000229055	-8.29581e-05	0.000694798	-0.241063	0.0446877	0.0234811	200	300	0
327	5	-0.000240296	-8.2532e-05	0.000407605	-0.213743	0.0270216	0.0201625	200	300	0
327	6	-0.000249037	-8.1649e-05	0.000148885	-0.188087	0.0109718	0.0170587	200	300	0
327	7	-0.000255514	-8.03651e-05	-8.28666e-05	-0.164063	-0.00353916	0.0141622	200	300	0
327	8	-0.000259953	-7.87334e-05	-0.000289158	-0.141633	-0.0165895	0.0114648	200	300	0
327	9	-0.000262572	-7.68039e-05	-0.000471496	-0.120754	-0.0282572	0.00895789	200	300	0
328	0	-0.000263577	-7.46237e-05	-0.000631377	-0.101375	-0.0386196	0.00663237	200	300	0
328	1	-0.000263165	-7.2237e-05	-0.00077028	-0.0834438	-0.0477532	0.00447877	200	300	0
328	2	-0.000261525	-6.9685e-05	-0.00088966	-0.066901	-0.0557329	0.00248739	200	300	0
328	3	-0.000258833	-6.70065e-05	-0.000990944	-0.051686	-0.0626317	0.000648348	200	300	0
328	4	-0.000255257	-6.42374e-05	-0.00107553	-0.0377351	-0.0685209	-0.00104833	200	300	0
328	5	-0.000250955	-6.14113e-05	-0.00114476	-0.0249828	-0.0734691	-0.00261264	200	300	0
328	6	-0.000246075	-5.85591e-05	-0.00119997	-0.0133621	-0.0775424	-0.00405454	200	300	0
328	7	-0.000240755	-5.57097e-05	-0.00124242	-0.00280479	-0.0808044	-0.00538391	200	300	0
328	8	-0.000235126	-5.28895e-05	-0.00127334	0.00675753	-0.0833154	-0.00661046	200	300	0
328	9	-0.000229308	-5.01231e-05	-0.00129391	0.0153935	-0.085133	-0.00774371	200	300	0
329	0	-0.000223412	-4.74329e-05	-0.00130528	0.0231717	-0.0863116	-0.00879291	200	300	0
329	1	-0.000217541	-4.48393e-05	-0.00130851	0.0301598	-0.0869022	-0.00976706	200	300	0
329	2	-0.00021179	-4.23613e-05	-0.00130466	0.0364249	-0.0869527	-0.0106748	200	300	0
329	3	-0.000206245	-4.00158e-05	-0.0012947	0.0420329	-0.0865079	-0.0115244	200	300	0
329	4	-0.000200984	-3.78184e-05	-0.00127958	0.0470483	-0.085609	-0.0123237	200	300	0
329	5	-0.000196079	-3.57829e-05	-0.00126018	0.051534	-0.0842942	-0.0130803	200	300	0
329	6	-0.000191591	-3.39219e-05	-0.00123734	0.0555512	-0.0825983	-0.013801	200	300	0
329	7	-0.000187577	-3.22467e-05	-0.00121186	0.0591591	-0.0805532	-0.0144924	200	300	0
329	8	-0.000184084	-3.0767e-05	-0.00118449	0.0624149	-0.0781873	-0.0151604	200	300	0
329	9	-0.000181154	-2.94916e-05	-0.00115592	0.0653736	-0.0755264	-0.0158105	200	300	0
330	0	-0.000178821	-2.8428e-05	-0.00112682	0.0680877	-0.0725929	-0.0164474	200	300	0
330	1	-0.000177114	-2.75825e-05	-0.00109779	0.0706073	-0.0694068	-0.0170756	200	300	0
330	2	-0.000176051	-2.69606e-05	-0.00106941	0.0729801	-0.0659851	-0.0176985	200	300	0
330	3	-0.000175648	-2.65664e-05	-0.00104221	0.0752508	-0.0623422	-0.0183192	200	300	0
330	4	-0.000175911	-2.64032e-05	-0.00101668	0.0774618	-0.0584901	-0.0189401	200	300	0
330	5	-0.000176842	-2.64734e-05	-0.000993253	0.0796522	-0.0544385	-0.0195626	200	300	0
330	6	-0.000178435	-2.6778e-05	-0.000972358	0.0818585	-0.0501947	-0.0201879	200	300	0
330	7	-0.000180676	-2.73174e-05	-0.000954362	0.0841141	-0.0457642	-0.020816	200	300	0
330	8	-0.000183547	-2.80909e-05	-0.000939603	0.0864493	-0.0411504	-0.0214464	200	300	0
330	9	-0.000187021	-2.90965e-05	-0.000928382	0.0888912	-0.036355	-0.0220777	200	300	0
331	0	-0.000191065	-3.03315e-05	-0.000920965	0.0914636	-0.0313784	-0.0227078	200	300	0
331	1	-0.000195639	-3.17919e-05	-0.000917582	0.0941872	-0.0262193	-0.0233335	200	300	0
331	2	-0.000200696	-3.34725e-05	-0.000918428	0.097079	-0.0208754	-0.0239512	200	300	0
331	3	-0.000206181	-3.53671e-05	-0.000923665	0.100152	-0.0153434	-0.024556	200	300	0
331	4	-0.000212031	-3.7468e-05	-0.000933418	0.103417	-0.00961919	-0.0251423	200	300	0
331	5	-0.000218176	-3.97664e-05	-0.00094778	0.10688	-0.00369808	-0.0257035	200	300	0
331	6	-0.000224539	-4.22519e-05	-0.000966805	0.110542	0.00242495	-0.0262321	200	300	0
331	7	-0.000231033	-4.49126e-05	-0.000990515	0.114403	0.00875508	-0.0267196	200	300	0
331	8	-0.000237563	-4.77352e-05	-0.00101889	0.118455	0.0152974	-0.0271566	200	300	0
331	9	-0.000244025	-5.07044e-05	-0.00105188	0.122688	0.0220566	-0.0275325	200	300	0
332	0	-0.000250308	-5.38035e-05	-0.0010894	0.127089	0.0290369	-0.027836	200	300	0
332	1	-0.000256289	-5.70134e-05	-0.0011313	0.131636	0.0362416	-0.0280543	200	300	0
332	2	-0.000261837	-6.03134e-05	-0.00117742	0.136307	0.0436729	-0.028174	200	300	0
332	3	-0.000266811	-6.36804e-05	-0.00122754	0.141071	0.0513317	-0.0281804	200	300	0
332	4	-0.000271062	-6.70891e-05	-0.0012814	0.145895	0.0592172	-0.0280578	200	300	0
332	5	-0.000274427	-7.05117e-05	-0.0013387	0.150738	0.0673266	-0.0277894	200	300	0
332	6	-0.000276737	-7.39181e-05	-0.00139907	0.155556	0.075655	-0.0273575	200	300	0
332	7	-0.000277809	-7.72754e-05	-0.00146212	0.160298	0.0841949	-0.0267431	200	300	0
332	8	-0.000277454	-8.05479e-05	-0.00152738	0.164906	0.0929358	-0.0259264	200	300	0
332	9	-0.000275467	-8.36969e-05	-0.00159434	0.169319	0.101864	-0.0248864	200	300	0
333	0	-0.000271637	-8.66809e-05	-0.00166244	0.173467	0.110963	-0.0236014	200	300	0
333	1	-0.000265741	-8.9455e-05	-0.00173103	0.177275	0.120212	-0.0220484	200	300	0
333	2	-0.000257547	-9.19713e-05	-0.00179942	0.180661	0.129585	-0.0202039	200	300	0
333	3	-0.00024681	-9.41782e-05	-0.00186686	0.183536	0.139053	-0.0180433	200	300	0
333	4	-0.000233278	-9.6021e-05	-0.00193252	0.185806	0.148581	-0.0155413	200	300	0
333	5	-0.000216689	-9.74413e-05	-0.0019955	0.187367	0.15813	-0.012672	200	300	0
333	6	-0.000196773	-9.83769e-05	-0.00205483	0.188111	0.167654	-0.00940883	200	300	0
333	7	-0.000173251	-9.87622e-05	-0.00210946	0.187921	0.177102	-0.00572487	200	300	0
333	8	-0.000145836	-9.85277e-05	-0.00215827	0.186673	0.186417	-0.00159275	200	300	0
333	9	-0.000114237	-9.76005e-05	-0.00220007	0.184238	0.195533	0.00301507	200	300	0
334	0	-7.8154e-05	-9.59036e-05	-0.00223356	0.180478	0.20438	0.0081262	200	300	0
334	1	-3.72861e-05	-9.33567e-05	-0.00225738	0.175248	0.212879	0.0137681	200	300	0
334	2	8.67227e-06	-8.98756e-05	-0.00227008	0.168398	0.220944	0.0199679	200	300	0
334	3	6.00274e-05	-8.53727e-05	-0.00227012	0.159769	0.22848	0.0267523	200	300	0
334	4	0.000117085	-7.97571e-05	-0.00225589	0.149198	0.235384	0.0341472	200	300	0
334	5	0.00018015	-7.29347e-05	-0.00222568	0.136513	0.241545	0.0421773	200	300	0
334	6	0.000249519	-6.48083e-05	-0.00217769	0.121541	0.246843	0.0508662	200	300	0
334	7	0.000325487	-5.52781e-05	-0.00211005	0.1041	0.251148	0.0602358	200	300	0
334	8	0.000408334	-4.42418e-05	-0.00202081	0.0840046	0.254322	0.0703063	200	300	0
334	9	0.000498332	-3.15951e-05	-0.00190793	0.0610658	0.256218	0.0810952	200	300	0
335	0	0.000595736	-1.7232e-05	-0.00176931	0.0350913	0.256676	0.0926177	200	300	0
335	1	0.00070078	-1.04544e-06	-0.00160275	0.00588659	0.255531	0.104886	200	300	0
335	2	0.000813679	1.70724e-05	-0.00140601	-0.026744	0.252605	0.117908	200	300	0
335	3	0.000934618	3.72292e-05	-0.00117678	-0.0629965	0.247712	0.131688	200	300	0
335	4	0.00106375	5.95321e-05	-0.000912706	-0.103066	0.240655	0.146228	200	300	0
335	5	0.00120121	8.40866e-05	-0.000611375	-0.147144	0.23123	0.16152	200	300	0
335	6	0.00134706	0.000110996	-0.000270353	-0.19542	0.219222	0.177556	200	300	0
335	7	0.00150134	0.000140361	0.000112822	-0.248077	0.204409	0.194319	200	300	0
335	8	0.00166404	0.000172276	0.00054062	-0.305289	0.186558	0.211785	200	300	0
335	9	0.00183508	0.000206833	0.00101551	-0.367223	0.165432	0.229924	200	300	0
336	0	0.00201432	0.000244116	0.00153992	-0.434032	0.140784	0.248698	200	300	0
336	1	0.00220157	0.0002842	0.00211627	-0.505859	0.112362	0.268058	200	300	0
336	2	0.00239654	0.000327153	0.0027469	-0.582825	0.0799103	0.287948	200	300	0
336	3	0.00259886	0.000373031	0.00343408	-0.665037	0.0431661	0.308302	200	300	0
336	4	0.00280808	0.000421876	0.00417996	-0.752577	0.00186545	0.329042	200	300	0
336	5	0.00302365	0.00047372	0.00498658	-0.845502	-0.0442574	0.350078	200	300	0
336	6	0.00324491	0.000528576	0.00585579	-0.943841	-0.0954682	0.371309	200	300	0
336	7	0.00347108	0.000586439	0.0067893	-1.04759	-0.152031	0.39262	200	300	0
336	8	0.00370127	0.000647285	0.00778855	-1.15672	-0.214207	0.413882	200	300	0
336	9	0.00393446	0.000711068	0.00885475	-1.27113	-0.282249	0.434951	200	300	0
337	0	0.00416947	0.000777717	0.0099888	-1.39072	-0.356405	0.455669	200	300	0
337	1	0.00440499	0.000847133	0.0111913	-1.51532	-0.436909	0.475859	200	300	0
337	2	0.00463955	0.000919191	0.0124624	-1.64469	-0.523985	0.495328	200	300	0
337	3	0.00487151	0.000993731	0.0138019	-1.77857	-0.617837	0.513866	200	300	0
337	4	0.00509907	0.00107056	0.015209	-1.9166	-0.71865	0.531243	200	300	0
337	5	0.00532021	0.00114944	0.0166827	-2.05838	-0.826588	0.547211	200	300	0
337	6	0.00553276	0.00123011	0.018221	-2.20343	-0.941784	0.5615	200	300	0
337	7	0.00573433	0.00131225	0.0198216	-2.35119	-1.06434	0.573822	200	300	0
337	8	0.00592231	0.0013955	0.0214813	-2.50102	-1.19433	0.583865	200	300	0
337	9	0.00609389	0.00147944	0.0231963	-2.65218	-1.33178	0.591297	200	300	0
338	0	0.00624605	0.00156362	0.0249618	-2.80386	-1.47667	0.595766	200	300	0
338	1	0.00637551	0.00164751	0.0267724	-2.95512	-1.62893	0.596893	200	300	0
338	2	0.00647877	0.00173054	0.0286216	-3.10494	-1.78844	0.594281	200	300	0
338	3	0.00655209	0.00181207	0.0305018	-3.25217	-1.95501	0.587507	200	300	0
338	4	0.00659149	0.00189138	0.0324044	-3.39556	-2.12839	0.57613	200	300	0
338	5	0.00659273	0.00196771	0.0343198	-3.53371	-2.30826	0.559683	200	300	0
338	6	0.00655134	0.00204021	0.036237	-3.66513	-2.49421	0.537679	200	300	0
338	7	0.0064626	0.00210796	0.0381437	-3.78818	-2.68573	0.509609	200	300	0
338	8	0.00632152	0.00216997	0.0400264	-3.90105	-2.88226	0.474946	200	300	0
338	9	0.0061229	0.00222516	0.0418699	-4.00185	-3.08309	0.433142	200	300	0
339	0	0.00586128	0.00227237	0.0436577	-4.08849	-3.28742	0.383632	200	300	0
339	1	0.00553098	0.00231036	0.0453716	-4.15876	-3.49435	0.325834	200	300	0
339	2	0.00512609	0.0023378	0.046992	-4.21027	-3.70283	0.259153	200	300	0
339	3	0.00464052	0.00235329	0.0484972	-4.2405	-3.91169	0.18298	200	300	0
339	4	0.00406795	0.00235531	0.0498641	-4.24677	-4.11963	0.0966997	200	300	0
339	5	0.00340192	0.00234229	0.0510676	-4.22621	-4.32518	-0.000313681	200	300	0
339	6	0.0026358	0.00231254	0.0520806	-4.17582	-4.52673	-0.108687	200	300	0
339	7	0.00176283	0.00226429	0.0528743	-4.09244	-4.72251	-0.229048	200	300	0
339	8	0.000776178	0.0021957	0.0534178	-3.97273	-4.91057	-0.36202	200	300	0
339	9	-0.000331084	0.00210482	0.0536784	-3.81323	-5.08879	-0.508216	200	300	0
340	0	-0.00156589	0.00198964	0.0536211	-3.61031	-5.25485	-0.668238	200	300	0
340	1	-0.00293517	0.00184805	0.0532092	-3.36019	-5.40626	-0.842665	200	300	0
340	2	-0.00444579	0.00167788	0.0524036	-3.05897	-5.54031	-1.03205	200	300	0
340	3	-0.00610449	0.00147689	0.0511637	-2.70261	-5.65411	-1.23693	200	300	0
340	4	-0.00791786	0.00124277	0.0494464	-2.28699	-5.74454	-1.45777	200	300	0
340	5	-0.00989224	0.000973163	0.0472072	-1.80784	-5.80828	-1.69501	200	300	0
340	6	-0.0120337	0.000665659	0.0443992	-1.26084	-5.8418	-1.94905	200	300	0
340	7	-0.0143479	0.000317816	0.0409742	-0.641586	-5.84132	-2.22019	200	300	0
340	8	-0.01684	-7.28321e-05	0.0368821	0.0543586	-5.80288	-2.50867	200	300	0
340	9	-0.0195147	-0.000508765	0.0320714	0.831464	-5.72228	-2.81467	200	300	0
341	0	-0.0223761	-0.000992458	0.026489	1.69419	-5.5951	-3.13824	200	300	0
341	1	-0.0254274	-0.00152636	0.0200808	2.64698	-5.41672	-3.47934	200	300	0
341	2	-0.028671	-0.0021129	0.0127917	3.69418	-5.18228	-3.83782	200	300	0
341	3	-0.0321086	-0.00275443	0.00456583	4.84006	-4.88676	-4.21337	200	300	0
341	4	-0.0357403	-0.00345322	-0.0046532	6.08875	-4.5249	-4.60557	200	300	0
341	5	-0.0395656	-0.00421145	-0.0149219	7.44418	-4.0913	-5.01382	200	300	0
341	6	-0.043582	-0.00503116	-0.0262964	8.91005	-3.58036	-5.43734	200	300	0
341	7	-0.0477861	-0.00591423	-0.0388327	10.4898	-2.98634	-5.87519	200	300	0
341	8	-0.0521725	-0.00686234	-0.0525853	12.1865	-2.30336	-6.32618	200	300	0
341	9	-0.056734	-0.00787698	-0.0676074	14.0028	-1.52544	-6.78895	200	300	0
342	0	-0.0614617	-0.00895933	-0.0839503	15.941	-0.646499	-7.26185	200	300	0
342	1	-0.0663442	-0.0101103	-0.101663	18.0028	0.339581	-7.74302	200	300	0
342	2	-0.0713679	-0.0113305	-0.12079	20.1893	1.43896	-8.2303	200	300	0
342	3	-0.076517	-0.0126201	-0.141373	22.5008	2.65776	-8.72124	200	300	0
342	4	-0.0817726	-0.0139788	-0.163451	24.937	4.00207	-9.21307	200	300	0
342	5	-0.087113	-0.0154059	-0.187053	27.4967	5.47786	-9.70273	200	300	0
342	6	-0.0925136	-0.0169002	-0.212205	30.1778	7.09095	-10.1868	200	300	0
342	7	-0.0979464	-0.0184599	-0.238927	32.977	8.84697	-10.6614	200	300	0
342	8	-0.10338	-0.0200824	-0.267228	35.8902	10.7512	-11.1224	200	300	0
342	9	-0.108779	-0.0217646	-0.297109	38.9116	12.8088	-11.5652	200	300	0
343	0	-0.114104	-0.0235027	-0.328562	42.0343	15.0242	-11.9849	200	300	0
343	1	-0.119313	-0.0252917	-0.361567	45.25	17.4016	-12.3759	200	300	0
343	2	-0.124357	-0.0271262	-0.396091	48.5488	19.9445	-12.7324	200	300	0
343	3	-0.129185	-0.0289995	-0.432088	51.9187	22.6558	-13.048	200	300	0
343	4	-0.13374	-0.030904	-0.469498	55.3465	25.5377	-13.3159	200	300	0
343	5	-0.137961	-0.032831	-0.508242	58.8166	28.5914	-13.5288	200	300	0
343	6	-0.14178	-0.0347707	-0.548225	62.3114	31.8172	-13.6788	200	300	0
343	7	-0.145127	-0.0367119	-0.589334	65.8111	35.2143	-13.7576	200	300	0
343	8	-0.147924	-0.0386421	-0.631433	69.2936	38.7808	-13.7563	200	300	0
343	9	-0.150089	-0.0405477	-0.674365	72.7344	42.5133	-13.6656	200	300	0
344	0	-0.151533	-0.0424134	-0.71795	76.106	46.4071	-13.4756	200	300	0
344	1	-0.152163	-0.0442222	-0.761979	79.3787	50.4558	-13.1759	200	300	0
344	2	-0.151879	-0.045956	-0.80622	82.5195	54.6512	-12.7555	200	300	0
344	3	-0.150576	-0.0475945	-0.850411	85.4927	58.9834	-12.2032	200	300	0
344	4	-0.148143	-0.0491161	-0.894259	88.2592	63.4402	-11.5069	200	300	0
344	5	-0.144464	-0.0504972	-0.937439	90.7769	68.0073	-10.6544	200	300	0
344	6	-0.139416	-0.0517122	-0.979592	93.0004	72.6679	-9.63291	200	300	0
344	7	-0.132873	-0.052734	-1.02032	94.8808	77.4028	-8.42924	275.861	207.009	0
344	8	-0.1247	-0.0535332	-1.05921	96.3655	82.19	-7.02987	277.596	209.021	0
344	9	-0.114761	-0.0540786	-1.09577	97.3988	87.0044	-5.42096	279.4	211.114	0
345	0	-0.102912	-0.0543368	-1.1295	97.921	91.8181	-3.58842	281.291	213.306	0
345	1	-0.0890086	-0.0542727	-1.15985	97.8688	96.5997	-1.51794	283.286	215.62	0
345	2	-0.0728984	-0.0538488	-1.18623	97.1753	101.314	0.804908	285.408	218.081	0
345	3	-0.0544281	-0.0530257	-1.20801	95.7699	105.924	3.39461	287.685	220.721	0
345	4	-0.0334411	-0.0517622	-1.22449	93.5784	110.386	6.26562	290.148	223.578	0
345	5	-0.00977884	-0.0500146	-1.23495	90.5228	114.654	9.43224	292.841	226.699	0
345	6	0.0167184	-0.0477378	-1.23863	86.5218	118.678	12.9085	295.814	230.147	0
345	7	0.0462109	-0.0448845	-1.2347	81.4907	122.403	16.7083	299.136	233.999	0
345	8	0.0788578	-0.0414057	-1.22229	75.3414	125.769	20.8446	302.896	238.361	0
345	9	0.114817	-0.0372507	-1.2005	67.983	128.714	25.3301	307.217	243.371	0
346	0	0.154243	-0.0323673	-1.16837	59.3216	131.169	30.1765	312.267	249.227	0
346	1	0.197285	-0.0267018	-1.12488	49.2607	133.06	35.3948	318.288	256.208	0
346	2	0.244089	-0.0201996	-1.06901	37.7017	134.308	40.9945	325.638	264.732	0
346	3	0.29479	-0.0128047	-0.999653	24.5443	134.832	46.984	200	300	0
346	4	0.349516	-0.00446057	-0.915686	9.68673	134.541	53.3701	200	300	0
346	5	0.408384	0.0048897	-0.815942	-6.97381	133.344	60.1577	200	300	0
346	6	0.471496	0.0153033	-0.69922	-25.5403	131.14	67.3499	200	300	0
346	7	0.53894	0.0268372	-0.564291	-46.1154	127.828	74.9472	200	300	0
346	8	0.610786	0.0395477	-0.409897	-68.8009	123.298	82.948	200	300	0
346	9	0.687082	0.0534901	-0.234761	-93.6967	117.438	91.3473	200	300	0
347	0	0.767854	0.0687182	-0.0375907	-120.9	110.129	100.138	200	300	0
347	1	0.853103	0.0852838	0.182916	-150.505	101.249	109.307	200	300	0
347	2	0.9428	0.103236	0.428059	-182.6	90.6729	118.842	200	300	0
347	3	1.03688	0.12262	0.699135	-217.268	78.2692	128.721	200	300	0
347	4	1.13525	0.143479	0.997421	-254.587	63.9051	138.922	200	300	0
347	5	1.23778	0.16585	1.32417	-294.624	47.444	149.416	200	300	0
347	6	1.34428	0.189764	1.68059	-337.439	28.7471	160.17	200	300	0
347	7	1.45453	0.215248	2.06784	-383.078	7.67404	171.144	200	300	0
347	8	1.56825	0.242319	2.48704	-431.576	-15.9168	182.292	200	300	0
347	9	1.68511	0.270988	2.93918	-482.954	-42.1674	193.562	200	300	0
348	0	1.80472	0.301257	3.42521	-537.216	-71.2187	204.897	200	300	0
348	1	1.92663	0.333115	3.94594	-594.347	-103.21	216.23	200	300	0
348	2	2.05031	0.366544	4.50205	-654.314	-138.279	227.487	200	300	0
348	3	2.17517	0.40151	5.09408	-717.059	-176.558	238.587	200	300	0
348	4	2.30055	0.437966	5.7224	-782.502	-218.175	249.439	200	300	0
348	5	2.42568	0.475851	6.38718	-850.533	-263.251	259.945	200	300	0
348	6	2.54972	0.515086	7.08839	-921.017	-311.898	269.994	200	300	0
348	7	2.67176	0.555576	7.82575	-993.782	-364.22	279.47	200	300	0
348	8	2.79075	0.597205	8.5987	-1068.62	-420.308	288.244	200	300	0
348	9	2.90558	0.639837	9.4064	-1145.3	-480.239	296.177	200	300	0
349	0	3.01501	0.683313	10.2477	-1223.54	-544.074	303.118	200	300	0
349	1	3.11771	0.727451	11.1211	-1303	-611.858	308.909	200	300	0
349	2	3.21221	0.772042	12.0246	-1383.32	-683.613	313.375	200	300	0
349	3	3.29696	0.81685	12.956	-1464.08	-759.338	316.334	200	300	0
349	4	3.37025	0.86161	13.9125	-1544.81	-839.009	317.59	200	300	0
349	5	3.43028	0.906027	14.8907	-1624.98	-922.571	316.936	200	300	0
349	6	3.47511	0.949773	15.887	-1704	-1009.94	314.151	200	300	0
349	7	3.50265	0.992485	16.8969	-1781.22	-1100.99	309.005	200	300	0
349	8	3.51073	1.03376	17.9156	-1855.94	-1195.56	301.254	200	300	0
349	9	3.49699	1.07318	18.9374	-1927.37	-1293.46	290.642	200	300	0
350	0	3.45897	1.11024	19.956	-1994.66	-1394.44	276.903	200	300	0
350	1	3.39409	1.14445	20.9645	-2056.89	-1498.2	259.759	200	300	0
350	2	3.29959	1.17524	21.9552	-2113.06	-1604.4	238.919	200	300	0
350	3	3.17263	1.20201	22.9194	-2162.09	-1712.62	214.085	200	300	0
350	4	3.01022	1.2241	23.8478	-2202.8	-1822.41	184.947	200	300	0
350	5	2.80925	1.24083	24.7301	-2233.97	-1933.24	151.188	200	300	0
350	6	2.56648	1.25146	25.5552	-2254.26	-2044.49	112.481	200	300	0
350	7	2.27858	1.25518	26.3109	-2262.24	-2155.5	68.4933	200	300	0
350	8	1.94211	1.25117	26.9842	-2256.42	-2265.52	18.8875	200	300	0
350	9	1.55353	1.23854	27.5609	-2235.19	-2373.71	-36.6782	200	300	0
351	0	1.10922	1.21634	28.0258	-2196.88	-2479.14	-98.5477	200	300	0
351	1	0.605507	1.18359	28.3628	-2139.72	-2580.8	-167.064	200	300	0
351	2	0.0386519	1.13925	28.5545	-2061.85	-2677.59	-242.569	200	300	0
351	3	-0.595113	1.08225	28.5825	-1961.32	-2768.29	-325.398	200	300	0
351	4	-1.29957	1.01145	28.4273	-1836.13	-2851.59	-415.878	200	300	0
351	5	-2.07847	0.925692	28.0682	-1684.17	-2926.08	-514.324	200	300	0
351	6	-2.93555	0.823761	27.4836	-1503.28	-2990.22	-621.038	200	300	0
351	7	-3.87447	0.704416	26.6507	-1291.24	-3042.38	-736.298	200	300	0
351	8	-4.89876	0.566384	25.5456	-1045.77	-3080.8	-860.36	200	300	0
351	9	-6.01183	0.408366	24.1436	-764.557	-3103.62	-993.45	200	300	0
352	0	-7.2169	0.229046	22.4187	-445.241	-3108.84	-1135.76	200	300	0
352	1	-8.51693	0.0271	20.3445	-85.4646	-3094.38	-1287.43	200	300	0
352	2	-9.91463	-0.198799	17.8934	317.134	-3058	-1448.56	200	300	0
352	3	-11.4123	-0.449965	15.0374	764.896	-2997.38	-1619.19	200	300	0
352	4	-13.0119	-0.727694	11.7478	1260.12	-2910.09	-1799.29	200	300	0
352	5	-14.7149	-1.03324	7.99561	1805.04	-2793.57	-1988.78	200	300	0
352	6	-16.5222	-1.36782	3.75155	2401.8	-2645.2	-2187.46	200	300	0
352	7	-18.434	-1.73258	-1.01368	3052.42	-2462.23	-2395.06	-2229	-2711.23	0
352	8	-20.4498	-2.12857	-6.32918	3758.79	-2241.86	-2611.2	-154.211	-293.883	0
352	9	-22.5683	-2.55675	-12.2236	4522.6	-1981.2	-2835.39	37.9207	-69.9883	0
353	0	-24.7874	-3.01797	-18.725	5345.33	-1677.3	-3067.01	110.425	14.5353	0
353	1	-27.1037	-3.51291	-25.8603	6228.22	-1327.17	-3305.3	148.679	59.1593	0
353	2	-29.513	-4.04211	-33.6553	7172.23	-927.81	-3549.38	172.432	86.8917	0
353	3	-32.0097	-4.60592	-42.1341	8178	-476.184	-3798.19	188.698	105.906	0
353	4	-34.5867	-5.20448	-51.3189	9245.81	30.7229	-4050.51	200.599	119.836	0
353	5	-37.2358	-5.83769	-61.2294	10375.6	595.9	-4304.95	209.732	130.546	0
353	6	-39.9471	-6.50523	-71.883	11566.8	1222.28	-4559.95	217.004	139.089	0
353	7	-42.7088	-7.20649	-83.2937	12818.5	1912.73	-4813.75	222.964	146.105	0
353	8	-45.5077	-7.94058	-95.4725	14129.2	2670.02	-5064.44	227.966	152.007	0
353	9	-48.3286	-8.70633	-108.426	15497.2	3496.79	-5309.89	232.25	157.072	0
354	0	-51.1545	-9.50224	-122.158	16920	4395.54	-5547.84	235.982	161.491	0
354	1	-53.9663	-10.3265	-136.667	18394.8	5368.62	-5775.82	239.282	165.405	0
354	2	-56.7433	-11.1771	-151.948	19918.3	6418.18	-5991.24	242.239	168.914	0
354	3	-59.4624	-12.0516	-167.99	21486.7	7546.18	-6191.39	244.921	172.095	0
354	4	-62.0991	-12.9473	-184.777	23095.9	8754.35	-6373.42	247.378	175.007	0
354	5	-64.6267	-13.8613	-202.291	24741.4	10044.2	-6534.46	249.652	177.694	0
354	6	-67.0171	-14.7904	-220.507	26418.4	11417.1	-6671.57	251.776	180.193	0
354	7	-69.2407	-15.7315	-239.396	28121.8	12873.9	-6781.85	253.777	182.53	0
354	8	-71.2665	-16.681	-258.926	29846.6	14415.7	-6862.46	255.675	184.729	0
354	9	-73.0627	-17.6354	-279.058	31587.5	16042.9	-6910.65	257.489	186.807	0
355	0	-74.5967	-18.5914	-299.753	33339.5	17755.9	-6923.91	259.235	188.777	0
355	1	-75.8359	-19.5454	-320.969	35097.7	19555.2	-6899.91	260.925	190.651	0
355	2	-76.7475	-20.4944	-342.661	36857.3	21440.6	-6836.66	262.571	192.438	0
355	3	-77.2998	-21.4354	-364.783	38614.2	23412.2	-6732.51	264.181	194.145	0
355	4	-77.4619	-22.3657	-387.288	40364.6	25470	-6586.23	265.765	195.776	0
355	5	-77.2048	-23.2832	-410.132	42105.1	27613.7	-6397.04	267.329	197.338	0
355	6	-76.5014	-24.1861	-433.269	43833.2	29843.2	-6164.65	268.879	198.832	0
355	7	-75.3276	-25.0732	-456.658	45546.7	32158.4	-5889.3	270.421	200.261	0
355	8	-73.6623	-25.944	-480.257	47244.1	34559.1	-5571.71	271.96	201.627	0
355	9	-71.488	-26.7984	-504.032	48924.6	37045.4	-5213.11	273.498	202.933	0
356	0	-68.791	-27.6369	-527.948	50587.8	39617.1	-4815.2	275.04	204.18	0
356	1	-65.5621	-28.4604	-551.976	52233.7	42274.4	-4380.08	276.587	205.37	0
356	2	-61.7964	-29.2703	-576.093	53862.8	45017.3	-3910.22	278.143	206.503	0
356	3	-57.4935	-30.0683	-600.278	55476	47846	-3408.39	279.706	207.583	0
356	4	-52.6576	-30.8564	-624.513	57074.2	50760.4	-2877.53	281.28	208.61	0
356	5	-47.2975	-31.6363	-648.787	58658.7	53760.6	-2320.77	282.863	209.587	0
356	6	-41.4263	-32.41	-673.089	60230.6	56846.3	-1741.29	284.456	210.516	0
356	7	-35.0613	-33.1791	-697.414	61791.2	60017.2	-1142.3	286.057	211.4	0
356	8	-28.2237	-33.9448	-721.757	63341.4	63272.6	-526.959	287.665	212.24	0
356	9	-20.9383	-34.7079	-746.115	64882.2	66611.4	101.636	289.278	213.04	0
357	0	-13.2332	-35.4685	-770.486	66414.2	70032.1	740.484	290.893	213.802	0
357	1	-5.13975	-36.2263	-794.868	67937.3	73532.6	1386.69	292.509	214.53	0
357	2	3.30818	-36.9801	-819.258	69451.6	77110.1	2037.47	294.122	215.226	0
357	3	12.0741	-37.728	-843.652	70956.2	80761.1	2690.11	295.728	215.894	0
357	4	21.1193	-38.4675	-868.042	72450	84481.3	3341.97	297.324	216.536	0
357	5	30.4029	-39.1953	-892.419	73931.1	88265.2	3990.45	298.906	217.157	0
357	6	39.882	-39.9075	-916.768	75397.2	92106.6	4632.91	300.469	217.758	0
357	7	49.5118	-40.5998	-941.071	76845.5	95998.1	5266.68	302.009	218.343	0
357	8	59.2455	-41.2675	-965.305	78272.6	99930.9	5888.94	303.523	218.914	0
357	9	69.0344	-41.9055	-989.439	79674.5	103896	6496.74	305.004	219.475	0
358	0	78.8276	-42.5089	-1013.44	81046.9	107881	7086.89	306.45	220.028	0
358	1	88.5725	-43.0728	-1037.27	82385	111875	7655.98	307.855	220.575	0
358	2	98.214	-43.5925	-1060.88	83683.9	115864	8200.28	309.215	221.118	0
358	3	107.695	-44.064	-1084.21	84938.3	119834	8715.75	310.526	221.659	0
358	4	116.956	-44.4838	-1107.22	86142.9	123769	9198.06	311.783	222.199	0
358	5	125.937	-44.8493	-1129.84	87292.4	127653	9642.54	312.984	222.739	0
358	6	134.572	-45.1589	-1152	88381.7	131469	10044.3	314.123	223.28	0
358	7	142.799	-45.412	-1173.63	89405.9	135199	10398	315.197	223.821	0
358	8	150.55	-45.6092	-1194.68	90360.6	138826	10698.5	316.204	224.364	0
358	9	157.757	-45.752	-1215.05	91241.9	142331	10940.4	317.14	224.907	0
359	0	164.355	-45.8433	-1234.68	92046.5	145695	11118.2	318.002	225.449	0
359	1	170.276	-45.8866	-1253.51	92771.9	148902	11226.8	318.788	225.99	0
359	2	175.455	-45.8865	-1271.46	93416.1	151935	11261.5	319.496	226.529	0
359	3	179.83	-45.8483	-1288.47	93978.1	154777	11217.9	320.124	227.062	0
359	4	183.342	-45.7775	-1304.48	94457.8	157413	11092.4	320.671	227.59	0
359	5	185.936	-45.6802	-1319.45	94855.8	159831	10882	321.134	228.109	0
359	6	187.565	-45.5622	-1333.32	95173.4	162017	10584.8	321.514	228.619	0
359	7	188.187	-45.4293	-1346.05	95412.5	163963	10199.9	321.81	229.117	0
359	8	187.77	-45.2868	-1357.63	95575.9	165659	9727.68	322.021	229.601	0
359	9	186.291	-45.1396	-1368.02	95666.6	167100	9169.34	322.147	230.069	0
360	0	183.735	-44.9917	-1377.22	95688.2	168281	8527.47	322.189	230.521	0
360	1	180.1	-44.8467	-1385.22	95644.7	169200	7805.7	322.147	230.953	0
360	2	175.393	-44.7073	-1392.02	95540.4	169857	7008.71	322.022	231.365	0
360	3	169.632	-44.5756	-1397.63	95379.6	170253	6142.13	321.816	231.756	0
360	4	162.846	-44.4533	-1402.08	95167.1	170393	5212.4	321.529	232.124	0
360	5	155.075	-44.3414	-1405.38	94907.7	170280	4226.69	321.163	232.468	0
360	6	146.367	-44.2406	-1407.58	94606.3	169923	3192.68	320.72	232.788	0
360	7	136.781	-44.1513	-1408.69	94268	169330	2118.51	320.203	233.081	0
360	8	126.382	-44.0739	-1408.78	93897.5	168510	1012.56	319.614	233.348	0
360	9	115.243	-44.0086	-1407.88	93500.1	167476	-116.659	318.956	233.588	0
361	0	103.444	-43.9558	-1406.05	93080.5	166239	-1260.64	318.231	233.8	0
361	1	91.0665	-43.9157	-1403.33	92643.7	164812	-2411	317.444	233.983	0
361	2	78.1988	-43.8891	-1399.79	92194.5	163211	-3559.6	316.596	234.137	0
361	3	64.9295	-43.8766	-1395.49	91737.5	161448	-4698.66	315.693	234.261	0
361	4	51.349	-43.8791	-1390.49	91277.4	159541	-5820.81	314.738	234.356	0
361	5	37.5473	-43.8977	-1384.84	90818.3	157504	-6919.23	313.734	234.42	0
361	6	23.6138	-43.9338	-1378.62	90364.6	155354	-7987.63	312.688	234.453	0
361	7	9.63558	-43.9886	-1371.9	89920.2	153106	-9020.36	311.602	234.456	0
361	8	-4.30311	-44.0635	-1364.72	89488.8	150777	-10012.4	310.482	234.427	0
361	9	-18.1217	-44.1601	-1357.16	89073.9	148381	-10959.5	309.332	234.367	0
362	0	-31.7438	-44.2794	-1349.28	88678.7	145936	-11857.9	308.158	234.277	0
362	1	-45.0983	-44.4228	-1341.14	88305.9	143455	-12704.6	306.964	234.156	0
362	2	-58.1192	-44.5911	-1332.81	87958.2	140953	-13497.3	305.757	234.005	0
362	3	-70.7462	-44.7849	-1324.32	87637.5	138445	-14234.3	304.54	233.825	0
362	4	-82.9251	-45.0045	-1315.75	87345.7	135943	-14914.5	303.319	233.616	0
362	5	-94.6079	-45.2499	-1307.15	87084.1	133461	-15537.2	302.101	233.379	0
362	6	-105.753	-45.5205	-1298.55	86853.5	131009	-16102.3	300.889	233.115	0
362	7	-116.324	-45.8154	-1290.01	86654.5	128599	-16610.2	299.688	232.827	0
362	8	-126.291	-46.1332	-1281.57	86487	126242	-17061.5	298.505	232.515	0
362	9	-135.632	-46.4719	-1273.26	86350.7	123944	-17457.5	297.344	232.182	0
363	0	-144.327	-46.8292	-1265.12	86244.8	121716	-17799.3	296.209	231.829	0
363	1	-152.364	-47.2023	-1257.17	86167.9	119563	-18088.7	295.105	231.459	0
363	2	-159.736	-47.588	-1249.43	86118.6	117491	-18327.3	294.036	231.074	0
363	3	-166.44	-47.9827	-1241.93	86094.8	115506	-18517	293.005	230.677	0
363	4	-172.477	-48.3824	-1234.68	86094	113611	-18660	292.017	230.27	0
363	5	-177.854	-48.7828	-1227.69	86113.8	111810	-18758.2	291.073	229.857	0
363	6	-182.578	-49.1793	-1220.97	86151	110103	-18813.8	290.177	229.44	0
363	7	-186.664	-49.5672	-1214.51	86202.6	108493	-18829	289.331	229.023	0
363	8	-190.127	-49.9415	-1208.32	86265.2	106979	-18805.9	288.536	228.607	0
363	9	-192.984	-50.2972	-1202.38	86335.2	105562	-18746.7	287.794	228.196	0
364	0	-195.256	-50.6291	-1196.69	86408.9	104238	-18653.4	287.105	227.794	0
364	1	-196.966	-50.9321	-1191.25	86482.6	103008	-18528.3	286.471	227.401	0
364	2	-198.137	-51.2013	-1186.02	86552.6	101867	-18373.3	285.89	227.022	0
364	3	-198.795	-51.4318	-1180.99	86614.9	100813	-18190.4	285.363	226.659	0
364	4	-198.966	-51.6189	-1176.15	86665.9	99842.5	-17981.8	284.889	226.314	0
364	5	-198.677	-51.7581	-1171.47	86702	98950.5	-17749.3	284.467	225.989	0
364	6	-197.955	-51.8453	-1166.93	86719.4	98132.9	-17494.8	284.095	225.686	0
364	7	-196.829	-51.8767	-1162.49	86715	97384.8	-17220.2	283.772	225.406	0
364	8	-195.328	-51.8487	-1158.15	86685.3	96701.2	-16927.4	283.496	225.152	0
364	9	-193.479	-51.7585	-1153.87	86627.4	96076.9	-16618.2	283.265	224.924	0
365	0	-191.31	-51.6033	-1149.62	86538.5	95506.5	-16294.4	283.077	224.724	0
365	1	-188.849	-51.381	-1145.38	86416	94984.6	-15957.7	282.929	224.552	0
365	2	-186.124	-51.0901	-1141.12	86257.6	94505.7	-15610	282.818	224.41	0
365	3	-183.162	-50.7294	-1136.82	86061.2	94064.5	-15252.8	282.744	224.297	0
365	4	-179.988	-50.2982	-1132.45	85825.2	93655.5	-14887.8	282.702	224.213	0
365	5	-176.628	-49.7964	-1127.99	85548	93273.6	-14516.7	282.69	224.159	0
365	6	-173.107	-49.2246	-1123.42	85228.6	92913.6	-14141.1	282.706	224.135	0
365	7	-169.448	-48.5834	-1118.71	84866	92570.7	-13762.5	282.748	224.139	0
365	8	-165.675	-47.8744	-1113.85	84459.7	92240.1	-13382.5	282.812	224.173	0
365	9	-161.81	-47.0993	-1108.81	84009.5	91917.3	-13002.4	282.897	224.234	0
366	0	-157.872	-46.2605	-1103.58	83515.5	91598.3	-12623.8	283.001	224.324	0
366	1	-153.882	-45.3605	-1098.16	82977.8	91278.9	-12248	283.12	224.439	0
366	2	-149.86	-44.4025	-1092.51	82397.3	90955.7	-11876.4	283.254	224.58	0
366	3	-145.821	-43.3898	-1086.64	81774.6	90625.2	-11510	283.399	224.746	0
366	4	-141.783	-42.326	-1080.54	81111	90284.4	-11150.2	283.555	224.935	0
366	5	-137.762	-41.2151	-1074.19	80407.8	89930.5	-10798.1	283.72	225.146	0
366	6	-133.771	-40.0613	-1067.59	79666.5	89561.1	-10454.6	283.891	225.377	0
366	7	-129.824	-38.8689	-1060.74	78889	89174.2	-10120.8	284.068	225.629	0
366	8	-125.933	-37.6424	-1053.65	78077.1	88767.9	-9797.45	284.248	225.898	0
366	9	-122.108	-36.3863	-1046.29	77233	88340.7	-9485.46	284.432	226.184	0
367	0	-118.36	-35.1053	-1038.69	76358.9	87891.4	-9185.52	284.617	226.486	0
367	1	-114.696	-33.8041	-1030.84	75457.1	87419.1	-8898.26	284.803	226.801	0
367	2	-111.126	-32.4874	-1022.75	74530.1	86923.1	-8624.25	284.989	227.128	0
367	3	-107.655	-31.1598	-1014.43	73580.2	86403.2	-8363.93	285.174	227.466	0

Model Outputs
2000
		Pte10:LAnkleAngles			Pte10:LKneeAngles			Pte10:LHipAngles			Pte10:RAnkleAngles			Pte10:RKneeAngles			Pte10:RHipAngles			Pte10:LAnkleForce			Pte10:LKneeForce			Pte10:LHipForce			Pte10:RAnkleForce			Pte10:RKneeForce			Pte10:RHipForce			Pte10:LAnkleMoment			Pte10:LKneeMoment			Pte10:LHipMoment			Pte10:RAnkleMoment			Pte10:RKneeMoment			Pte10:RHipMoment			
Frame	Sub Frame	X	Y	Z	X	Y	Z	X	Y	Z	X	Y	Z	X	Y	Z	X	Y	Z	X	Y	Z	X	Y	Z	X	Y	Z	X	Y	Z	X	Y	Z	X	Y	Z	X	Y	Z	X	Y	Z	X	Y	Z	X	Y	Z	X	Y	Z	X	Y	Z
		deg	deg	deg	deg	deg	deg	deg	deg	deg	deg	deg	deg	deg	deg	deg	deg	deg	deg	N/kg	N/kg	N/kg	N/kg	N/kg	N/kg	N/kg	N/kg	N/kg	N/kg	N/kg	N/kg	N/kg	N/kg	N/kg	N/kg	N/kg	N/kg	N.mm/kg	N.mm/kg	N.mm/kg	N.mm/kg	N.mm/kg	N.mm/kg	N.mm/kg	N.mm/kg	N.mm/kg	N.mm/kg	N.mm/kg	N.mm/kg	N.mm/kg	N.mm/kg	N.mm/kg	N.mm/kg	N.mm/kg	N.mm/kg
209	0	-1.52201	-5.51636	19.6923	-8.11028	-4.27924	-27.8183	1.96526	5.10259	-5.79879	10.6358	-12.3266	33.4462	-0.670833	1.14816	5.3056	-1.52094	-9.72017	-54.4791																																				
210	0	-1.52557	-5.54053	19.764	-8.11906	-4.27547	-27.8476	1.95348	5.11049	-5.86327	10.6391	-12.3201	33.4323	-0.672894	1.15876	5.32268	-1.53099	-9.72873	-54.4602																																				
211	0	-1.53033	-5.56283	19.83	-8.12916	-4.27276	-27.8773	1.9385	5.11462	-5.92122	10.6419	-12.318	33.4276	-0.676215	1.1681	5.33023	-1.54283	-9.73261	-54.4402																																				
212	0	-1.53613	-5.58306	19.8899	-8.1405	-4.27122	-27.9071	1.92042	5.11494	-5.97246	10.6441	-12.32	33.4321	-0.680787	1.17604	5.32829	-1.55634	-9.73167	-54.4191																																				
213	0	-1.54255	-5.60082	19.9424	-8.15266	-4.27106	-27.9361	1.89968	5.11142	-6.01677	10.6454	-12.326	33.445	-0.686555	1.18215	5.31706	-1.57098	-9.72567	-54.3972	9.76117	0.170752	-0.262613	-0.743692	-0.613629	-9.26003	0.843234	-0.176907	-8.28401	-0.142107	0.00115783	0.00454661	-0.0275011	-0.08948	0.597633	-0.0718123	-0.276385	1.5817	-32.3973	1536.99	-44.6486	241.577	1167.97	-79.8164	-8.71755	1068.32	108.195	-14.24	-4.45323e-16	-0.0593802	5.48802	13.4021	1.51286	11.3725	81.742	1.80459
214	0	-1.54863	-5.6154	19.9855	-8.1646	-4.27272	-27.9623	1.87744	5.10396	-6.05395	10.6458	-12.3354	33.4653	-0.693253	1.18546	5.29723	-1.58555	-9.71416	-54.3744	9.76262	0.171398	-0.262656	-0.745861	-0.615906	-9.26142	0.842978	-0.180577	-8.285	-0.142101	0.000860699	0.00463237	-0.0267375	-0.0885393	0.598836	-0.0725439	-0.276365	1.58457	-32.8027	1537.73	-44.7713	242.102	1167.6	-80.0447	-10.428	1066.61	108.175	-14.2457	-3.90675e-15	0.0188009	5.54938	13.5073	1.59173	10.7173	80.4948	1.88792
215	0	-1.55283	-5.62599	20.0168	-8.17424	-4.2768	-27.983	1.85592	5.09273	-6.08411	10.6455	-12.3474	33.4913	-0.700174	1.18419	5.26978	-1.59781	-9.69681	-54.3511	9.76699	0.170317	-0.261287	-0.746001	-0.620693	-9.26582	0.845888	-0.18509	-8.28825	-0.142113	0.000597516	0.00466706	-0.0257026	-0.0868565	0.600107	-0.0733668	-0.275291	1.58697	-33.5554	1539.2	-44.5769	243.365	1167.17	-79.8978	-14.8579	1064.84	108.482	-14.2615	8.11696e-16	0.0906983	5.54909	13.6022	1.66609	9.74133	78.3913	1.9649
216	0	-1.55277	-5.63183	20.034	-8.17793	-4.28404	-27.9947	1.83895	5.07823	-6.10818	10.6451	-12.3609	33.5204	-0.705924	1.17553	5.23652	-1.60417	-9.67356	-54.3279	9.77518	0.167344	-0.258822	-0.743281	-0.628085	-9.27407	0.852697	-0.189623	-8.29442	-0.14212	0.000414778	0.00476865	-0.0236984	-0.0840847	0.601193	-0.0729991	-0.272031	1.58734	-34.9459	1542.08	-44.2642	245.959	1167.24	-79.5013	-22.669	1064.1	109.012	-14.2884	-1.99223e-15	0.137732	5.59332	13.6208	1.71751	7.88193	75.0311	2.0176
217	0	-1.54543	-5.63266	20.0365	-8.17009	-4.2952	-27.9938	1.83235	5.06145	-6.12829	10.6466	-12.3748	33.5503	-0.708136	1.1554	5.19988	-1.59941	-9.64496	-54.3055	9.78666	0.16205	-0.256776	-0.738122	-0.638057	-9.2857	0.863088	-0.193996	-8.30343	-0.142146	0.000451957	0.004835	-0.0210463	-0.0801827	0.60182	-0.071543	-0.266334	1.58491	-37.3024	1546.56	-44.1784	249.918	1167.9	-79.0917	-33.6369	1064.58	109.434	-14.3315	-4.27559e-15	0.131925	5.5642	13.5453	1.71865	5.28554	70.3898	2.01513
218	0	-1.52708	-5.62888	20.0253	-8.14285	-4.31085	-27.977	1.84403	5.04388	-6.14825	10.653	-12.3879	33.5784	-0.70323	1.11849	5.16311	-1.5768	-9.61233	-54.2851	9.7997	0.154052	-0.257479	-0.732069	-0.649853	-9.29879	0.873846	-0.197888	-8.31348	-0.14218	0.000780041	0.00490837	-0.0174293	-0.0751023	0.601815	-0.0682336	-0.257468	1.57947	-40.8149	1551.83	-44.74	254.541	1168.55	-78.951	-46.207	1065.58	109.215	-14.3903	1.1645e-15	0.0550982	5.5033	13.3313	1.65097	1.70189	64.3807	1.93781
219	0	-1.49344	-5.62158	20.0038	-8.08609	-4.33126	-27.9411	1.88377	5.02738	-6.17342	10.6691	-12.3992	33.6028	-0.686348	1.05838	5.13006	-1.5283	-9.57781	-54.2683	9.81063	0.143418	-0.263491	-0.726241	-0.662394	-9.3098	0.882477	-0.201028	-8.32224	-0.142237	0.00144824	0.00493028	-0.0133295	-0.0691805	0.601068	-0.0632736	-0.245795	1.57104	-45.6128	1556.11	-46.4799	258.922	1167.85	-79.4382	-58.8926	1065.7	107.576	-14.4647	2.86777e-15	-0.100516	5.31161	12.9942	1.50602	-2.58581	57.3506	1.77417
220	0	-1.4399	-5.61265	19.9774	-7.98768	-4.35624	-27.884	1.96271	5.01395	-6.21082	10.7008	-12.4081	33.6219	-0.651489	0.967985	5.10528	-1.44534	-9.54428	-54.2569	9.81427	0.13069	-0.277165	-0.722683	-0.673611	-9.31342	0.882577	-0.202672	-8.32505	-0.14231	0.00238994	0.00490496	-0.00871862	-0.0629101	0.599655	-0.0562529	-0.231329	1.56034	-51.886	1557.48	-49.8884	262.172	1164.54	-80.8573	-68.9997	1063.75	103.769	-14.5506	2.88596e-15	-0.321476	5.01986	12.5735	1.29549	-7.59208	49.658	1.53591
221	0	-1.36162	-5.60417	19.9523	-7.83403	-4.3852	-27.8039	2.09259	5.00543	-6.26778	10.7554	-12.414	33.6346	-0.591715	0.84012	5.09371	-1.31948	-9.51512	-54.2535	9.80755	0.117	-0.299165	-0.721291	-0.682119	-9.30695	0.871649	-0.202123	-8.32042	-0.14241	0.00350869	0.00478254	-0.00418096	-0.0569364	0.597688	-0.0475892	-0.21521	1.54888	-60.1004	1555.24	-55.0626	264.859	1158.24	-83.1261	-75.7965	1060	97.5527	-14.6434	-1.47043e-15	-0.581827	4.55655	12.1377	1.04323	-12.914	41.9269	1.24608
222	0	-1.25362	-5.59809	19.9343	-7.61085	-4.41721	-27.6986	2.28462	5.00304	-6.35163	10.8406	-12.4165	33.64	-0.49959	0.66817	5.10079	-1.14351	-9.49386	-54.2611	9.79169	0.103694	-0.328733	-0.721566	-0.686832	-9.29176	0.846664	-0.198385	-8.31026	-0.142546	0.0046285	0.00452329	-0.000132744	-0.0520424	0.595432	-0.0378591	-0.199067	1.53802	-71.0423	1550.12	-61.7054	268.65	1149.61	-85.7772	-79.1413	1056.17	89.2161	-14.7374	-1.87258e-15	-0.840837	3.894	11.7963	0.787317	-18.1999	34.8746	0.944122
223	0	-1.11072	-5.5956	19.927	-7.30391	-4.45121	-27.5656	2.54854	5.00693	-6.46873	10.9635	-12.4147	33.6361	-0.367648	0.446543	5.1323	-0.912169	-9.4835	-54.2828	9.76884	0.0920273	-0.363756	-0.721403	-0.687457	-9.27048	0.807319	-0.190577	-8.29813	-0.142707	0.00557607	0.00412035	0.0031122	-0.0485651	0.593207	-0.0274086	-0.184398	1.53004	-85.1844	1542.79	-69.3234	275.419	1139.17	-88.1866	-80.0793	1053.88	79.1673	-14.825	-1.12996e-15	-1.05642	3.02241	11.5919	0.56694	-23.1905	28.9371	0.670801
224	0	-0.927615	-5.59681	19.9306	-6.89991	-4.48627	-27.4009	2.89158	5.01572	-6.62407	11.1308	-12.407	33.6195	-0.188728	0.170824	5.19443	-0.622632	-9.48589	-54.3211	9.73776	0.0829328	-0.400957	-0.717664	-0.683853	-9.24219	0.753427	-0.177712	-8.2829	-0.142896	0.00621386	0.00357432	0.00533571	-0.0469362	0.59121	-0.0165422	-0.172675	1.525	-102.055	1532.56	-77.1245	286.073	1126.42	-89.5178	-79.523	1053.47	67.8923	-14.9	3.53298e-15	-1.19435	1.93555	11.6013	0.413744	-27.7148	24.5137	0.460098
225	0	-0.698592	-5.60029	19.9409	-6.38701	-4.52185	-27.1985	3.31807	5.02645	-6.82088	11.3474	-12.3908	33.5847	0.0437622	-0.162167	5.29356	-0.274448	-9.50142	-54.3774	9.69371	0.0764227	-0.435848	-0.705465	-0.676723	-9.20255	0.68704	-0.158945	-8.26014	-0.143083	0.006428	0.00292345	0.00674657	-0.0470256	0.589635	-0.00451203	-0.163697	1.52304	-120.088	1517.62	-83.9223	300.534	1109.91	-88.6603	-78.8799	1053.85	56.0683	-14.9543	1.52964e-16	-1.23099	0.690432	11.8221	0.348867	-31.9939	21.4243	0.33489
226	0	-0.417789	-5.60331	19.9498	-5.75547	-4.55797	-26.951	3.82921	5.03491	-7.06031	11.6166	-12.3625	33.5237	0.335845	-0.554579	5.4363	0.130653	-9.52926	-54.4521	9.62946	0.0704659	-0.464804	-0.681465	-0.668081	-9.14429	0.609472	-0.135453	-8.22212	-0.143228	0.00619522	0.00230876	0.00780486	-0.0483619	0.58855	0.00951487	-0.156606	1.52207	-137.156	1496.3	-88.4501	317.53	1088.03	-84.5283	-78.4611	1052.43	44.4669	-14.9803	-1.60859e-15	-1.16245	-0.61252	12.1849	0.374301	-36.4119	19.1778	0.297564
227	0	-0.0791981	-5.60178	19.9453	-4.99781	-4.59516	-26.6492	4.42374	5.03611	-7.34125	11.94	-12.3176	33.4269	0.693105	-1.00787	5.62919	0.58993	-9.56773	-54.5444	9.53814	0.0611562	-0.485726	-0.643799	-0.660921	-9.06021	0.522466	-0.109639	-8.16111	-0.1433	0.00557271	0.00178902	0.00897619	-0.0504344	0.587792	0.026781	-0.150022	1.52075	-151.658	1468.64	-89.8366	336.046	1060.19	-76.4366	-78.4639	1047.23	33.7596	-14.973	-2.73855e-15	-1.0034	-1.89647	12.6215	0.474437	-41.4327	17.1821	0.331556
228	0	0.322776	-5.59086	19.913	-4.10916	-4.63427	-26.2833	5.09815	5.02489	-7.66053	12.3181	-12.2515	33.2837	1.12094	-1.5233	5.87843	1.10022	-9.61489	-54.6524	9.41577	0.0441811	-0.499644	-0.594265	-0.657892	-8.94567	0.425382	-0.0850673	-8.0718	-0.143248	0.00465179	0.00153136	0.0108019	-0.0524811	0.587277	0.0480252	-0.142447	1.51667	-163.526	1436.74	-88.1012	355.742	1027.32	-64.4684	-78.149	1037.51	24.1544	-14.9271	5.28466e-15	-0.778181	-3.0418	12.9943	0.624552	-47.468	14.7242	0.410297
229	0	0.792742	-5.56539	19.8376	-3.08726	-4.67617	-25.8441	5.8475	4.99639	-8.013	12.7498	-12.1593	33.0833	1.62485	-2.10231	6.18962	1.65915	-9.66915	-54.7737	9.26005	0.0170881	-0.510113	-0.536511	-0.659094	-8.7979	0.316246	-0.063425	-7.95091	-0.143061	0.00351222	0.00157673	0.0134294	-0.0542075	0.586758	0.0733684	-0.133072	1.50865	-174.115	1403.16	-84.3708	377.025	991.357	-49.6714	-76.3986	1024.45	15.0264	-14.8433	2.00827e-15	-0.512584	-3.99046	13.2485	0.799607	-54.6248	11.4893	0.506171
230	0	1.33346	-5.52049	19.7046	-1.93267	-4.72125	-25.3236	6.66579	4.94634	-8.39217	13.2335	-12.0368	32.8155	2.21044	-2.74683	6.56724	2.26564	-9.72955	-54.9048	9.06945	-0.0197249	-0.520907	-0.47376	-0.662404	-8.61507	0.193983	-0.0445976	-7.79477	-0.14272	0.00227726	0.0019899	0.0166463	-0.055424	0.585964	0.102037	-0.121557	1.49552	-185.028	1369.89	-80.5459	400.533	954.605	-33.8491	-72.3945	1010.36	4.96945	-14.7229	2.14643e-15	-0.234049	-4.71221	13.3063	0.973533	-62.6451	7.37615	0.592348
231	0	1.94506	-5.45234	19.5022	-0.648626	-4.76909	-24.7173	7.54644	4.87113	-8.79095	13.7666	-11.8806	32.4715	2.88324	-3.45916	7.01453	2.92009	-9.7959	-55.042	8.84492	-0.0639726	-0.5332	-0.407547	-0.665146	-8.398	0.0595205	-0.0271248	-7.60265	-0.142268	0.00100047	0.00266832	0.0195334	-0.056617	0.584679	0.132088	-0.109135	1.47732	-196.912	1337.98	-78.5092	426.589	919.053	-18.9077	-66.0492	997.429	-7.63798	-14.5749	-1.14476e-15	0.0438839	-5.28559	13.2143	1.13504	-70.7291	2.99507	0.658231
232	0	2.62458	-5.35849	19.2227	0.75904	-4.81802	-24.0244	8.48257	4.76767	-9.20202	14.3458	-11.6882	32.0438	3.64812	-4.24155	7.53353	3.62412	-9.86852	-55.1808	8.59102	-0.112662	-0.545556	-0.336794	-0.665968	-8.15114	-0.0816181	-0.00967524	-7.37691	-0.141765	-0.000345555	0.00343905	0.0206131	-0.0586222	0.58268	0.160127	-0.0976468	1.45418	-208.981	1306.96	-79.4379	454.583	885.38	-6.24991	-58.6013	985.997	-23.9894	-14.4113	3.34301e-16	0.323818	-5.86592	13.087	1.28909	-77.5772	-0.638325	0.711087
233	0	3.36571	-5.2384	18.8635	2.28214	-4.86524	-23.2492	9.46728	4.63345	-9.61879	14.9662	-11.4576	31.5255	4.50844	-5.09537	8.1253	4.37977	-9.94811	-55.3165	8.31255	-0.162446	-0.557884	-0.263046	-0.662908	-7.87907	-0.226489	0.00863274	-7.12038	-0.141306	-0.0017764	0.00410021	0.0181787	-0.062514	0.579856	0.182355	-0.0894878	1.42781	-219.369	1274.18	-83.5695	481.299	852.784	3.41348	-48.551	973.661	-44.316	-14.2484	1.82385e-15	0.614271	-6.65145	13.0845	1.44676	-81.7459	-2.23005	0.763747
234	0	4.15922	-5.09338	18.4277	3.91036	-4.90707	-22.4009	10.4939	4.4666	-10.0358	15.621	-11.1872	30.9099	5.46519	-6.01992	8.7903	5.18851	-10.0355	-55.4439	8.01187	-0.2098	-0.571735	-0.190004	-0.653544	-7.58428	-0.374211	0.0282329	-6.83424	-0.141	-0.00342373	0.00431835	0.0102758	-0.0693989	0.576057	0.194296	-0.0868489	1.39965	-226.033	1235.77	-90.0555	502.14	819.474	10.2383	-32.6072	956.525	-67.5086	-14.1042	-3.12096e-16	0.93823	-7.92373	13.4443	1.63308	-81.6492	-0.440768	0.838971
235	0	4.99368	-4.92641	17.9229	5.63145	-4.93966	-21.4926	11.5561	4.26619	-10.4487	16.3014	-10.8751	30.1885	6.51643	-7.01125	9.52892	6.05027	-10.1313	-55.557	7.69368	-0.252096	-0.587358	-0.120917	-0.637096	-7.27138	-0.522594	0.0483691	-6.52164	-0.140961	-0.00537519	0.00387057	-0.00435389	-0.0799518	0.571312	0.193407	-0.091359	1.37313	-227.725	1189.72	-96.9522	514.175	784.218	15.4882	-9.04695	931.919	-91.1089	-13.9966	-2.62259e-15	1.31092	-9.88043	14.3616	1.86503	-76.4301	5.66325	0.939512
236	0	5.85663	-4.74147	17.3603	7.43151	-4.95976	-20.5399	12.6478	4.03233	-10.8545	16.9963	-10.519	29.3514	7.65691	-8.06133	10.3418	6.96248	-10.2361	-55.6497	7.37303	-0.289524	-0.600682	-0.0554661	-0.617553	-6.95503	-0.667047	0.0659745	-6.19715	-0.141232	-0.00774787	0.00269208	-0.0258572	-0.0941437	0.565687	0.179584	-0.10371	1.35045	-224.646	1138.39	-101.545	518.869	747.256	21.6008	19.2548	899.935	-111.892	-13.9354	-3.57245e-15	1.74188	-12.567	15.9635	2.15321	-66.2357	16.3306	1.03982
237	0	6.73567	-4.54252	16.751	9.29515	-4.96534	-19.5578	13.7635	3.76645	-11.2513	17.693	-10.1164	28.3872	8.87835	-9.15797	11.23	7.92004	-10.35	-55.7155	7.07901	-0.326434	-0.603284	0.0128129	-0.60472	-6.66291	-0.799102	0.0759271	-5.89008	-0.141836	-0.0105222	0.000772993	-0.0535176	-0.11115	0.559557	0.154917	-0.122793	1.33474	-218.546	1089.13	-100.998	522.894	710.462	31.8905	43.5423	863.609	-126.825	-13.9271	2.35861e-15	2.21432	-15.9617	18.2694	2.48249	-52.0231	30.8861	1.0785
238	0	7.61938	-4.3328	16.1043	11.2059	-4.95603	-18.559	14.8976	3.47123	-11.6377	18.3789	-9.6655	27.2846	10.1701	-10.2856	12.1944	8.91573	-10.4724	-55.7482	6.85027	-0.369963	-0.586022	0.0939053	-0.611134	-6.4316	-0.912553	0.0720368	-5.64063	-0.142702	-0.0135969	-0.00160615	-0.085285	-0.129263	0.553277	0.123672	-0.146159	1.32711	-212.156	1052.52	-93.4109	535.986	677.472	49.6039	53.2115	828.204	-134.273	-13.9669	2.87178e-15	2.69188	-19.8236	21.1286	2.81893	-35.6994	47.7187	0.965183
239	0	8.49809	-4.11403	15.4249	13.1468	-4.93329	-17.5511	16.0453	3.15049	-12.0132	19.0428	-9.16577	26.0347	11.5204	-11.4271	13.235	9.94158	-10.6024	-55.7419	6.72303	-0.42588	-0.543509	0.199034	-0.64562	-6.2951	-1.00616	0.051467	-5.48654	-0.143715	-0.0167538	-0.00412174	-0.118629	-0.146262	0.547459	0.0907914	-0.169767	1.32791	-208.166	1038.18	-78.8906	567.387	652.884	76.4564	39.979	800.295	-135.138	-14.0437	1.89478e-15	3.12051	-23.8641	24.2663	3.11241	-19.4093	64.5239	0.611582
240	0	9.36406	-3.88652	14.7134	15.1011	-4.90039	-16.5371	17.2024	2.8092	-12.3779	19.6766	-8.61891	24.6338	12.9173	-12.5657	14.3495	10.9906	-10.7388	-55.6914	6.71595	-0.495056	-0.478622	0.334043	-0.708076	-6.27104	-1.08704	0.0160193	-5.44876	-0.144724	-0.0196795	-0.00632385	-0.150635	-0.159859	0.542681	0.0616275	-0.18918	1.33577	-208.043	1049.66	-60.0661	620.84	640.067	111.225	3.40549	784.362	-132.961	-14.1408	4.26326e-15	3.43882	-27.7021	27.3148	3.307	-5.36585	78.7794	-0.0486983
241	0	10.2115	-3.64952	13.9671	17.0533	-4.86218	-15.5151	18.3665	2.45299	-12.7336	20.2767	-8.0294	23.0854	14.3502	-13.6875	15.5317	12.0587	-10.8799	-55.592	6.81953	-0.572421	-0.403266	0.494971	-0.788037	-6.35074	-1.16858	-0.0274333	-5.51761	-0.14556	-0.0220778	-0.0077881	-0.178745	-0.168106	0.5394	0.0402899	-0.199817	1.34875	-211.435	1082.4	-41.4404	692.041	639.874	149.62	-47.5269	781.042	-132.737	-14.2375	2.82243e-15	3.59953	-30.9766	29.8862	3.36147	4.78947	88.166	-1.0212
242	0	11.0366	-3.40206	13.1823	18.99	-4.82476	-14.4808	19.5369	2.08782	-13.0834	20.844	-7.40453	21.4018	15.8105	-14.7827	16.7706	13.1457	-11.0242	-55.4398	6.99287	-0.649122	-0.335451	0.667057	-0.868625	-6.49641	-1.26417	-0.0706717	-5.65213	-0.14611	-0.0236777	-0.00822215	-0.201345	-0.169912	0.537957	0.0291867	-0.198542	1.36397	-216.713	1126.23	-27.7633	769.715	650.958	185.824	-97.4921	787.209	-138.963	-14.3165	-1.38161e-15	3.57637	-33.447	31.6662	3.25516	10.2838	91.2064	-2.24295
243	0	11.8369	-3.14402	12.3584	20.9008	-4.79499	-13.4305	20.7155	1.71932	-13.4319	21.3832	-6.75376	19.6039	17.2918	-15.8469	18.0505	14.2558	-11.1696	-55.2321	7.17505	-0.716198	-0.294741	0.825985	-0.932566	-6.65233	-1.38383	-0.107277	-5.78971	-0.146287	-0.0243943	-0.00747419	-0.217635	-0.165184	0.538387	0.0291558	-0.183772	1.37943	-221.932	1169.92	-22.2138	838.811	670.885	214.843	-128.881	797.778	-153.839	-14.362	2.66454e-15	3.38247	-34.9543	32.4831	3.00446	11.0774	87.4204	-3.59893
244	0	12.6114	-2.87667	11.4989	22.779	-4.77985	-12.364	21.9067	1.35245	-13.7842	21.9013	-6.08794	17.7193	18.7898	-16.8809	19.351	15.3972	-11.3139	-54.9677	7.31589	-0.767822	-0.293453	0.951262	-0.96979	-6.77304	-1.5284	-0.133769	-5.87937	-0.146107	-0.0241909	-0.00565983	-0.228421	-0.154644	0.54041	0.0380689	-0.156549	1.39352	-225.455	1204.62	-24.9985	887.284	695.789	234.555	-130.57	807.509	-176.337	-14.3682	1.06581e-15	3.05182	-35.6152	32.2898	2.6442	8.32478	77.5405	-4.92219
245	0	13.3598	-2.60298	10.6134	24.6211	-4.78578	-11.286	23.1169	0.990925	-14.1446	22.4058	-5.41795	15.7798	20.3019	-17.8891	20.6493	16.5806	-11.4541	-54.6474	7.40155	-0.802212	-0.328117	1.03996	-0.980394	-6.84644	-1.68982	-0.148658	-5.90836	-0.145632	-0.0232566	-0.00304333	-0.235055	-0.139815	0.543649	0.0535132	-0.118868	1.4063	-226.151	1224.8	-33.2134	912.3	719.804	246.201	-104.086	812.274	-202.601	-14.3348	8.88178e-17	2.64833	-35.6237	31.2266	2.23548	3.34717	63.0519	-6.07092
246	0	14.0826	-2.32713	9.71542	26.4268	-4.81769	-10.2073	24.3536	0.63713	-14.5149	22.9029	-4.75361	13.8173	21.8259	-18.8786	21.9225	17.8175	-11.5863	-54.274	7.45158	-0.822504	-0.37819	1.11149	-0.973969	-6.88854	-1.85058	-0.153295	-5.90069	-0.145006	-0.0218048	-9.96334e-05	-0.239776	-0.122321	0.547449	0.0720791	-0.0741406	1.41878	-223.868	1229.84	-42.3575	922.421	737.1	253.463	-65.2768	810.018	-227.884	-14.2723	-1.77636e-16	2.23549	-35.3755	29.4893	1.83695	-2.13103	45.9602	-6.91749
247	0	14.7802	-2.05395	8.82113	28.1979	-4.87828	-9.14374	25.6246	0.291827	-14.893	23.3966	-4.10263	11.8598	23.36	-19.8573	23.15	19.1179	-11.7053	-53.8527	7.49522	-0.837677	-0.418329	1.19172	-0.965403	-6.92251	-1.99527	-0.154613	-5.89129	-0.144345	-0.020099	0.00278862	-0.244311	-0.103924	0.5513	0.0919043	-0.0262237	1.43215	-220.153	1227.21	-48.4521	932.167	747.132	261.509	-34.1214	802.545	-248.98	-14.1919	3.30106e-15	1.86895	-35.1757	27.3472	1.49843	-7.06272	28.2726	-7.42649
248	0	15.4531	-1.78797	7.94603	29.9376	-4.96714	-8.1145	26.9366	-0.045802	-15.2715	23.8882	-3.47024	9.92943	24.9011	-20.8325	24.3155	20.4891	-11.8046	-53.3905	7.55299	-0.858748	-0.432899	1.29719	-0.968097	-6.96412	-2.11749	-0.162	-5.90483	-0.143785	-0.0183761	0.00519252	-0.250284	-0.0857932	0.554595	0.11089	0.0207595	1.44672	-217.694	1230.35	-49.2977	953.736	755.945	275.66	-23.9051	795.676	-265.523	-14.109	2.39423e-15	1.58484	-35.3669	25.0102	1.25058	-10.5168	11.7323	-7.59344
249	0	16.1013	-1.53276	7.1027	31.6499	-5.08051	-7.13969	28.2946	-0.377787	-15.6387	24.3766	-2.85888	8.04022	26.4456	-21.8105	25.4088	21.9351	-11.8765	-52.8958	7.63273	-0.889276	-0.422537	1.42807	-0.984433	-7.02038	-2.22495	-0.178193	-5.94873	-0.143419	-0.0168129	0.00683012	-0.258578	-0.0689416	0.556956	0.128369	0.0631912	1.4621	-217.849	1247.2	-44.9122	989.943	769.754	298.195	-33.7262	795.074	-279.329	-14.0368	-4.56425e-17	1.39571	-36.1745	22.6847	1.1021	-12.2539	-2.33163	-7.48985
250	0	16.7246	-1.29056	6.29933	33.3381	-5.21128	-6.23811	29.7017	-0.706912	-15.9796	24.8591	-2.26833	6.19754	27.9893	-22.7962	26.4257	23.4565	-11.9126	-52.3769	7.73237	-0.920455	-0.400467	1.57233	-1.00284	-7.0922	-2.33232	-0.193618	-6.0158	-0.143268	-0.0155083	0.00759384	-0.269127	-0.0538381	0.557959	0.144444	0.0991368	1.47715	-218.848	1271.93	-37.8211	1033.43	788.398	325.387	-50.4166	801.638	-293.171	-13.9819	-4.52231e-15	1.29224	-37.6523	20.4896	1.04197	-12.5199	-13.3135	-7.21056
251	0	17.3223	-1.0622	5.53948	35.0053	-5.34976	-5.42527	31.1589	-1.03623	-16.2783	25.3323	-1.69606	4.39883	29.528	-23.7928	27.3677	25.052	-11.9043	-51.8405	7.84238	-0.939183	-0.383258	1.71307	-1.00763	-7.17457	-2.45237	-0.194532	-6.08914	-0.143309	-0.0145111	0.00751567	-0.281298	-0.0408108	0.557174	0.159477	0.128225	1.48963	-217.532	1291.29	-32.4119	1072.9	807.085	349.325	-57.5007	811.66	-309.959	-13.9468	-2.18097e-15	1.2529	-39.7386	18.519	1.04875	-11.8207	-21.0583	-6.87401
252	0	17.8937	-0.847553	4.82339	36.6538	-5.48527	-4.71225	32.6654	-1.36843	-16.521	25.7928	-1.13775	2.63517	31.0591	-24.802	28.2402	26.7182	-11.844	-51.2907	7.93822	-0.939065	-0.38227	1.8324	-0.990887	-7.24737	-2.58632	-0.175348	-6.13901	-0.143463	-0.0138784	0.00673895	-0.294029	-0.0300904	0.55444	0.174778	0.151703	1.49866	-212.353	1297.03	-32.5093	1099.19	822.391	363.66	-44.6353	820.645	-331.613	-13.928	6.90805e-17	1.25602	-42.2612	16.8453	1.10159	-10.9479	-25.8074	-6.60202
253	0	18.4377	-0.645898	4.14919	38.2846	-5.60791	-4.105	34.2186	-1.70542	-16.6985	26.2383	-0.587955	0.893256	32.5819	-25.8231	29.0512	28.4503	-11.7258	-50.7286	7.98644	-0.922902	-0.399942	1.91664	-0.955278	-7.28012	-2.72211	-0.141882	-6.13196	-0.143594	-0.0135703	0.00566712	-0.305589	-0.0219403	0.549712	0.192665	0.171329	1.50207	-203.98	1289.94	-38.7156	1107.91	834.203	367.684	-11.3091	826.144	-357.612	-13.9168	-2.08352e-15	1.2744	-44.8428	15.5137	1.1753	-11.0122	-28.0629	-6.51444
254	0	18.9537	-0.45641	3.51458	39.8984	-5.71046	-3.60428	35.8143	-2.04817	-16.8084	26.6678	-0.0410271	-0.841313	34.0982	-26.8527	29.8087	30.242	-11.5465	-50.152	7.96632	-0.896671	-0.431601	1.96174	-0.907678	-7.2525	-2.84345	-0.102444	-6.04977	-0.143595	-0.0135975	0.00460668	-0.314772	-0.016577	0.54328	0.215452	0.189557	1.49971	-193.219	1272.91	-48.1231	1098.69	841.616	364.758	36.8718	826.756	-384.288	-13.9086	-2.18776e-15	1.29449	-47.1837	14.5566	1.25734	-12.8923	-28.3737	-6.69438
255	0	19.441	-0.278508	2.91794	41.4946	-5.78977	-3.2061	37.4466	-2.39663	-16.8562	27.082	0.508025	-2.58099	35.6122	-27.8844	30.5188	32.085	-11.3057	-49.5568	7.88332	-0.863553	-0.469612	1.97493	-0.852636	-7.16813	-2.94048	-0.0605483	-5.90115	-0.143329	-0.0139158	0.00404602	-0.320062	-0.014421	0.535816	0.246636	0.208814	1.49185	-179.608	1245.03	-57.0028	1074.11	840.852	357.877	93.4443	820.645	-406.825	-13.8955	-1.32834e-15	1.30727	-48.853	14.0202	1.33929	-17.7283	-27.4192	-7.22194
256	0	19.8993	-0.111998	2.35891	43.0721	-5.84766	-2.90215	39.1071	-2.74985	-16.8543	27.4831	1.06257	-4.333	37.1299	-28.9085	31.1837	33.968	-11.0066	-48.9386	7.77081	-0.825333	-0.507677	1.97201	-0.792992	-7.05691	-3.01617	-0.0148556	-5.72013	-0.142746	-0.0144278	0.0042594	-0.320899	-0.0153761	0.528159	0.288033	0.23196	1.47943	-163.05	1207.15	-63.8611	1040.76	831.112	348.492	152.999	808.952	-423.82	-13.8781	-1.55215e-15	1.30792	-49.6201	13.844	1.41645	-25.9351	-25.9606	-8.071
257	0	20.3291	0.0428899	1.83847	44.6292	-5.8911	-2.68058	40.7853	-3.10605	-16.8213	27.8742	1.62355	-6.09668	38.6576	-29.9126	31.8003	35.8765	-10.656	-48.2936	7.6761	-0.786697	-0.543358	1.97092	-0.733874	-6.96275	-3.08678	0.0349207	-5.55216	-0.141812	-0.0150488	0.00553228	-0.316864	-0.0196254	0.521337	0.342185	0.260459	1.46448	-145.844	1169.67	-69.9154	1008.73	820.542	338.861	211.449	799.122	-439.87	-13.8545	8.9558e-16	1.30136	-49.2809	14.026	1.49242	-38.0012	-24.562	-9.22644
258	0	20.7315	0.185677	1.35841	46.1635	-5.93133	-2.5267	42.4678	-3.4631	-16.779	28.2588	2.18895	-7.86203	40.2008	-30.8817	32.3606	37.7923	-10.264	-47.6209	7.64263	-0.754556	-0.57751	1.98682	-0.682134	-6.92657	-3.17332	0.087341	-5.43707	-0.140583	-0.0156747	0.00781114	-0.308553	-0.0266479	0.516257	0.409158	0.296024	1.44875	-131.618	1149	-77.0094	988.055	822.464	333.095	266.223	802.065	-462.688	-13.8268	6.04455e-17	1.29428	-47.9123	14.4438	1.57204	-53.5432	-23.8215	-10.5625
259	0	21.1082	0.315743	0.920942	47.6725	-5.98266	-2.42402	44.1388	-3.81869	-16.7501	28.6398	2.75376	-9.60993	41.7621	-31.8	32.8522	39.6936	-9.84348	-46.9236	7.69582	-0.732469	-0.612822	2.02776	-0.641016	-6.97272	-3.29419	0.14238	-5.39574	-0.139161	-0.0161508	0.0109325	-0.296977	-0.0358427	0.51359	0.488064	0.338594	1.43349	-122.097	1153.95	-85.5683	983.438	844.123	334.363	318.445	823.801	-496.79	-13.7948	-1.12379e-15	1.28698	-45.7259	14.9757	1.654	-71.8788	-24.0506	-11.9463
260	0	21.462	0.43257	0.527905	49.1532	-6.06029	-2.35531	45.7801	-4.17058	-16.7548	29.0185	3.31035	-11.314	43.3406	-32.652	33.2612	41.5555	-9.40952	-46.2096	7.84213	-0.719194	-0.651702	2.09608	-0.609163	-7.10767	-3.45972	0.202507	-5.43161	-0.137682	-0.0164024	0.0145017	-0.283532	-0.0462122	0.513593	0.576533	0.387501	1.41867	-115.946	1180.41	-94.7379	993.903	882.089	342.506	371.758	861.638	-540.909	-13.7561	1.50867e-15	1.2822	-43.0903	15.4721	1.73876	-91.9151	-25.444	-13.2262
261	0	21.7962	0.536005	0.179877	50.6026	-6.17811	-2.30357	47.3724	-4.51659	-16.8085	29.3945	3.84934	-12.9442	44.9305	-33.4245	33.5756	43.3517	-8.97874	-45.4919	8.07875	-0.71419	-0.694921	2.19228	-0.586015	-7.32848	-3.67485	0.268941	-5.54009	-0.136318	-0.0163254	0.0180146	-0.270061	-0.0564232	0.516084	0.669067	0.439901	1.4037	-111.363	1221.29	-103.862	1017.44	929.878	355.94	428.753	909.565	-591.883	-13.7093	1.72825e-15	1.26981	-40.5048	15.7575	1.81522	-111.97	-27.8274	-14.2579
262	0	22.1142	0.626409	-0.124317	52.0179	-6.3466	-2.25327	48.8964	-4.85445	-16.92	29.7652	4.36092	-14.471	46.5219	-34.1083	33.7888	45.0564	-8.56841	-44.7873	8.39003	-0.720793	-0.740737	2.31407	-0.575188	-7.61955	-3.9351	0.337865	-5.70689	-0.135257	-0.0159123	0.0208714	-0.25846	-0.0647721	0.520345	0.757749	0.491961	1.38814	-108.242	1275.31	-112.961	1052.84	985.022	374.44	488.011	963.56	-648.334	-13.6559	2.82243e-15	1.24026	-38.5154	15.6393	1.87304	-129.986	-30.8427	-14.9125
263	0	22.4197	0.705001	-0.388759	53.3963	-6.57142	-2.19082	50.3351	-5.18144	-17.0917	30.1265	4.83648	-15.8708	48.1022	-34.699	33.9014	46.6477	-8.19539	-44.1129	8.7421	-0.742867	-0.78527	2.45395	-0.581049	-7.9477	-4.22435	0.402115	-5.90483	-0.134589	-0.0151216	0.0227732	-0.249605	-0.0697374	0.525398	0.835277	0.540683	1.37066	-106.877	1342.9	-121.713	1097.27	1046.19	398.706	545.497	1020.19	-708.833	-13.5943	-1.12256e-15	1.17464	-37.4158	14.9883	1.89388	-144.347	-34.3728	-15.126
264	0	22.7161	0.773979	-0.620841	54.7361	-6.85258	-2.10522	51.675	-5.49436	-17.3199	30.4739	5.26983	-17.1289	49.659	-35.1967	33.9217	48.1091	-7.87472	-43.483	9.09053	-0.780149	-0.826085	2.59845	-0.604107	-8.27051	-4.51854	0.455891	-6.09798	-0.134406	-0.0140166	0.0234353	-0.244146	-0.070145	0.530432	0.896316	0.58416	1.35128	-105.391	1417	-128.598	1143.37	1106.19	427.673	599.24	1072.36	-767.649	-13.5319	-2.09092e-15	1.06363	-37.449	13.7542	1.8689	-153.918	-38.3275	-14.9091
265	0	23.0062	0.836484	-0.831122	56.0363	-7.1847	-1.98836	52.9075	-5.78953	-17.5957	30.8036	5.65819	-18.2412	51.1816	-35.6058	33.8652	49.4317	-7.61836	-42.9065	9.39886	-0.827645	-0.866108	2.73069	-0.640109	-8.55568	-4.80132	0.497709	-6.25549	-0.134695	-0.0125901	0.0229507	-0.241403	-0.0653124	0.534617	0.937908	0.622303	1.32851	-99.7096	1483.68	-132.136	1180.55	1153.3	457.407	653.511	1110.71	-816.04	-13.4767	-2.97647e-16	0.896055	-38.513	11.9505	1.78852	-158.312	-42.977	-14.3003
266	0	23.2924	0.896685	-1.03363	57.2968	-7.55755	-1.83437	54.0287	-6.06279	-17.9064	31.1134	6.00241	-19.2148	52.6628	-35.9337	33.7523	50.6138	-7.43424	-42.3863	9.65704	-0.878269	-0.913933	2.83868	-0.682384	-8.79733	-5.07172	0.530447	-6.36564	-0.135455	-0.0109437	0.0213977	-0.240909	-0.0551586	0.537645	0.960149	0.655406	1.30314	-86.4601	1533.51	-133.58	1200.69	1181.97	482.969	716.462	1130.92	-850.354	-13.4461	-4.00174e-15	0.680862	-40.5215	9.65599	1.66218	-157.713	-48.3954	-13.3851
267	0	23.5763	0.959465	-1.24479	58.519	-7.95769	-1.63932	55.0398	-6.30994	-18.2367	31.4039	6.3069	-20.066	54.0994	-36.1907	33.6064	51.6606	-7.32532	-41.9195	9.88377	-0.92518	-0.978778	2.92056	-0.723962	-9.01684	-5.34621	0.56079	-6.43908	-0.136639	-0.00913406	0.0190103	-0.241668	-0.0400725	0.539207	0.964875	0.684724	1.27495	-65.0352	1570.13	-137.318	1202.2	1200.06	501.566	796.1	1138.8	-877.331	-13.4583	-5.03301e-16	0.432153	-43.2204	6.96302	1.50474	-152.743	-54.7264	-12.2339
268	0	23.8597	1.03026	-1.48286	59.7053	-8.36997	-1.4002	55.9464	-6.52682	-18.57	31.6789	6.57904	-20.8186	55.4921	-36.3883	33.4518	52.5829	-7.28932	-41.4984	10.1157	-0.963914	-1.06177	2.99	-0.759543	-9.24844	-5.64423	0.59648	-6.50407	-0.138184	-0.00732891	0.0160124	-0.243122	-0.0210623	0.539467	0.95615	0.711279	1.2453	-36.2926	1606.29	-147.545	1190.48	1223	514.366	894.352	1146.46	-909.282	-13.5293	-1.35694e-15	0.184134	-46.4033	4.0145	1.34903	-144.424	-61.8303	-10.9548
269	0	24.1441	1.11464	-1.76653	60.8591	-8.77952	-1.11456	56.757	-6.70953	-18.89	31.9453	6.82845	-21.5014	56.8446	-36.5396	33.3117	53.3951	-7.31898	-41.1124	10.389	-0.994841	-1.15407	3.07007	-0.787983	-9.52163	-5.97886	0.641331	-6.59296	-0.139974	-0.00559885	0.0126667	-0.244458	0.000638859	0.538536	0.939213	0.7363	1.21492	0.210068	1652.26	-164.56	1173.23	1260.54	525.334	1007.91	1162.77	-953.258	-13.6646	2.43756e-15	-0.0338835	-49.7675	0.913746	1.22324	-133.996	-69.5673	-9.6046
270	0	24.4315	1.21804	-2.11405	61.9844	-9.17365	-0.779477	57.4822	-6.85471	-19.1822	32.2132	7.06591	-22.1453	58.1625	-36.6578	33.2065	54.1138	-7.40259	-40.7505	10.7255	-1.02373	-1.24249	3.18316	-0.813153	-9.85052	-6.35337	0.692711	-6.72941	-0.141867	-0.00407502	0.00921873	-0.245407	0.0235572	0.536719	0.919175	0.760152	1.18517	46.8339	1710.01	-184.803	1155.92	1310.98	538.7	1131.72	1188.59	-1006.55	-13.8585	-2.16123e-15	-0.186043	-53.0916	-2.22596	1.1605	-122.659	-77.5227	-8.25381
271	0	24.7246	1.34539	-2.54181	63.0855	-9.54296	-0.391771	58.1333	-6.95954	-19.4347	32.4948	7.3025	-22.7807	59.4516	-36.7567	33.1528	54.755	-7.52517	-40.403	11.1285	-1.05749	-1.31706	3.34157	-0.839721	-10.2331	-6.76254	0.744754	-6.92049	-0.143681	-0.00282562	0.00590667	-0.245576	0.0460552	0.534263	0.901474	0.782921	1.15688	105.947	1777.68	-204.477	1140.18	1368.35	557.32	1261.94	1221.1	-1063.13	-14.0908	-5.62513e-16	-0.245741	-56.1194	-5.28944	1.1846	-111.687	-85.265	-6.96406
272	0	25.0273	1.50072	-3.06317	64.1663	-9.88234	0.0517683	58.7211	-7.02191	-19.6392	32.8039	7.54854	-23.4348	60.7173	-36.8492	33.1625	55.3333	-7.66982	-40.0628	11.5865	-1.09888	-1.37121	3.54875	-0.868173	-10.655	-7.19455	0.793886	-7.15973	-0.14524	-0.00183453	0.00297533	-0.244769	0.0670141	0.531502	0.889743	0.804719	1.13098	178.31	1854.65	-222.095	1125.63	1430.15	582.384	1394.81	1258.89	-1120.57	-14.3329	-1.97373e-17	-0.201711	-58.6302	-8.2485	1.30507	-101.979	-92.4705	-5.71953
273	0	25.3442	1.68688	-3.6873	65.23	-10.1908	0.553393	59.2551	-7.0404	-19.7912	33.1546	7.81294	-24.1302	61.9629	-36.9476	33.2418	55.8599	-7.81922	-39.727	12.0879	-1.14567	-1.4	3.80616	-0.89346	-11.1028	-7.63854	0.842128	-7.44052	-0.146411	-0.00111463	0.000595734	-0.24302	0.0851497	0.528785	0.88735	0.824736	1.10807	263.069	1941.53	-237.895	1112.73	1497.65	614.025	1526.17	1303.05	-1180.39	-14.5535	1.70234e-15	-0.0487688	-60.482	-10.9998	1.52542	-94.3896	-98.7004	-4.57479
274	0	25.6811	1.9053	-4.41841	66.2783	-10.4706	1.11332	59.7426	-7.01437	-19.8894	33.5599	8.1026	-24.883	63.19	-37.0624	33.3913	56.3424	-7.95698	-39.3965	12.6278	-1.19257	-1.39964	4.11711	-0.907112	-11.5688	-8.08582	0.896306	-7.76034	-0.147132	-0.000553257	-0.0010889	-0.240503	0.100082	0.526476	0.894967	0.84291	1.08913	358.444	2037.83	-252.256	1103.59	1572.41	651.779	1651.33	1355.32	-1244.71	-14.7247	-3.23815e-15	0.194867	-61.5814	-13.5564	1.82853	-89.216	-103.813	-3.48372
275	0	26.0441	2.15565	-5.25453	67.3114	-10.7257	1.72802	60.188	-6.94386	-19.9352	34.0313	8.42214	-25.7022	64.3975	-37.202	33.6062	56.7843	-8.06891	-39.0757	13.1995	-1.23373	-1.36986	4.47997	-0.900188	-12.0457	-8.53132	0.963552	-8.11424	-0.147401	-1.951e-05	-0.00196317	-0.237404	0.111623	0.524997	0.91303	0.859197	1.07508	461.847	2140.58	-264.959	1099.8	1653.77	694.664	1767.19	1416.1	-1313.73	-14.8239	-3.79234e-15	0.496646	-61.8702	-15.8877	2.18465	-86.6805	-107.799	-2.43587
276	0	26.4389	2.43579	-6.18734	68.3268	-10.96	2.38908	60.5929	-6.82966	-19.9311	34.5772	8.77372	-26.5899	65.5819	-37.3727	33.8763	57.1854	-8.14372	-38.7719	13.7874	-1.26359	-1.31716	4.8825	-0.865476	-12.5207	-8.96738	1.04894	-8.48595	-0.147301	0.00060532	-0.00199046	-0.234323	0.120043	0.524792	0.940063	0.87378	1.06747	570.015	2245.11	-275.75	1100.06	1739.15	740.909	1873.14	1484.18	-1385.81	-14.8382	1.66533e-15	0.812572	-61.4087	-17.967	2.55429	-86.6148	-110.729	-1.4394
277	0	26.8699	2.74171	-7.20207	69.3197	-11.1754	3.08237	60.9555	-6.67314	-19.8789	35.2023	9.15714	-27.5416	66.7374	-37.5786	34.1877	57.5423	-8.17348	-38.4947	14.368	-1.27739	-1.25615	5.3003	-0.799121	-12.9779	-9.3868	1.15393	-8.84847	-0.146955	0.00145887	-0.00120223	-0.232033	0.125873	0.526286	0.974699	0.88724	1.06841	679.941	2346.39	-285.144	1098.9	1825.1	787.81	1973.4	1557.32	-1458.63	-14.7613	8.16631e-16	1.08408	-60.3235	-19.7523	2.88551	-88.7781	-112.784	-0.534572
278	0	27.3389	3.06787	-8.27874	70.2822	-11.3703	3.78861	61.2716	-6.4762	-19.7785	35.9063	9.57001	-28.5471	67.8557	-37.8218	34.5239	57.8492	-8.15359	-38.2547	14.9255	-1.27485	-1.20411	5.70894	-0.704119	-13.4101	-9.78993	1.27598	-9.17856	-0.146504	0.00266878	0.00032593	-0.231518	0.129918	0.529859	1.01453	0.900312	1.08066	790.03	2441.2	-294.469	1089.93	1907.97	832.588	2075.84	1632.56	-1529.71	-14.5934	2.92112e-15	1.2438	-58.8099	-21.2013	3.11922	-92.7261	-114.175	0.212729
279	0	27.8436	3.40778	-9.39425	71.2038	-11.5382	4.48479	61.5341	-6.24113	-19.6263	36.6831	10.008	-29.5918	68.9259	-38.1029	34.8675	58.0985	-8.08252	-38.0632	15.4629	-1.26432	-1.17179	6.09867	-0.592214	-13.8246	-10.1848	1.40587	-9.47239	-0.146079	0.00420134	0.00247457	-0.234067	0.132615	0.535736	1.05812	0.913368	1.1071	900.78	2529.45	-304.982	1070.43	1983.68	873.778	2187.61	1705.82	-1595.83	-14.34	-1.37421e-15	1.23538	-57.1636	-22.1648	3.20639	-98.1675	-114.93	0.601225
280	0	28.377	3.75473	-10.5252	72.0713	-11.6679	5.14703	61.7345	-5.97057	-19.4145	37.52	10.4651	-30.658	69.9344	-38.422	35.2028	58.2816	-7.96136	-37.9312	15.9998	-1.26334	-1.1549	6.48173	-0.481657	-14.2363	-10.581	1.52767	-9.74832	-0.145808	0.00597674	0.00502854	-0.241146	0.13424	0.544018	1.10456	0.926824	1.15078	1014.25	2613.99	-316.377	1044.32	2047.57	912.462	2309.7	1772.18	-1652.25	-14.0165	3.4787e-15	1.00909	-55.7559	-22.482	3.1052	-104.878	-114.977	0.376531
281	0	28.9259	4.10275	-11.6509	72.8693	-11.7434	5.75417	61.8625	-5.66738	-19.1308	38.397	10.934	-31.7262	70.8648	-38.7789	35.5182	58.3889	-7.79358	-37.8701	16.5599	-1.29215	-1.1335	6.88676	-0.388852	-14.6568	-10.9811	1.62369	-10.0401	-0.145771	0.0077878	0.00780043	-0.254054	0.134895	0.554369	1.15236	0.940083	1.21364	1132.28	2699.53	-326.147	1021.53	2096.38	952.382	2434.5	1828.04	-1694.28	-13.6476	9.62193e-16	0.539906	-54.9535	-21.9874	2.79673	-112.593	-114.032	-0.734231
282	0	29.4716	4.44755	-12.757	73.581	-11.7466	6.29202	61.9075	-5.33477	-18.7604	39.2871	11.4065	-32.7767	71.6979	-39.174	35.8084	58.4107	-7.58464	-37.8902	17.1588	-1.36324	-1.08061	7.34305	-0.318949	-15.087	-11.3756	1.68277	-10.3794	-0.146063	0.00926264	0.0105416	-0.274086	0.134016	0.566265	1.20141	0.952435	1.29673	1255.14	2790.88	-330.595	1013.08	2130.87	998.249	2548.78	1873.77	-1720.29	-13.2773	-2.4852e-15	-0.15909	-55.161	-20.4613	2.29767	-121.324	-111.621	-3.07883
283	0	29.9905	4.78719	-13.8366	74.189	-11.6586	6.75689	61.8586	-4.97642	-18.2876	40.1569	11.874	-33.7903	72.4121	-39.6082	36.077	58.3372	-7.34214	-38.001	17.7984	-1.47674	-0.97289	7.86622	-0.263775	-15.5185	-11.7474	1.70433	-10.7857	-0.14671	0.0100539	0.0130698	-0.301515	0.130895	0.57867	1.25115	0.962364	1.39856	1381.33	2891.44	-326.356	1025.93	2156.1	1053.73	2640.06	1914.04	-1732.86	-12.9616	-3.91847e-15	-1.04524	-56.5771	-17.7621	1.65206	-131.092	-107.25	-6.86597
284	0	30.4565	5.12238	-14.892	74.6758	-11.4643	7.15843	61.7055	-4.59687	-17.7001	40.9692	12.3271	-34.7489	72.9833	-40.0829	36.337	58.1588	-7.07585	-38.211	18.4647	-1.62351	-0.797261	8.45178	-0.207737	-15.9366	-12.0754	1.69511	-11.2598	-0.147771	0.00968585	0.0150962	-0.336459	0.124658	0.590234	1.30041	0.967753	1.51631	1508.3	3001.74	-311.304	1060.09	2178.23	1119.92	2701.03	1954.94	-1736.44	-12.7767	-6.1309e-16	-2.02464	-59.3736	-13.8323	0.950062	-141.826	-100.244	-12.2161
285	0	30.8431	5.45636	-15.9328	75.025	-11.1557	7.52059	61.4387	-4.20181	-16.9935	41.6856	12.7564	-35.6354	73.3859	-40.5989	36.612	57.866	-6.79803	-38.5258	19.1296	-1.7896	-0.553744	9.07476	-0.1343	-16.3221	-12.3368	1.66408	-11.7837	-0.149195	0.00789802	0.0164643	-0.377412	0.114478	0.599312	1.34782	0.966513	1.64444	1633.09	3118.45	-284.858	1108.48	2201.35	1194.63	2730.96	2000.88	-1734.64	-12.7965	-1.34214e-15	-2.98508	-63.3289	-8.75527	0.296119	-153.516	-90.2165	-18.9634
286	0	31.128	5.79396	-16.9736	75.2219	-10.736	7.87978	61.0496	-3.79854	-16.1764	42.2711	13.1518	-36.4336	73.5933	-41.1552	36.9345	57.4499	-6.52364	-38.9484	19.7593	-1.95941	-0.254624	9.69707	-0.0298517	-16.6604	-12.5161	1.62128	-12.3289	-0.150885	0.00444965	0.017015	-0.422329	0.0996843	0.604326	1.3917	0.956321	1.77625	1752.27	3235.03	-247.79	1160.19	2226.8	1273.03	2735.17	2053.74	-1729.09	-13.0837	1.12503e-15	-3.78379	-68.0484	-2.73609	-0.183723	-166.093	-76.8697	-26.7502
287	0	31.2955	6.14013	-18.0284	75.2534	-10.2234	8.28024	60.5313	-3.39604	-15.2752	42.6974	13.5023	-37.1266	73.5784	-41.7475	37.3437	56.9018	-6.2705	-39.4772	20.326	-2.11799	0.0793006	10.2782	0.114716	-16.9468	-12.6077	1.57675	-12.866	-0.152563	-0.000566519	0.0167351	-0.468041	0.0801825	0.603768	1.4299	0.935359	1.90458	1862.05	3343.08	-201.765	1204.87	2253.53	1348.97	2721.61	2112.72	-1719.38	-13.6551	-1.30266e-15	-4.29679	-72.7917	3.84406	-0.389856	-179.377	-60.342	-34.9131
288	0	31.34	6.49787	-19.1046	75.1086	-9.6522	8.76647	59.8777	-3.00513	-14.3367	42.9464	13.7956	-37.6962	73.3142	-42.3657	37.8811	56.2137	-6.05893	-40.1061	20.8104	-2.25425	0.427799	10.7871	0.30269	-17.1825	-12.6125	1.53858	-13.3747	-0.153777	-0.00674892	0.0157142	-0.510882	0.0566371	0.596651	1.46032	0.902415	2.02241	1958.31	3434.24	-149.106	1237.16	2279.45	1416.47	2695	2174.44	-1703.73	-14.4576	-2.4869e-15	-4.44279	-76.6048	10.4526	-0.273834	-193.045	-41.2069	-42.5608
289	0	31.2659	6.8656	-20.1958	74.7778	-9.07279	9.37331	59.0843	-2.63802	-13.4286	43.0104	14.0176	-38.1211	72.7739	-42.9926	38.5855	55.3777	-5.91114	-40.8235	21.1931	-2.36425	0.781577	11.2073	0.530075	-17.3601	-12.5215	1.50986	-13.8443	-0.153791	-0.0132497	0.0144154	-0.546893	0.0303039	0.582678	1.4812	0.857357	2.12484	2036.65	3502	-92.4981	1258.63	2302.51	1471.15	2649.54	2233.36	-1679.77	-15.3358	5.1317e-16	-4.22609	-78.3212	16.518	0.120048	-206.66	-20.6063	-48.68
290	0	31.0853	7.23454	-21.2747	74.2518	-8.54811	10.1163	58.1469	-2.30797	-12.6369	42.8892	14.1517	-38.3753	71.9312	-43.6024	39.4856	54.3861	-5.84983	-41.6137	21.4487	-2.45057	1.13896	11.5313	0.784	-17.4586	-12.3148	1.48905	-14.265	-0.151675	-0.0187439	0.0135168	-0.572338	0.00359059	0.562436	1.4906	0.801541	2.20973	2093.38	3542.94	-34.3055	1274.53	2320.91	1511.37	2571.81	2284.15	-1645.02	-16.0301	2.96059e-16	-3.75983	-76.7052	21.3418	0.636358	-219.345	-0.26249	-52.1262
291	0	30.8121	7.58664	-22.289	73.5202	-8.14759	10.9848	57.0616	-2.02846	-12.0599	42.582	14.1784	-38.4255	70.76	-44.1605	40.5931	53.2306	-5.89637	-42.4579	21.5578	-2.52048	1.49737	11.7587	1.04219	-17.4591	-11.9758	1.47207	-14.6287	-0.146437	-0.021535	0.0140028	-0.584397	-0.0205823	0.53733	1.48666	0.73726	2.27818	2127.08	3557	23.6291	1291.03	2332.79	1538.14	2448.89	2323.02	-1596.97	-16.1979	4.8159e-15	-3.25963	-70.6062	24.2413	1.02016	-229.791	17.7983	-51.8273
292	0	30.4529	7.89331	-23.16	72.5695	-7.93886	11.9389	55.8235	-1.8125	-11.7988	42.0769	14.0736	-38.2275	69.2343	-44.6237	41.894	51.9023	-6.06834	-43.3374	21.5233	-2.58309	1.84999	11.8972	1.27591	-17.3613	-11.5065	1.45507	-14.9334	-0.137297	-0.0198883	0.0170946	-0.581631	-0.0385084	0.509963	1.46708	0.668785	2.33632	2139.4	3547.11	79.0727	1314.6	2337.14	1553.43	2274.73	2347.45	-1534.47	-15.4715	-2.21058e-15	-2.98998	-59.106	24.4678	0.976284	-236.087	31.2636	-46.7998
293	0	29.9961	8.11558	-23.784	71.3811	-7.9788	12.9122	54.4253	-1.6716	-11.9484	41.3382	13.8086	-37.7212	67.3272	-44.9417	43.3424	50.3903	-6.37681	-44.237	21.3744	-2.64476	2.18507	11.958	1.45453	-17.1921	-10.9366	1.43577	-15.1829	-0.124023	-0.0125631	0.0241196	-0.564526	-0.0467205	0.483423	1.42845	0.60017	2.39221	2134.56	3518.72	129.262	1349.97	2334.99	1559.17	2054.95	2356.5	-1459.42	-13.5408	1.69741e-15	-3.17452	-41.6966	21.3019	0.26641	-235.755	38.2256	-36.3533
294	0	29.4021	8.20617	-24.0366	69.9267	-8.30339	13.8168	52.8561	-1.61439	-12.5839	40.2987	13.3481	-36.8234	65.0107	-45.0579	44.8525	48.6805	-6.82381	-45.1484	21.1608	-2.7089	2.49208	11.9534	1.54834	-17.001	-10.3197	1.41264	-15.3886	-0.107154	0.000504375	0.0366327	-0.535537	-0.042719	0.461841	1.3673	0.535829	2.4566	2118.32	3479.36	172.522	1399.84	2329.2	1557.86	1805.26	2351.3	-1376.27	-10.2305	-5.52644e-16	-3.88346	-18.302	14.108	-1.17209	-226.353	37.1547	-20.2103
295	0	28.5972	8.11293	-23.7766	68.165	-8.91637	14.5482	51.0986	-1.64482	-13.7467	38.859	12.6506	-35.4189	62.2555	-44.91	46.2927	46.7543	-7.40015	-46.0732	20.9391	-2.77927	2.77066	11.8935	1.52855	-16.8468	-9.71731	1.3824	-15.567	-0.0882241	0.0173398	0.0562979	-0.499274	-0.0268898	0.449816	1.28042	0.478163	2.53812	2096.42	3437.57	209.359	1465.64	2323.2	1552.67	1545.42	2334.31	-1290.54	-5.56606	2.36848e-15	-4.9092	10.647	2.69796	-3.09535	-206.329	27.4028	1.08232
296	0	27.4752	7.78397	-22.8508	66.0363	-9.77746	14.9882	49.1278	-1.75938	-15.4286	36.9011	11.669	-33.349	59.0317	-44.4279	47.4766	44.5868	-8.08482	-47.0246	20.7562	-2.86088	3.03575	11.7808	1.36696	-16.7823	-9.18505	1.33915	-15.7382	-0.0697714	0.033323	0.0847986	-0.462038	-0.00422361	0.452644	1.16706	0.427092	2.64175	2073	3401.21	242.564	1547.83	2319.74	1546.27	1293.97	2308.43	-1207.48	0.201931	-3.94746e-16	-5.68134	44.3195	-11.8056	-4.86123	-176.715	9.04509	25.4071
297	0	25.9086	7.17387	-21.0984	63.46	-10.79	15.0032	46.9094	-1.94359	-17.5549	34.3153	10.3522	-30.397	55.3138	-43.5304	48.1542	42.1467	-8.84572	-48.0252	20.6361	-2.95598	3.31617	11.5991	1.03678	-16.8412	-8.75524	1.27501	-15.9145	-0.0555434	0.0405448	0.122957	-0.432755	0.0131646	0.476629	1.03036	0.376629	2.76646	2049.16	3375.71	277.575	1644.44	2319.66	1539.67	1064.78	2277.21	-1130.94	6.533	-2.21058e-15	-5.13239	81.1776	-24.8159	-5.29672	-143.6	-16.0311	47.1728
298	0	23.7695	6.25143	-18.3647	60.3394	-11.7953	14.4479	44.4018	-2.16784	-19.973	31.0379	8.65051	-26.2804	51.089	-42.1217	48.0077	39.3988	-9.64231	-49.1013	20.5703	-3.05366	3.65081	11.3024	0.519615	-17.0262	-8.42525	1.18077	-16.0913	-0.0511586	0.0279006	0.16724	-0.426622	0.00573864	0.529265	0.878343	0.312558	2.91047	2021.9	3362.1	323.252	1748.96	2321.02	1530.91	865.81	2245.55	-1062.25	12.3575	2.70401e-15	-1.47591	117.65	-26.0464	-2.49737	-119.643	-40.43	55.4321
299	0	20.9514	5.01011	-14.5396	56.5754	-12.5831	13.1846	41.5617	-2.38374	-22.4533	27.0837	6.52573	-20.6718	46.3713	-40.0941	46.6752	36.3101	-10.4302	-50.2731	20.5071	-3.11344	4.08102	10.8073	-0.17689	-17.2951	-8.14924	1.04337	-16.2331	-0.0652249	-0.0162509	0.201856	-0.472671	-0.0505233	0.618814	0.721732	0.209316	3.08435	1983.44	3354.19	392.542	1846.68	2318.48	1513.62	700.581	2219.01	-997.966	15.7565	1.89478e-15	7.68601	144.678	-1.27444	6.01754	-119.022	-42.4901	36.291
300	0	17.3795	3.48353	-9.64185	52.0931	-12.9259	11.1391	38.3547	-2.52424	-24.7086	22.5429	3.96697	-13.2971	41.2165	-37.3466	43.8491	32.8585	-11.1658	-51.5457	20.3454	-3.05416	4.63684	10.0061	-0.993555	-17.5478	-7.84074	0.842013	-16.2645	-0.109919	-0.0954106	0.188169	-0.620196	-0.172161	0.750944	0.54724	0.030525	3.32238	1921.72	3336.2	500.63	1910.83	2302.73	1476.33	572.259	2198.48	-926.133	14.15	3.78956e-15	23.4889	142.25	57.9583	21.4449	-134.033	21.1889	-14.9192
301	0	13.002	1.76626	-3.95316	46.869	-12.6395	8.38407	34.7671	-2.51048	-26.4325	17.5046	1.01153	-4.17204	35.7337	-33.8216	39.4747	29.0424	-11.811	-52.9059	19.9365	-2.77036	5.31657	8.82775	-1.80098	-17.626	-7.38279	0.548427	-16.084	-0.195777	-0.192032	0.0754859	-0.910821	-0.356115	0.928036	0.29218	-0.243202	3.65191	1822.37	3282.06	656.805	1905.31	2261.84	1403.11	480.918	2168.67	-825.596	5.32703	1.26319e-15	42.2392	84.7856	147.162	40.2664	-113.087	192.069	-79.5491
302	0	7.79189	0.0320046	1.87506	40.9424	-11.6532	5.1881	30.8159	-2.26695	-27.3501	11.9211	-2.22571	6.06395	30.0893	-29.5414	33.95	24.8884	-12.3335	-54.3253	19.1024	-2.19883	6.05738	7.32767	-2.422	-17.3308	-6.63175	0.148375	-15.591	-0.316568	-0.26756	-0.135577	-1.27707	-0.575004	1.15026	-0.0927674	-0.54775	3.99415	1671.36	3158.07	849.399	1798.35	2183.26	1277.82	405.079	2092.01	-676.316	-10.9002	7.57912e-15	55.3898	-23.1889	251.675	54.3778	-4.07378	437.2	-121.982
303	0	1.82378	-1.47714	6.91845	34.3998	-10.0668	1.93987	26.5568	-1.74219	-27.2748	5.55396	-5.50074	16.0217	24.4816	-24.6156	28.0646	20.4591	-12.7073	-55.7651	17.6819	-1.41801	6.69657	5.70359	-2.71377	-16.4721	-5.4536	-0.315122	-14.6838	-0.439221	-0.278027	-0.351732	-1.51199	-0.753084	1.3995	-0.519001	-0.726385	4.16508	1461.72	2931.49	1031.55	1575.49	2051.09	1091.35	296.73	1924.81	-478.489	-31.2057	2.52637e-15	55.0253	-128.662	338.071	56.8033	162.757	622.461	-118.965
304	0	-4.59285	-2.53094	10.3794	27.357	-8.16911	-1.03373	22.088	-0.927873	-26.1639	-1.7773	-8.39361	24.0467	19.0815	-19.2209	22.5984	15.8572	-12.9122	-57.1808	15.6118	-0.661264	6.97064	4.1792	-2.64468	-14.9267	-3.83461	-0.721585	-13.2419	-0.521168	-0.182653	-0.487332	-1.49733	-0.774462	1.62519	-0.834496	-0.667627	4.07205	1207.07	2584.14	1129.06	1241.18	1845.78	849.548	120.811	1651.02	-263.885	-50.3923	1.01055e-14	37.5288	-197.957	356.37	45.0222	318.446	626.271	-77.9937
305	0	-10.9301	-3.04595	12.0438	19.9794	-6.38076	-3.60834	17.5505	0.132705	-24.1573	-9.70838	-10.4224	29.1218	13.9891	-13.5924	17.9581	11.2263	-12.9383	-58.5258	12.9764	-0.150151	6.62494	2.89203	-2.2904	-12.672	-1.9703	-0.924766	-11.1672	-0.536989	-0.00931892	-0.539278	-1.29637	-0.618164	1.77816	-0.950749	-0.408041	3.78075	942.914	2124.4	1082.58	826.793	1555.1	578.774	-109.34	1299.2	-83.4666	-64.3285	3.78956e-15	9.21243	-239.384	301.414	25.4567	409.682	451.063	-32.4075
306	0	-16.7098	-3.14657	12.3665	12.5314	-5.10637	-5.86438	13.1206	1.3543	-21.5692	-17.2437	-11.3712	31.3298	9.24907	-8.02333	14.1609	6.74106	-12.7938	-59.7552	9.97013	0.072027	5.57987	1.88669	-1.78585	-9.81254	-0.231263	-0.863092	-8.49361	-0.481841	0.126508	-0.536098	-0.986065	-0.383928	1.8022	-0.836122	-0.0819952	3.36136	700.156	1590.61	890.034	399.487	1185.9	321.573	-338.663	916.778	23.8451	-69.3767	4.42115e-15	-14.2266	-253.993	227.238	10.6593	387.61	203.682	-8.71437
307	0	-21.741	-3.07195	12.1273	5.38231	-4.55274	-7.99224	8.99089	2.63475	-18.817	-23.4231	-11.44	31.4858	4.90232	-2.83987	11.0281	2.58601	-12.5114	-60.8325	6.86556	0.108646	4.01365	1.16593	-1.26404	-6.62982	1.01241	-0.607183	-5.48667	-0.369785	0.161006	-0.503267	-0.640588	-0.158519	1.66224	-0.544731	0.208726	2.84535	487.825	1046.16	609.163	42.5233	778.821	121.427	-506.247	547.844	52.8412	-62.4771	1.5474e-14	-24.1157	-249.144	178.513	3.38858	266.575	-18.6372	-5.28835
308	0	-26.0951	-3.03448	12.0069	-1.07216	-4.64491	-10.1778	5.34017	3.8835	-16.3076	-27.9146	-11.0117	30.5058	1.02513	1.65316	8.36064	-1.07222	-12.1494	-61.7347	4.02936	0.0731615	2.30931	0.723542	-0.812446	-3.60308	1.6106	-0.292603	-2.65057	-0.230133	0.125015	-0.455018	-0.331732	0.028919	1.39246	-0.175661	0.433244	2.2768	309.278	568.413	326.708	-186.957	410.202	3.89252	-586.733	240.106	31.5834	-43.9083	5.68434e-15	-23.4699	-241.13	158.531	-1.63821	106.95	-187.564	-11.2871
309	0	-29.9595	-3.14822	12.3718	-6.51175	-5.10747	-12.517	2.30452	5.0392	-14.3413	-30.9452	-10.4029	29.0753	-2.26563	5.23052	6.02716	-4.1107	-11.7815	-62.4526	1.85254	0.0153653	0.885122	0.514202	-0.478375	-1.26735	1.69858	-0.0276068	-0.534536	-0.0905528	0.070344	-0.395884	-0.0997691	0.173346	1.05834	0.179858	0.5838	1.70354	174.899	223.56	114.473	-288.689	151.219	-37.7025	-597.083	33.9538	0.161957	-18.5607	3.78956e-15	-18.402	-237.479	150.284	-7.25661	-39.7232	-308.435	-20.4021
310	0	-33.5387	-3.43245	13.279	-10.7436	-5.63105	-14.9834	-0.041727	6.07201	-13.0703	-32.9616	-9.79967	27.6152	-4.84287	7.78174	3.98023	-6.46631	-11.4816	-62.9864	0.54277	-0.0504492	-0.0223721	0.421967	-0.273929	0.0884663	1.52326	0.141095	0.587257	0.0294574	0.0300876	-0.329009	0.0416448	0.27388	0.720927	0.450858	0.654766	1.16557	91.2728	31.1484	-4.69193	-312.063	18.2076	-36.7346	-555.311	-68.7067	-18.1632	6.09447	2.52637e-15	-13.8258	-235.576	136.777	-13.2225	-142.42	-387.765	-30.5797
311	0	-37.0087	-3.84433	14.5809	-13.7025	-6.0003	-17.452	-1.6926	6.97489	-12.5037	-34.3939	-9.28966	26.3473	-6.61763	9.31429	2.23356	-8.14055	-11.3046	-63.341	-0.00981408	-0.102003	-0.435745	0.326146	-0.167878	0.583857	1.24004	0.207725	0.850614	0.115785	0.0178641	-0.258573	0.0985071	0.332999	0.42695	0.594948	0.65016	0.696544	49.0406	-42.0696	-50.5932	-307.201	-23.7325	-25.3286	-462.452	-102.397	-22.6202	23.7519	2.52637e-15	-12.7734	-228.152	108.06	-18.9255	-188.841	-429.031	-41.0586
312	0	-40.4696	-4.30868	16.0296	-15.4363	-6.13481	-19.7567	-2.70741	7.75121	-12.5316	-35.5532	-8.90201	25.3633	-7.57994	9.9341	0.825679	-9.19522	-11.2732	-63.5269	-0.118771	-0.115313	-0.517542	0.1891	-0.106317	0.578119	0.890364	0.188001	0.626556	0.15755	0.0352507	-0.188913	0.0927846	0.358097	0.206515	0.606197	0.588613	0.326408	27.6328	-49.46	-54.7111	-286.053	-20.1945	-16.4314	-328.954	-101.494	-19.5138	31.0431	6.31594e-15	-16.1775	-207.677	61.9696	-23.9266	-184.323	-437.22	-50.1516
313	0	-43.881	-4.73875	17.352	-16.0938	-6.065	-21.7483	-3.20124	8.40624	-12.9538	-36.598	-8.63523	24.6761	-7.81278	9.81841	-0.210016	-9.74231	-11.3726	-63.565	-0.0856347	-0.0903283	-0.431454	0.0467957	-0.05069	0.40381	0.484944	0.113846	0.262553	0.149712	0.0762331	-0.122591	0.0565667	0.359911	0.0700058	0.512835	0.495561	0.0734628	9.14525	-33.3619	-41.4252	-235.512	-3.80248	-9.40488	-184.167	-81.7559	-12.092	27.4823	-2.52637e-15	-23.0907	-169.062	2.75658	-27.5407	-148.529	-420.622	-55.1582
314	0	-47.0123	-5.0543	18.3098	-15.9078	-5.8807	-23.3294	-3.32827	8.94552	-13.5128	-37.5356	-8.47393	24.2566	-7.47609	9.18806	-0.860981	-9.92823	-11.5568	-63.4907	-0.0800863	-0.0506583	-0.288399	-0.053187	0.00705331	0.245115	0.0632482	0.0236376	-0.0377066	0.0977301	0.128973	-0.0608049	0.0208718	0.349405	0.0081641	0.363277	0.395072	-0.0668043	-14.0152	-16.1767	-24.8299	-148.652	8.35061	-1.07722	-61.6308	-48.3659	-1.28853	15.2227	-0	-31.2414	-112.561	-60.8519	-28.8983	-105.995	-389.305	-54.0955
315	0	-49.4699	-5.19868	18.7444	-15.1638	-5.67974	-24.4576	-3.25769	9.37843	-13.9394	-38.2549	-8.39713	24.0559	-6.77153	8.2779	-1.13903	-9.91176	-11.7637	-63.3508	-0.0877051	-0.00341178	-0.100627	-0.0987181	0.0535454	0.0817218	-0.292786	-0.0503303	-0.280113	0.0199486	0.177679	-0.00476992	0.0053825	0.333647	-0.0029116	0.207182	0.30253	-0.120412	-33.9115	-1.26319e-15	-4.96402	-46.2543	18.9781	7.1427	22.0363	-2.62989	11.1421	-1.31849	-0	-37.8109	-45.4076	-117.851	-27.4993	-75.0372	-351.378	-47.1782
316	0	-50.833	-5.1452	18.5837	-14.1565	-5.53348	-25.1294	-3.14607	9.72088	-14.0054	-38.5944	-8.3807	24.0128	-5.90265	7.30477	-1.07966	-9.83828	-11.9329	-63.1913	-0.20738	0.00341578	-0.0389959	-0.087512	0.099447	0.10079	-0.569513	-0.0888202	-0.282439	-0.0575475	0.207162	0.0426674	0.0145879	0.314828	0.00883157	0.0823935	0.224076	-0.122119	-57.522	1.26319e-15	-1.01559	59.6867	14.7085	16.7971	65.0356	39.6168	21.1986	-16.7267	2.52637e-15	-40.4539	19.9859	-158.071	-23.6774	-62.2412	-311.502	-36.671
317	0	-50.8394	-4.88637	17.8014	-13.1414	-5.47631	-25.3629	-3.11285	9.99214	-13.5732	-38.4284	-8.39738	24.0565	-5.04194	6.43778	-0.741544	-9.81649	-12.0184	-63.044	-0.275996	0.0145865	0.00654349	-0.0473597	0.131766	0.106858	-0.68716	-0.0829748	-0.245677	-0.11135	0.208471	0.0780686	0.0424234	0.292025	0.0211029	0.00893663	0.160134	-0.100735	-69.3898	5.05275e-15	3.31856	135.764	18.1314	22.1425	73.0066	85.7422	27.7316	-26.4734	5.05275e-15	-38.1727	71.2922	-175.43	-18.5068	-65.1672	-271.808	-25.4387
318	0	-49.5129	-4.42098	16.3768	-12.2984	-5.51369	-25.1929	-3.22582	10.2074	-12.6236	-37.7357	-8.41933	24.114	-4.31037	5.77905	-0.20595	-9.90488	-11.9943	-62.9169	-0.2793	0.0332096	0.0339442	0.0140948	0.152356	0.0911329	-0.637943	-0.0328691	-0.193273	-0.129406	0.18227	0.0997578	0.0811248	0.264524	0.0219221	-0.00618861	0.109833	-0.0719285	-66.6636	0	6.52795	172.406	28.2085	21.7072	49.4325	131.398	28.6613	-28.3893	-2.52637e-15	-31.6014	101.633	-169.854	-13.2561	-79.9021	-233.891	-15.6239
319	0	-47.1714	-3.76045	14.3171	-11.7162	-5.63509	-24.6837	-3.49962	10.3718	-11.2547	-36.6234	-8.42507	24.129	-3.7703	5.35997	0.42777	-10.1122	-11.8539	-62.7957	-0.225708	0.0502028	0.0520165	0.0987174	0.156901	0.0482015	-0.437998	0.0527519	-0.146198	-0.113114	0.137344	0.108839	0.124752	0.232488	0.00839077	0.032704	0.0717734	-0.0445618	-51.1188	-1.26319e-15	6.93731	175.47	37.8095	16.1534	-9.59802	171.463	23.7856	-23.0009	3.78956e-15	-22.541	111.094	-146.362	-8.8369	-103.883	-198.899	-8.20485
320	0	-44.3231	-2.95148	11.74	-11.4006	-5.82058	-23.9458	-3.90466	10.4793	-9.65183	-35.2973	-8.4076	24.0833	-3.42973	5.15271	1.05431	-10.4092	-11.6071	-62.6525	-0.138533	0.0516567	0.0714493	0.206083	0.140647	-0.0197245	-0.130939	0.157903	-0.115063	-0.0736523	0.0859766	0.107766	0.167282	0.196346	-0.0156392	0.108599	0.0431022	-0.0232124	-27.7876	1.89478e-15	3.59895	158.816	39.0034	7.51378	-103.894	200.393	14.2595	-12.8306	-3.15797e-15	-13.1149	104.383	-112.422	-5.61281	-133.459	-166.729	-3.24853
321	0	-41.5011	-2.08752	8.93129	-11.2981	-6.04057	-23.1359	-4.38334	10.5187	-8.03864	-33.9991	-8.37727	24.0039	-3.25477	5.09134	1.58059	-10.747	-11.2764	-62.4586	-0.0459905	0.0322762	0.0956163	0.324609	0.10773	-0.0995469	0.215009	0.265003	-0.100346	-0.0261918	0.0384337	0.0987253	0.20129	0.155383	-0.0426857	0.195997	0.0172167	-0.0127599	-2.93737	1.10529e-15	-2.88156	135.963	29.6228	-1.76378	-219.237	216.188	2.38185	-1.24776	-3.15797e-16	-4.93608	87.708	-74.9293	-3.45348	-162.356	-134.786	-0.239308
322	0	-39.1221	-1.29113	6.30121	-11.3258	-6.25586	-22.428	-4.86827	10.4805	-6.62596	-32.9398	-8.35625	23.9487	-3.18653	5.09591	1.94391	-11.0748	-10.893	-62.1948	0.0300396	-0.000262303	0.11819	0.428354	0.0707325	-0.170647	0.519514	0.357568	-0.0925164	0.0155566	0.000100407	0.0830832	0.218663	0.107833	-0.0650488	0.266309	-0.014977	-0.0169883	17.9832	0	-10.5682	113.716	14.231	-9.73971	-326.403	220.075	-9.04044	8.6434	-3.75009e-16	1.25543	66.5683	-38.6346	-1.93957	-182.172	-98.7596	1.58327
323	0	-37.4306	-0.67902	4.26002	-11.3958	-6.42408	-21.9687	-5.29809	10.3632	-5.57119	-32.2553	-8.3673	23.9777	-3.15875	5.0931	2.12304	-11.3519	-10.4923	-61.8559	0.0798827	-0.0330265	0.129753	0.488015	0.0408353	-0.215956	0.716679	0.420294	-0.0837507	0.0423411	-0.0281158	0.0624726	0.214717	0.0531314	-0.076988	0.298415	-0.0600951	-0.0380724	31.6501	-1.26319e-15	-17.373	92.4288	-0.805173	-15.5122	-394.548	213.015	-17.8609	14.7076	-0	5.46654	45.4728	-6.3362	-0.564634	-186.547	-55.6316	3.00383
324	0	-36.518	-0.332275	3.09834	-11.433	-6.51165	-21.8393	-5.6287	10.1766	-4.95627	-31.9899	-8.4233	24.1244	-3.1131	5.03024	2.13792	-11.5548	-10.1099	-61.4505	0.103134	-0.0564138	0.124954	0.486488	0.0218919	-0.227582	0.774998	0.441108	-0.0709201	0.0503104	-0.0476735	0.0395247	0.191295	-0.00666048	-0.0763052	0.286106	-0.120795	-0.0714281	37.046	1.26319e-15	-21.9088	70.765	-11.5308	-18.9672	-406.114	194.714	-23.1526	16.0648	3.15797e-16	8.11043	28.1357	20.3818	1.11052	-174.616	-5.52376	4.68191
325	0	-36.3673	-0.282309	2.9307	-11.3846	-6.50456	-22.0431	-5.83837	9.9403	-4.78498	-32.1032	-8.52219	24.3824	-3.00912	4.88082	2.03916	-11.6771	-9.77769	-60.9974	0.102889	-0.066682	0.10417	0.424874	0.0132147	-0.205709	0.699433	0.416933	-0.0521387	0.0403598	-0.0602658	0.0178918	0.155962	-0.0659953	-0.0639476	0.236803	-0.19221	-0.110058	34.894	5.05275e-15	-23.5999	49.0458	-16.801	-20.196	-361.439	166.028	-24.8605	13.0219	-6.31594e-16	9.68747	17.3039	40.3864	3.34054	-150.908	47.0926	7.00167
326	0	-36.8848	-0.51127	3.69841	-11.2246	-6.41217	-22.516	-5.92749	9.68102	-4.99472	-32.4905	-8.64807	24.7094	-2.82823	4.64303	1.89169	-11.7258	-9.5203	-60.5204	0.0823659	-0.0639137	0.0728261	0.321565	0.0135043	-0.156083	0.524589	0.355026	-0.026351	0.0172038	-0.0671768	0.00118232	0.119387	-0.11755	-0.0439648	0.169483	-0.265354	-0.142625	26.8426	1.26319e-15	-22.4353	30.3583	-16.8807	-19.1671	-276.479	131.188	-23.2355	6.81923	1.89478e-15	10.6344	14.2742	53.0112	6.13022	-123.74	95.437	9.98856
327	0	-37.9155	-0.96227	5.20631	-10.9534	-6.26219	-23.1511	-5.91464	9.4266	-5.47723	-33.011	-8.77658	25.0412	-2.57155	4.33324	1.75924	-11.7161	-9.35266	-60.0447	0.0456004	-0.0506459	0.038505	0.2026	0.0217374	-0.0893293	0.299596	0.271215	0.00581651	-0.012108	-0.0693775	-0.00813647	0.0908152	-0.154246	-0.021632	0.10491	-0.327859	-0.160021	14.9396	0	-18.8218	18.45	-12.6887	-15.86	-174.302	96.8037	-18.6676	-0.782577	-6.31594e-16	11.2556	18.4251	58.197	9.2105	-101.104	132.358	13.2844
328	0	-39.2505	-1.5543	7.174	-10.5938	-6.09006	-23.8271	-5.83034	9.20082	-6.10223	-33.5212	-8.88155	25.3109	-2.25413	3.97777	1.69201	-11.666	-9.27875	-59.5938	-0.000780033	-0.0309766	0.0091129	0.0943999	0.0350054	-0.0196629	0.0773908	0.183269	0.0396931	-0.0401387	-0.06781	-0.00956188	0.0756819	-0.17131	-0.0023176	0.0603367	-0.367441	-0.157753	1.43433	1.26319e-15	-13.4476	15.7765	-5.83714	-10.5244	-78.611	68.8815	-11.8475	-7.99028	-1.26319e-15	11.6951	27.5221	56.6302	12.0991	-88.362	152.501	16.2779
329	0	-40.6437	-2.19823	9.29405	-10.1822	-5.92773	-24.4336	-5.70986	9.01874	-6.74097	-33.9055	-8.94119	25.4636	-1.89772	3.60482	1.71979	-11.5922	-9.29179	-59.1893	-0.0472973	-0.0101555	-0.0103104	0.0139635	0.0479205	0.0384708	-0.100431	0.104983	0.0672625	-0.0612097	-0.0634413	-0.00440811	0.07482	-0.167903	0.0109189	0.0440854	-0.375914	-0.135073	-11.3618	0	-7.20623	21.2314	1.3589	-3.90981	-5.88538	49.5209	-3.96416	-13.443	-0	11.9349	38.6349	49.714	14.2592	-86.9639	153.965	18.3508
330	0	-41.8445	-2.81084	11.2865	-9.75882	-5.79615	-24.8875	-5.5864	8.88429	-7.28469	-34.0986	-8.9422	25.4661	-1.52446	3.23872	1.84982	-11.5074	-9.37612	-58.8497	-0.0845211	0.00724233	-0.0190192	-0.0331948	0.0547389	0.0763009	-0.210848	0.0441072	0.0836824	-0.0728628	-0.0569407	0.00501629	0.085945	-0.146503	0.0176549	0.0554827	-0.349622	-0.097703	-21.4704	-1.57898e-16	-1.03181	30.7867	6.71481	2.82312	37.05	37.1399	3.49827	-16.512	1.26319e-15	11.8146	49.317	39.1221	15.279	-95.3632	137.865	19.1022
331	0	-42.6411	-3.32502	12.9369	-9.35795	-5.70325	-25.1401	-5.48515	8.79118	-7.65664	-34.0896	-8.8818	25.3116	-1.15272	2.89668	2.06844	-11.4189	-9.5111	-58.5902	-0.106622	0.018832	-0.0195454	-0.0498121	0.052524	0.0924696	-0.249667	0.00357925	0.0877837	-0.0758717	-0.0485737	0.0160621	0.104581	-0.112236	0.0197451	0.0865302	-0.291498	-0.0525104	-27.7147	-6.31594e-16	4.24227	40.0119	9.08676	8.45658	51.203	29.1216	9.23111	-17.3322	-0	11.1118	58.0821	26.5514	15.0006	-109.924	108.112	18.4511
332	0	-42.8997	-3.6953	14.1117	-9.00146	-5.6462	-25.1756	-5.41955	8.72582	-7.81657	-33.9106	-8.76757	25.018	-0.79542	2.58811	2.34579	-11.3287	-9.67518	-58.4212	-0.113186	0.024329	-0.0157194	-0.0426371	0.0421983	0.0921725	-0.228024	-0.0159973	0.0848244	-0.073378	-0.0383478	0.026483	0.125394	-0.0717711	0.0204431	0.124369	-0.210129	-0.00893921	-29.969	1.26319e-15	7.96643	46.2437	8.507	12.1169	42.2394	23.8942	12.4768	-16.63	-0	9.64568	64.4979	13.5368	13.5461	-126.078	70.4057	16.6168
333	0	-42.5818	-3.89913	14.753	-8.69708	-5.61562	-25.0052	-5.38975	8.6725	-7.7583	-33.6135	-8.61523	24.6242	-0.46054	2.31579	2.64277	-11.2338	-9.8504	-58.3461	-0.108087	0.0245504	-0.0102488	-0.0184408	0.0268229	0.0825801	-0.16486	-0.0168609	0.0806415	-0.0693261	-0.0262554	0.0344561	0.142981	-0.0313749	0.0231943	0.156104	-0.117825	0.0269874	-28.9947	3.78956e-15	9.77409	49.376	5.62679	13.5018	16.8663	20.9868	13.1112	-15.3998	2.52637e-15	7.35582	68.7194	1.25934	11.2358	-139.396	30.7964	13.9869
334	0	-41.7335	-3.9355	14.867	-8.44059	-5.5998	-24.6584	-5.38364	8.61794	-7.50219	-33.2446	-8.44478	24.1805	-0.152715	2.07793	2.91947	-11.1273	-10.0252	-58.3599	-0.0970239	0.02053	-0.00460635	0.0158896	0.00999624	0.0704753	-0.0817164	-0.0032747	0.0801857	-0.0672906	-0.0129655	0.038948	0.153174	0.00298742	0.0305851	0.171137	-0.0296815	0.052476	-26.0143	1.26319e-15	9.66412	50.6615	1.3306	12.8466	-17.8869	20.2392	11.5363	-14.5902	-0	4.38469	71.2516	-9.18745	8.51553	-146.555	-4.53595	11.0389
335	0	-40.4542	-3.82147	14.5091	-8.22027	-5.58774	-24.1736	-5.38041	8.55448	-7.08579	-32.8257	-8.2762	23.7384	0.124706	1.87036	3.14247	-11.0006	-10.1952	-58.4481	-0.0850542	0.0137262	0.000806047	0.054183	-0.00508827	0.0606498	0.00218095	0.0190415	0.0856403	-0.0693035	0.00056467	0.0395746	0.153617	0.027692	0.0437201	0.164375	0.0416508	0.0690135	-22.2286	2.52637e-15	8.03755	51.5558	-3.3082	10.748	-55.4879	21.4985	8.51081	-14.8127	9.4739e-16	1.02089	72.4969	-17.1488	5.80745	-145.895	-31.2858	8.18218
336	0	-38.8591	-3.58679	13.7687	-8.0218	-5.57107	-23.5902	-5.35537	8.48084	-6.55462	-32.3451	-8.12545	23.3404	0.368312	1.68839	3.29057	-10.8455	-10.3623	-58.587	-0.0750116	0.00609413	0.0057452	0.0901671	-0.0157035	0.0550886	0.0715774	0.0444559	0.0962812	-0.0757085	0.0128111	0.0368203	0.144939	0.0406356	0.0620637	0.137575	0.0868395	0.0809912	-18.4597	-6.31594e-16	5.57202	52.5648	-7.03512	7.92867	-89.5943	24.5432	4.94843	-16.214	3.94746e-16	-2.31266	72.8353	-22.1184	3.47358	-138.19	-46.7782	5.74583
337	0	-37.0507	-3.26685	12.7513	-7.83193	-5.54493	-22.9418	-5.28516	8.40087	-5.95512	-31.7591	-8.00225	23.0132	0.574206	1.52799	3.35686	-10.656	-10.5318	-58.7462	-0.0670729	0.000124139	0.0102533	0.119936	-0.0198767	0.0527954	0.120208	0.0685269	0.106729	-0.0847751	0.0224113	0.0316125	0.129673	0.0423534	0.0830237	0.0985609	0.102584	0.0937327	-15.0017	9.4739e-16	3.0372	53.4296	-8.5831	5.07114	-116.107	29.538	1.73098	-18.4051	3.63166e-15	-5.19052	72.1937	-24.0406	1.70726	-125.746	-50.9548	3.87358
338	0	-35.1077	-2.89643	11.5627	-7.64046	-5.50775	-22.2547	-5.15211	8.31994	-5.33142	-31.0037	-7.90934	22.7653	0.738724	1.38611	3.3482	-10.4299	-10.7092	-58.8932	-0.059119	-0.00222975	0.0142139	0.140753	-0.0166833	0.0507624	0.147143	0.0892045	0.111811	-0.0933515	0.0281572	0.0251279	0.111724	0.0348515	0.102494	0.0579798	0.0910281	0.109007	-11.6543	1.57898e-16	1.03774	52.9464	-7.11739	2.66532	-132.372	36.626	-0.49823	-20.5831	6.31594e-16	-7.25701	70.1312	-23.0738	0.529277	-111.646	-45.6021	2.53969
339	0	-33.0888	-2.5057	10.2973	-7.4401	-5.46049	-21.5492	-4.9467	8.24165	-4.72429	-30.0114	-7.84297	22.5876	0.86011	1.26026	3.28217	-10.1693	-10.8975	-58.9974	-0.0478759	-0.000131232	0.0177662	0.152563	-0.0066761	0.0439122	0.15899	0.106205	0.102823	-0.0972283	0.0297305	0.0183157	0.0941221	0.0221697	0.115331	0.025812	0.0591497	0.126926	-7.918	8.68441e-16	-0.122763	49.7684	-2.55531	0.959772	-138.641	45.8265	-1.4497	-21.6907	-1.57898e-15	-8.37247	65.572	-19.8674	-0.271482	-98.0529	-34.4385	1.49736
340	0	-31.0445	-2.11949	9.0361	-7.22495	-5.40509	-20.8436	-4.66835	8.16436	-4.1728	-28.7297	-7.79423	22.4568	0.940586	1.1473	3.18372	-9.87988	-11.0951	-59.0348	-0.0300682	0.00558671	0.0207457	0.15589	0.00827405	0.0271552	0.16356	0.120127	0.0716844	-0.0919085	0.0274357	0.0120083	0.0793299	0.00886678	0.115426	0.0102413	0.0169836	0.140437	-3.25064	-2.76322e-16	-0.503583	42.4467	4.33795	-0.0635439	-136.165	56.4359	-1.21619	-20.653	-3.78956e-15	-8.63061	57.3058	-15.2646	-1.07011	-86.3995	-21.9768	0.361214
341	0	-29.0296	-1.75876	7.84967	-6.98775	-5.34258	-20.1577	-4.32404	8.079	-3.71598	-27.1397	-7.75126	22.3413	0.988362	1.042	3.08169	-9.56989	-11.295	-58.9906	-0.00381467	0.0127983	0.0224816	0.150987	0.0254752	-0.00309054	0.167454	0.131241	0.0124524	-0.0736065	0.0228756	0.00654171	0.0675536	0.000191714	0.0975611	0.0148082	-0.0237369	0.141182	2.63457	-7.89492e-17	-0.446145	29.8263	12.2046	-0.634227	-126.385	66.9934	-0.181499	-16.6482	2.52637e-15	-8.41815	44.0659	-10.5011	-2.36743	-76.3494	-13.3355	-1.35514
342	0	-27.1089	-1.44248	6.80356	-6.71708	-5.27139	-19.5125	-3.92645	7.96867	-3.39296	-25.2689	-7.70234	22.2096	1.01922	0.935631	3.00703	-9.24808	-11.4853	-58.8602	0.0304541	0.0187022	0.0214614	0.136446	0.0419375	-0.0476083	0.171905	0.138657	-0.077734	-0.0402893	0.0184595	0.00214275	0.0583551	0.000619518	0.0578741	0.0394216	-0.0521958	0.117588	9.55189	-4.14483e-16	-0.441134	11.1325	19.4424	-1.12146	-109.464	75.2565	1.10449	-9.35996	-6.31594e-16	-8.29327	25.3256	-6.8635	-4.62162	-67.1196	-12.9982	-4.06769
343	0	-25.3558	-1.18818	5.95893	-6.39485	-5.18624	-18.9246	-3.49121	7.80999	-3.24078	-23.1967	-7.64007	22.0415	1.05722	0.815116	2.99157	-8.92175	-11.6507	-58.6497	0.0693426	0.0208645	0.0154355	0.109251	0.0550201	-0.102654	0.172153	0.140122	-0.194418	0.00673359	0.0175238	-0.00157816	0.0499076	0.0136896	-0.00303979	0.0788399	-0.0592321	0.0607906	16.7295	1.18424e-16	-0.948053	-13.7734	24.6453	-1.91275	-84.055	78.6107	2.09443	0.750401	6.31594e-16	-8.88315	1.44298	-5.68463	-8.1196	-57.1522	-24.5306	-7.99499
344	0	-23.8405	-1.01028	5.36644	-5.99488	-5.07847	-18.3973	-3.03433	7.57657	-3.28954	-21.0458	-7.56553	21.8397	1.13444	0.662577	3.06799	-8.59467	-11.7755	-58.3741	0.106603	0.017778	0.00150989	0.0644649	0.0628252	-0.159121	0.156922	0.131585	-0.325397	0.0618099	0.0229698	-0.00566954	0.0399464	0.0400342	-0.0785691	0.124125	-0.041483	-0.0303846	22.8746	1.10529e-15	-2.2699	-44.5041	26.813	-3.30786	-47.0478	74.1325	2.37613	12.3025	3.15797e-15	-10.6308	-26.0638	-7.71903	-12.7892	-44.9835	-48.7233	-12.9666
345	0	-22.6114	-0.916208	5.05261	-5.48289	-4.93783	-17.9084	-2.56988	7.24347	-3.55551	-18.9596	-7.49064	21.6364	1.28939	0.455381	3.26981	-8.26521	-11.8467	-58.0545	0.133993	0.00927068	-0.0225212	-0.00125552	0.0640245	-0.203683	0.114142	0.10893	-0.448068	0.114714	0.0362825	-0.0123591	0.0251765	0.0770115	-0.154695	0.162786	-0.000434285	-0.147044	26.4149	-6.31594e-16	-4.45542	-79.5297	25.3703	-5.39425	3.67841	59.4285	1.77281	23.0475	-0	-13.6265	-54.95	-12.8869	-18.1434	-28.8158	-83.4675	-18.361
346	0	-21.6724	-0.901815	5.00457	-4.8181	-4.75556	-17.403	-2.10804	6.79323	-4.03387	-17.0663	-7.43686	21.49	1.56447	0.166528	3.63163	-7.92499	-11.8576	-57.7159	0.142767	-0.00390916	-0.0574511	-0.0879861	0.0576612	-0.219416	0.0350711	0.068699	-0.531355	0.152296	0.0562521	-0.0245559	0.00183428	0.117867	-0.210979	0.181047	0.0554866	-0.267997	25.8775	-9.4739e-16	-7.28893	-116.169	20.0479	-7.98121	67.653	32.9475	0.415867	30.2618	-0	-17.472	-82.6599	-19.8848	-23.2896	-6.89227	-122.955	-23.1253
347	0	-20.9616	-0.947825	5.15812	-3.95624	-4.52767	-16.7915	-1.65295	6.2219	-4.6932	-15.4392	-7.42933	21.4695	2.0024	-0.2346	4.18929	-7.55785	-11.8111	-57.3833	0.125665	-0.0202945	-0.101578	-0.189194	0.0429229	-0.18931	-0.078595	0.0106289	-0.537355	0.161416	0.078896	-0.0450619	-0.033019	0.153106	-0.224381	0.168147	0.113294	-0.361567	20.3275	6.31594e-16	-10.2768	-150.307	10.9679	-10.5576	139.112	-4.82246	-1.18915	31.4187	-0	-21.3098	-106.749	-26.3826	-27.0514	21.469	-158.936	-25.9443
348	0	-20.3393	-1.01904	5.39561	-2.8532	-4.25744	-15.9587	-1.19995	5.54422	-5.47461	-14.0613	-7.4878	21.6287	2.64244	-0.781424	4.97921	-7.13904	-11.7223	-57.0792	0.0787972	-0.0376869	-0.150442	-0.290626	0.0193726	-0.0991988	-0.2093	-0.0607354	-0.427759	0.132535	0.0988676	-0.0748607	-0.0793316	0.172876	-0.173189	0.12155	0.158335	-0.38787	9.71296	-6.31594e-16	-12.6858	-176.689	-0.964207	-12.365	205.968	-50.3471	-2.20364	24.9786	-0	-24.0135	-124.983	-29.7391	-28.1905	54.0592	-182.904	-25.5607
349	0	-19.594	-1.06747	5.55703	-1.46864	-3.95583	-14.7827	-0.733027	4.79684	-6.29747	-12.8071	-7.61679	21.9785	3.51698	-1.50904	6.03681	-6.63544	-11.62	-56.8207	-0.183152	-0.0345531	-0.349326	-0.450298	0.0243594	0.283995	-0.415651	-0.135674	0.0521981	0.0627982	0.111161	-0.112419	-0.133962	0.169198	-0.0428095	0.0489084	0.178158	-0.306456	-3.9369	-17.8427	-30.907	-224.97	-20.762	-22.9411	321.105	-112.441	-10.2286	11.0025	1.26319e-15	-24.4295	-135.844	-27.702	-25.6697	85.4869	-188.375	-21.1715
350	0	-18.4727	-1.03982	5.46489	0.231102	-3.63969	-13.1685	-0.222292	4.03786	-7.07116	-11.4481	-7.7976	22.4659	4.64929	-2.45287	7.39386	-6.0061	-11.5455	-56.6171	-0.474325	-0.0360554	-0.475746	-0.516721	0.00726684	0.718723	-0.49584	-0.197747	0.684085	-0.0422019	0.112646	-0.153538	-0.191569	0.1385	0.170482	-0.0312025	0.167418	-0.0813295	-25.8885	-45.3191	-45.1885	-229.224	-53.5203	-27.3075	339.643	-172.855	-13.4366	-8.6543	3.78956e-15	-21.6893	-139.064	-19.2543	-19.0369	107.719	-173.437	-12.8714
351	0	-16.732	-0.88921	4.96249	2.27071	-3.32776	-11.0909	0.376776	3.34144	-7.71151	-9.69019	-7.9843	22.9653	6.05301	-3.64703	9.07443	-5.20391	-11.5497	-56.4673	-0.766713	-0.0320519	-0.501702	-0.46299	-0.0249338	1.17571	-0.395086	-0.23579	1.43663	-0.169387	0.101571	-0.192604	-0.248162	0.08079	0.457823	-0.0942737	0.128	0.314278	-51.8597	-79.2605	-51.7428	-185.121	-90.9006	-24.7309	241.159	-220.786	-10.2019	-30.7516	-4.42115e-15	-15.453	-136.271	-4.4394	-8.73338	112.849	-140.228	-1.91494
352	0	-14.1941	-0.59177	3.96802	4.66321	-3.03514	-8.64485	1.12055	2.78684	-8.15755	-7.24083	-8.10506	23.2863	7.73307	-5.12209	11.0892	-4.17924	-11.6865	-56.3584	-0.822378	-0.0345264	-0.247834	-0.176904	-0.0928776	1.38481	0.00411876	-0.25226	2.00842	-0.301682	0.0761736	-0.224055	-0.303811	-0.00201398	0.799041	-0.115185	0.0675556	0.890493	-67.2469	-93.2011	-28.3756	-59.8274	-111.082	-2.88973	-47.916	-233.815	9.02344	-51.524	9.4739e-16	-6.0846	-130.766	16.1883	3.81497	95.3771	-93.1577	9.32028
353	0	-10.7831	-0.163669	2.53244	7.40727	-2.76654	-6.07555	2.07059	2.44319	-8.38481	-3.89293	-8.06994	23.1931	9.68779	-6.90208	13.43	-2.88486	-12.0033	-56.265	-0.178155	-0.0847977	0.504245	0.497845	-0.217168	0.873003	0.772191	-0.266451	1.85395	-0.42148	0.0336316	-0.241863	-0.36005	-0.107349	1.16435	-0.0691868	-0.00285007	1.63862	-30.8716	-25.5522	56.3065	173.573	-62.4503	60.4285	-577.708	-169.899	56.9144	-67.4942	-8.84231e-15	5.41582	-125.57	42.0709	16.5694	51.1712	-37.1623	17.7316
354	0	-6.52682	0.330769	0.870395	10.4859	-2.51096	-3.75186	3.28197	2.35197	-8.41221	0.399041	-7.78855	22.4416	11.9105	-9.00057	16.064	-1.28375	-12.5288	-56.1529	1.79662	-0.254669	1.81194	1.68509	-0.394144	-0.9246	1.79217	-0.299233	0.309718	-0.512514	-0.0265958	-0.239861	-0.418832	-0.229954	1.51746	0.0627361	-0.0698953	2.52241	125.091	222.134	219.813	498.716	137.229	193.641	-1286.18	43.244	138.313	-75.9475	3.15797e-15	17.5131	-122.366	72.0007	27.4494	-20.9601	22.1838	20.2102
355	0	-1.54093	0.79223	-0.682241	13.8685	-2.24258	-2.0626	4.78955	2.51195	-8.29969	5.48423	-7.19802	20.8361	14.3892	-11.416	18.9305	0.642769	-13.2607	-55.9853	5.51744	-0.580027	3.22668	3.25873	-0.581517	-4.28696	2.59341	-0.344345	-2.94922	-0.560857	-0.0969404	-0.212452	-0.479566	-0.358183	1.8187	0.28971	-0.118393	3.4747	447.279	741.089	419.061	808.518	559.807	405.265	-1882.93	485.128	222.149	-75.1996	-1.38951e-14	28.2185	-120.782	102.719	34.8313	-117.672	77.2946	14.703
356	0	3.97658	1.11987	-1.78414	17.5126	-1.93136	-1.27946	6.594	2.87164	-8.13536	11.0468	-6.2932	18.305	17.1036	-14.1272	21.941	2.88571	-14.1574	-55.7351	10.6739	-0.960542	3.729	4.6648	-0.728567	-8.87992	2.37624	-0.360217	-7.45374	-0.558266	-0.159434	-0.157827	-0.539507	-0.473356	2.03224	0.601081	-0.135017	4.40189	883.47	1519.68	518.716	922.965	1194.17	638.045	-1865.89	1161.1	213.87	-65.0796	-3.78956e-15	35.2851	-118.81	128.531	37.7641	-227.79	119.629	1.38817
357	0	9.74067	1.25053	-2.22321	21.3606	-1.55829	-1.46364	8.65168	3.33348	-8.01098	16.6945	-5.13894	14.9601	20.0177	-17.0901	24.9851	5.40085	-15.1365	-55.3999	16.441	-1.21691	2.50999	5.38313	-0.817087	-14.1521	0.560602	-0.311673	-12.3752	-0.507233	-0.194125	-0.0809783	-0.593324	-0.557315	2.1326	0.962468	-0.116243	5.19492	1295.81	2424.39	373.054	786.101	1961	796.883	-933.454	1972.76	1.88617	-47.5048	6.31594e-16	37.017	-112.917	143.893	36.1271	-334.186	144.896	-17.0479
358	0	15.3966	1.18405	-1.99984	25.3306	-1.1239	-2.46065	10.8719	3.7719	-7.98938	22.0541	-3.85136	11.096	23.0698	-20.2368	27.9431	8.104	-16.0859	-55.0156	22.1487	-1.33022	-0.218914	5.62095	-0.892783	-19.7637	-2.64157	-0.258653	-17.2521	-0.422795	-0.192593	0.00561581	-0.636329	-0.601837	2.11116	1.31647	-0.0735533	5.75484	1580.49	3327.46	-21.2441	619.401	2790.57	879.266	618.597	2789.27	-418.468	-26.4625	-1.89478e-15	33.2409	-99.5523	147.002	30.6398	-418.088	157.429	-36.6518
359	0	20.5716	0.981898	-1.32023	29.3082	-0.642477	-3.96595	13.1242	4.0628	-8.07543	26.8256	-2.56001	7.10958	26.1642	-23.4771	30.7015	10.8716	-16.8869	-54.6616	27.0334	-1.49396	-3.35143	6.07256	-1.07404	-24.9234	-6.22134	-0.348341	-21.5384	-0.326922	-0.162269	0.0846656	-0.669593	-0.609806	1.97487	1.59026	-0.0324037	6.01556	1721.63	4127.44	-522.638	737.794	3549.85	974.277	2068.95	3449.9	-913.777	-6.83235	5.25012e-15	25.3799	-78.2575	140.385	22.5805	-462.05	168.985	-53.8233
360	0	24.9387	0.739746	-0.505661	33.1455	-0.127441	-5.62051	15.2586	4.11626	-8.20794	30.7935	-1.37567	3.38761	29.1684	-26.7003	33.1665	13.5505	-17.4451	-54.4478	29.9962	-1.85405	-5.2022	7.38304	-1.435	-28.0059	-8.55795	-0.608941	-24.2567	-0.239035	-0.118865	0.14056	-0.698672	-0.586767	1.74132	1.71125	-0.0221587	5.96064	1761.78	4663.08	-898.903	1342.05	3977.65	1165.11	2545.65	3803.29	-1262.5	7.47255	-0	15.6791	-52.616	127.686	13.548	-452.816	191.086	-65.6797
361	0	28.2705	0.550526	0.131017	36.6737	0.416906	-7.09943	17.1341	3.90121	-8.28454	33.8238	-0.376797	0.223594	31.9244	-29.7766	35.2683	15.9806	-17.7177	-54.4796	30.622	-2.36339	-4.58719	9.68504	-1.9471	-27.9905	-8.50752	-0.907518	-25.0157	-0.170208	-0.0764037	0.165707	-0.725673	-0.536137	1.43825	1.63709	-0.0643105	5.62839	1776.89	4823.48	-929.457	2359.82	3869.19	1482.98	1625.26	3831.64	-1267.11	14.7651	6.31594e-15	6.33831	-27.7198	111.028	5.21696	-387.617	227.895	-70.0382
362	0	30.4735	0.477341	0.377269	39.7281	0.984729	-8.16973	18.6502	3.45201	-8.21445	35.8647	0.388798	-2.20352	34.2732	-32.5617	36.9542	18.0272	-17.7235	-54.8106	29.6067	-2.83746	-2.19903	12.1845	-2.44828	-25.7264	-6.74637	-1.11376	-24.4167	-0.123335	-0.0432154	0.162189	-0.746744	-0.462208	1.10417	1.37772	-0.162287	5.10086	1824.18	4678.16	-634.659	3368.44	3345.95	1844.67	-24.8229	3663.98	-966.5	15.5471	5.52644e-16	-0.997243	-7.6776	91.5514	-1.07302	-277.835	274.694	-66.2959
363	0	31.598	0.544879	0.150017	42.1791	1.54534	-8.71019	19.7683	2.85475	-7.97141	36.9487	0.896318	-3.80848	36.0879	-34.9074	38.1781	19.6116	-17.53	-55.4104	28.0175	-3.07502	0.238488	13.8961	-2.68583	-23.0429	-4.93477	-1.16268	-23.3392	-0.0965625	-0.022056	0.138441	-0.75658	-0.374459	0.784265	0.999389	-0.297106	4.48256	1897.35	4389.71	-248.705	3965.5	2770.7	2106.16	-1331.99	3462.64	-612.005	11.5719	-7.89492e-16	-5.54216	4.98642	71.1747	-4.74937	-147.148	320.813	-56.4453
364	0	31.8139	0.744062	-0.520183	43.956	2.02782	-8.70372	20.5131	2.21987	-7.61665	37.1872	1.13807	-4.57094	37.2989	-36.6844	38.8984	20.7245	-17.2252	-56.168	26.6201	-3.0408	1.65071	14.4973	-2.57906	-21.2045	-4.089	-1.10062	-22.3736	-0.0864417	-0.0123512	0.103897	-0.754799	-0.286504	0.518736	0.595178	-0.433167	3.86916	1951.77	4102.34	25.9631	4079.76	2408.74	2196.77	-1802.38	3299.34	-407.335	4.85551	1.34214e-15	-7.33521	8.65231	53.0394	-6.00658	-22.2642	354.861	-44.5809
365	0	31.3604	1.04101	-1.51902	45.0538	2.33135	-8.2184	20.9565	1.65267	-7.27831	36.7537	1.12281	-4.52288	37.9039	-37.808	39.092	21.418	-16.8877	-56.9304	25.5403	-2.86025	1.99252	14.1732	-2.27228	-20.3187	-4.17413	-1.03916	-21.5856	-0.0893216	-0.0112536	0.0659539	-0.744714	-0.210568	0.332427	0.248909	-0.531402	3.32706	1949.14	3879.31	134.509	3845.74	2280.41	2136.39	-1581.38	3140.36	-378.521	-2.88457	1.65793e-15	-7.04704	2.94583	39.9705	-5.56082	76.3021	368.305	-34.6808
366	0	30.4871	1.3862	-2.67884	45.5234	2.35865	-7.38408	21.1915	1.23093	-7.10234	35.856	0.877608	-3.74941	37.9574	-38.2591	38.775	21.7817	-16.5693	-57.5528	24.4243	-2.67262	1.71073	13.1999	-1.9561	-19.7768	-4.62683	-1.0359	-20.6837	-0.101465	-0.0147224	0.0292721	-0.729216	-0.152371	0.230796	0.00839804	-0.562869	2.88527	1876.43	3697.67	120.779	3410.91	2259.39	1972.7	-1044.7	2924.13	-441.484	-10.3826	3.15797e-15	-5.6285	-10.7949	32.7665	-4.29586	139.876	357.401	-28.44
367	0	29.4078	1.72401	-3.81168	45.4494	2.0538	-6.36526	21.3075	0.993707	-7.20096	34.7032	0.447093	-2.38811	37.5483	-38.0879	38.0159	21.9164	-16.2901	-57.9361	22.9041	-2.53842	1.24916	11.8311	-1.73231	-18.9615	-4.9191	-1.0552	-19.4004	-0.118472	-0.0185852	-0.00236686	-0.704566	-0.111533	0.203278	-0.114197	-0.515575	2.53935	1743.56	3499.51	49.5317	2891.39	2217.64	1746.52	-511.16	2632.9	-508.525	-16.7356	-7.50017e-16	-3.98119	-28.7601	30.1092	-2.98398	169.013	322.295	-25.1008
368	0	28.277	2.00315	-4.74547	44.9273	1.42452	-5.33077	21.3741	0.941604	-7.62032	33.4759	-0.114017	-0.609848	36.7748	-37.4005	36.9254	21.9142	-16.0458	-58.0423	20.898	-2.4407	0.863779	10.3067	-1.59954	-17.6285	-4.81793	-1.02791	-17.7145	-0.135818	-0.0201691	-0.025732	-0.66362	-0.0842442	0.229996	-0.131564	-0.39517	2.26637	1572.87	3245.65	-30.9791	2380.56	2096.53	1491.81	-147.257	2300.12	-536.204	-21.3601	-5.21065e-15	-2.67923	-46.1761	29.7169	-2.0739	169.173	266.747	-22.8765
369	0	27.1875	2.18571	-5.35478	44.0472	0.541456	-4.42728	21.4333	1.0453	-8.33291	32.3079	-0.752518	1.41498	35.727	-36.3345	35.6307	21.8461	-15.8185	-57.89	18.5889	-2.33265	0.624746	8.81441	-1.50684	-15.89	-4.36869	-0.918016	-15.7986	-0.149808	-0.0189588	-0.038592	-0.600376	-0.0668129	0.288569	-0.0676043	-0.220996	2.0382	1387.37	2935.54	-96.3697	1938.73	1904.1	1237.54	24.2231	1975.38	-522.329	-23.9911	3.47376e-15	-1.90006	-58.9246	29.7986	-1.6564	146.387	197.365	-20.5836
370	0	26.1808	2.25208	-5.57598	42.8857	-0.481204	-3.76399	21.5004	1.25866	-9.25001	31.2822	-1.42707	3.55001	34.479	-35.0339	34.245	21.7584	-15.5878	-57.5398	16.2309	-2.1798	0.482231	7.44098	-1.40965	-13.9993	-3.74929	-0.738574	-13.8508	-0.158518	-0.0161082	-0.0408107	-0.515329	-0.0564559	0.359133	0.0493002	-0.0191963	1.83363	1203.18	2594.87	-141.606	1579.86	1678.39	1003.12	70.1637	1691.91	-484.37	-24.6979	2.60532e-15	-1.52992	-65.0445	29.5662	-1.5765	106.688	122.613	-18.0502

