2025-06-17 23:48:31,772 - DEBUG - [kineviz.ui.utils.validators] - Partes intermedias (sub-valores): ['Adulto', 'OS']
2025-06-17 23:48:31,774 - DEBUG - [kineviz.ui.utils.validators] - Número VIs definidas: 2, Partes intermedias encontradas: 2
2025-06-17 23:48:31,774 - DEBUG - [kineviz.ui.utils.validators] - Parte 1: 'Adulto' es válido para VI 'Edad'.
2025-06-17 23:48:31,774 - DEBUG - [kineviz.ui.utils.validators] - Parte 2: 'OS' es válido para VI 'Peso'.
2025-06-17 23:48:31,774 - DEBUG - [kineviz.ui.utils.validators] - Validación exitosa. Sujeto: Pte08, Sub-valores: ['Adulto', 'OS'], Intento: 3
2025-06-17 23:48:31,774 - DEBUG - [kineviz.ui.utils.validators] - --- Validando nombre archivo: 'Pte08 Adulto OS 02_Cinematica.txt' ---
2025-06-17 23:48:31,774 - DEBUG - [kineviz.ui.utils.validators] - VIs definidas: [{'name': 'Edad', 'descriptors': ['Adulto', 'Joven', 'Mayor'], 'allows_combination': False, 'is_mandatory': False}, {'name': 'Peso', 'descriptors': ['OS', 'NP', 'BP'], 'allows_combination': False, 'is_mandatory': False}]
2025-06-17 23:48:31,774 - DEBUG - [kineviz.ui.utils.validators] - Nombre base extraído: 'Pte08 Adulto OS 02'
2025-06-17 23:48:31,774 - DEBUG - [kineviz.ui.utils.validators] - Partes del nombre base: ['Pte08', 'Adulto', 'OS', '02']
2025-06-17 23:48:31,774 - DEBUG - [kineviz.ui.utils.validators] - Partes intermedias (sub-valores): ['Adulto', 'OS']
2025-06-17 23:48:31,774 - DEBUG - [kineviz.ui.utils.validators] - Número VIs definidas: 2, Partes intermedias encontradas: 2
2025-06-17 23:48:31,774 - DEBUG - [kineviz.ui.utils.validators] - Parte 1: 'Adulto' es válido para VI 'Edad'.
2025-06-17 23:48:31,774 - DEBUG - [kineviz.ui.utils.validators] - Parte 2: 'OS' es válido para VI 'Peso'.
2025-06-17 23:48:31,774 - DEBUG - [kineviz.ui.utils.validators] - Validación exitosa. Sujeto: Pte08, Sub-valores: ['Adulto', 'OS'], Intento: 2
2025-06-17 23:48:31,775 - DEBUG - [kineviz.ui.utils.validators] - --- Validando nombre archivo: 'Pte01 Joven NP 03_Cinematica.txt' ---
2025-06-17 23:48:31,775 - DEBUG - [kineviz.ui.utils.validators] - VIs definidas: [{'name': 'Edad', 'descriptors': ['Adulto', 'Joven', 'Mayor'], 'allows_combination': False, 'is_mandatory': False}, {'name': 'Peso', 'descriptors': ['OS', 'NP', 'BP'], 'allows_combination': False, 'is_mandatory': False}]
2025-06-17 23:48:31,775 - DEBUG - [kineviz.ui.utils.validators] - Nombre base extraído: 'Pte01 Joven NP 03'
2025-06-17 23:48:31,775 - DEBUG - [kineviz.ui.utils.validators] - Partes del nombre base: ['Pte01', 'Joven', 'NP', '03']
2025-06-17 23:48:31,775 - DEBUG - [kineviz.ui.utils.validators] - Partes intermedias (sub-valores): ['Joven', 'NP']
2025-06-17 23:48:31,775 - DEBUG - [kineviz.ui.utils.validators] - Número VIs definidas: 2, Partes intermedias encontradas: 2
2025-06-17 23:48:31,775 - DEBUG - [kineviz.ui.utils.validators] - Parte 1: 'Joven' es válido para VI 'Edad'.
2025-06-17 23:48:31,775 - DEBUG - [kineviz.ui.utils.validators] - Parte 2: 'NP' es válido para VI 'Peso'.
2025-06-17 23:48:31,775 - DEBUG - [kineviz.ui.utils.validators] - Validación exitosa. Sujeto: Pte01, Sub-valores: ['Joven', 'NP'], Intento: 3
2025-06-17 23:48:31,775 - DEBUG - [kineviz.ui.utils.validators] - --- Validando nombre archivo: 'Pte01 Joven NP 02_Cinematica.txt' ---
2025-06-17 23:48:31,775 - DEBUG - [kineviz.ui.utils.validators] - VIs definidas: [{'name': 'Edad', 'descriptors': ['Adulto', 'Joven', 'Mayor'], 'allows_combination': False, 'is_mandatory': False}, {'name': 'Peso', 'descriptors': ['OS', 'NP', 'BP'], 'allows_combination': False, 'is_mandatory': False}]
2025-06-17 23:48:31,775 - DEBUG - [kineviz.ui.utils.validators] - Nombre base extraído: 'Pte01 Joven NP 02'
2025-06-17 23:48:31,775 - DEBUG - [kineviz.ui.utils.validators] - Partes del nombre base: ['Pte01', 'Joven', 'NP', '02']
2025-06-17 23:48:31,775 - DEBUG - [kineviz.ui.utils.validators] - Partes intermedias (sub-valores): ['Joven', 'NP']
2025-06-17 23:48:31,775 - DEBUG - [kineviz.ui.utils.validators] - Número VIs definidas: 2, Partes intermedias encontradas: 2
2025-06-17 23:48:31,775 - DEBUG - [kineviz.ui.utils.validators] - Parte 1: 'Joven' es válido para VI 'Edad'.
2025-06-17 23:48:31,775 - DEBUG - [kineviz.ui.utils.validators] - Parte 2: 'NP' es válido para VI 'Peso'.
2025-06-17 23:48:31,775 - DEBUG - [kineviz.ui.utils.validators] - Validación exitosa. Sujeto: Pte01, Sub-valores: ['Joven', 'NP'], Intento: 2
2025-06-17 23:48:31,775 - DEBUG - [kineviz.ui.utils.validators] - --- Validando nombre archivo: 'Pte01 Joven NP 01_Cinematica.txt' ---
2025-06-17 23:48:31,775 - DEBUG - [kineviz.ui.utils.validators] - VIs definidas: [{'name': 'Edad', 'descriptors': ['Adulto', 'Joven', 'Mayor'], 'allows_combination': False, 'is_mandatory': False}, {'name': 'Peso', 'descriptors': ['OS', 'NP', 'BP'], 'allows_combination': False, 'is_mandatory': False}]
2025-06-17 23:48:31,775 - DEBUG - [kineviz.ui.utils.validators] - Nombre base extraído: 'Pte01 Joven NP 01'
2025-06-17 23:48:31,775 - DEBUG - [kineviz.ui.utils.validators] - Partes del nombre base: ['Pte01', 'Joven', 'NP', '01']
2025-06-17 23:48:31,775 - DEBUG - [kineviz.ui.utils.validators] - Partes intermedias (sub-valores): ['Joven', 'NP']
2025-06-17 23:48:31,775 - DEBUG - [kineviz.ui.utils.validators] - Número VIs definidas: 2, Partes intermedias encontradas: 2
2025-06-17 23:48:31,775 - DEBUG - [kineviz.ui.utils.validators] - Parte 1: 'Joven' es válido para VI 'Edad'.
2025-06-17 23:48:31,776 - DEBUG - [kineviz.ui.utils.validators] - Parte 2: 'NP' es válido para VI 'Peso'.
2025-06-17 23:48:31,776 - DEBUG - [kineviz.ui.utils.validators] - Validación exitosa. Sujeto: Pte01, Sub-valores: ['Joven', 'NP'], Intento: 1
2025-06-17 23:48:31,776 - DEBUG - [kineviz.ui.utils.validators] - --- Validando nombre archivo: 'Pte06 Mayor BP 02_Cinematica.txt' ---
2025-06-17 23:48:31,776 - DEBUG - [kineviz.ui.utils.validators] - VIs definidas: [{'name': 'Edad', 'descriptors': ['Adulto', 'Joven', 'Mayor'], 'allows_combination': False, 'is_mandatory': False}, {'name': 'Peso', 'descriptors': ['OS', 'NP', 'BP'], 'allows_combination': False, 'is_mandatory': False}]
2025-06-17 23:48:31,776 - DEBUG - [kineviz.ui.utils.validators] - Nombre base extraído: 'Pte06 Mayor BP 02'
2025-06-17 23:48:31,776 - DEBUG - [kineviz.ui.utils.validators] - Partes del nombre base: ['Pte06', 'Mayor', 'BP', '02']
2025-06-17 23:48:31,776 - DEBUG - [kineviz.ui.utils.validators] - Partes intermedias (sub-valores): ['Mayor', 'BP']
2025-06-17 23:48:31,776 - DEBUG - [kineviz.ui.utils.validators] - Número VIs definidas: 2, Partes intermedias encontradas: 2
2025-06-17 23:48:31,776 - DEBUG - [kineviz.ui.utils.validators] - Parte 1: 'Mayor' es válido para VI 'Edad'.
2025-06-17 23:48:31,776 - DEBUG - [kineviz.ui.utils.validators] - Parte 2: 'BP' es válido para VI 'Peso'.
2025-06-17 23:48:31,776 - DEBUG - [kineviz.ui.utils.validators] - Validación exitosa. Sujeto: Pte06, Sub-valores: ['Mayor', 'BP'], Intento: 2
2025-06-17 23:48:31,776 - DEBUG - [kineviz.ui.utils.validators] - --- Validando nombre archivo: 'Pte06 Mayor BP 03_Cinematica.txt' ---
2025-06-17 23:48:31,776 - DEBUG - [kineviz.ui.utils.validators] - VIs definidas: [{'name': 'Edad', 'descriptors': ['Adulto', 'Joven', 'Mayor'], 'allows_combination': False, 'is_mandatory': False}, {'name': 'Peso', 'descriptors': ['OS', 'NP', 'BP'], 'allows_combination': False, 'is_mandatory': False}]
2025-06-17 23:48:31,776 - DEBUG - [kineviz.ui.utils.validators] - Nombre base extraído: 'Pte06 Mayor BP 03'
2025-06-17 23:48:31,776 - DEBUG - [kineviz.ui.utils.validators] - Partes del nombre base: ['Pte06', 'Mayor', 'BP', '03']
2025-06-17 23:48:31,776 - DEBUG - [kineviz.ui.utils.validators] - Partes intermedias (sub-valores): ['Mayor', 'BP']
2025-06-17 23:48:31,776 - DEBUG - [kineviz.ui.utils.validators] - Número VIs definidas: 2, Partes intermedias encontradas: 2
2025-06-17 23:48:31,776 - DEBUG - [kineviz.ui.utils.validators] - Parte 1: 'Mayor' es válido para VI 'Edad'.
2025-06-17 23:48:31,776 - DEBUG - [kineviz.ui.utils.validators] - Parte 2: 'BP' es válido para VI 'Peso'.
2025-06-17 23:48:31,776 - DEBUG - [kineviz.ui.utils.validators] - Validación exitosa. Sujeto: Pte06, Sub-valores: ['Mayor', 'BP'], Intento: 3
2025-06-17 23:48:31,776 - DEBUG - [kineviz.ui.utils.validators] - --- Validando nombre archivo: 'Pte06 Mayor BP 01_Cinematica.txt' ---
2025-06-17 23:48:31,776 - DEBUG - [kineviz.ui.utils.validators] - VIs definidas: [{'name': 'Edad', 'descriptors': ['Adulto', 'Joven', 'Mayor'], 'allows_combination': False, 'is_mandatory': False}, {'name': 'Peso', 'descriptors': ['OS', 'NP', 'BP'], 'allows_combination': False, 'is_mandatory': False}]
2025-06-17 23:48:31,776 - DEBUG - [kineviz.ui.utils.validators] - Nombre base extraído: 'Pte06 Mayor BP 01'
2025-06-17 23:48:31,776 - DEBUG - [kineviz.ui.utils.validators] - Partes del nombre base: ['Pte06', 'Mayor', 'BP', '01']
2025-06-17 23:48:31,776 - DEBUG - [kineviz.ui.utils.validators] - Partes intermedias (sub-valores): ['Mayor', 'BP']
2025-06-17 23:48:31,776 - DEBUG - [kineviz.ui.utils.validators] - Número VIs definidas: 2, Partes intermedias encontradas: 2
2025-06-17 23:48:31,777 - DEBUG - [kineviz.ui.utils.validators] - Parte 1: 'Mayor' es válido para VI 'Edad'.
2025-06-17 23:48:31,777 - DEBUG - [kineviz.ui.utils.validators] - Parte 2: 'BP' es válido para VI 'Peso'.
2025-06-17 23:48:31,777 - DEBUG - [kineviz.ui.utils.validators] - Validación exitosa. Sujeto: Pte06, Sub-valores: ['Mayor', 'BP'], Intento: 1
2025-06-17 23:48:31,777 - DEBUG - [kineviz.ui.utils.validators] - --- Validando nombre archivo: 'Pte07 Adulto NP 01_Cinematica.txt' ---
2025-06-17 23:48:31,777 - DEBUG - [kineviz.ui.utils.validators] - VIs definidas: [{'name': 'Edad', 'descriptors': ['Adulto', 'Joven', 'Mayor'], 'allows_combination': False, 'is_mandatory': False}, {'name': 'Peso', 'descriptors': ['OS', 'NP', 'BP'], 'allows_combination': False, 'is_mandatory': False}]
2025-06-17 23:48:31,777 - DEBUG - [kineviz.ui.utils.validators] - Nombre base extraído: 'Pte07 Adulto NP 01'
2025-06-17 23:48:31,777 - DEBUG - [kineviz.ui.utils.validators] - Partes del nombre base: ['Pte07', 'Adulto', 'NP', '01']
2025-06-17 23:48:31,777 - DEBUG - [kineviz.ui.utils.validators] - Partes intermedias (sub-valores): ['Adulto', 'NP']
2025-06-17 23:48:31,777 - DEBUG - [kineviz.ui.utils.validators] - Número VIs definidas: 2, Partes intermedias encontradas: 2
2025-06-17 23:48:31,777 - DEBUG - [kineviz.ui.utils.validators] - Parte 1: 'Adulto' es válido para VI 'Edad'.
2025-06-17 23:48:31,777 - DEBUG - [kineviz.ui.utils.validators] - Parte 2: 'NP' es válido para VI 'Peso'.
2025-06-17 23:48:31,777 - DEBUG - [kineviz.ui.utils.validators] - Validación exitosa. Sujeto: Pte07, Sub-valores: ['Adulto', 'NP'], Intento: 1
2025-06-17 23:48:31,777 - DEBUG - [kineviz.ui.utils.validators] - --- Validando nombre archivo: 'Pte07 Adulto NP 02_Cinematica.txt' ---
2025-06-17 23:48:31,777 - DEBUG - [kineviz.ui.utils.validators] - VIs definidas: [{'name': 'Edad', 'descriptors': ['Adulto', 'Joven', 'Mayor'], 'allows_combination': False, 'is_mandatory': False}, {'name': 'Peso', 'descriptors': ['OS', 'NP', 'BP'], 'allows_combination': False, 'is_mandatory': False}]
2025-06-17 23:48:31,777 - DEBUG - [kineviz.ui.utils.validators] - Nombre base extraído: 'Pte07 Adulto NP 02'
2025-06-17 23:48:31,777 - DEBUG - [kineviz.ui.utils.validators] - Partes del nombre base: ['Pte07', 'Adulto', 'NP', '02']
2025-06-17 23:48:31,777 - DEBUG - [kineviz.ui.utils.validators] - Partes intermedias (sub-valores): ['Adulto', 'NP']
2025-06-17 23:48:31,777 - DEBUG - [kineviz.ui.utils.validators] - Número VIs definidas: 2, Partes intermedias encontradas: 2
2025-06-17 23:48:31,777 - DEBUG - [kineviz.ui.utils.validators] - Parte 1: 'Adulto' es válido para VI 'Edad'.
2025-06-17 23:48:31,777 - DEBUG - [kineviz.ui.utils.validators] - Parte 2: 'NP' es válido para VI 'Peso'.
2025-06-17 23:48:31,777 - DEBUG - [kineviz.ui.utils.validators] - Validación exitosa. Sujeto: Pte07, Sub-valores: ['Adulto', 'NP'], Intento: 2
2025-06-17 23:48:31,777 - DEBUG - [kineviz.ui.utils.validators] - --- Validando nombre archivo: 'Pte07 Adulto NP 03_Cinematica.txt' ---
2025-06-17 23:48:31,777 - DEBUG - [kineviz.ui.utils.validators] - VIs definidas: [{'name': 'Edad', 'descriptors': ['Adulto', 'Joven', 'Mayor'], 'allows_combination': False, 'is_mandatory': False}, {'name': 'Peso', 'descriptors': ['OS', 'NP', 'BP'], 'allows_combination': False, 'is_mandatory': False}]
2025-06-17 23:48:31,777 - DEBUG - [kineviz.ui.utils.validators] - Nombre base extraído: 'Pte07 Adulto NP 03'
2025-06-17 23:48:31,777 - DEBUG - [kineviz.ui.utils.validators] - Partes del nombre base: ['Pte07', 'Adulto', 'NP', '03']
2025-06-17 23:48:31,777 - DEBUG - [kineviz.ui.utils.validators] - Partes intermedias (sub-valores): ['Adulto', 'NP']
2025-06-17 23:48:31,777 - DEBUG - [kineviz.ui.utils.validators] - Número VIs definidas: 2, Partes intermedias encontradas: 2
2025-06-17 23:48:31,777 - DEBUG - [kineviz.ui.utils.validators] - Parte 1: 'Adulto' es válido para VI 'Edad'.
2025-06-17 23:48:31,777 - DEBUG - [kineviz.ui.utils.validators] - Parte 2: 'NP' es válido para VI 'Peso'.
2025-06-17 23:48:31,777 - DEBUG - [kineviz.ui.utils.validators] - Validación exitosa. Sujeto: Pte07, Sub-valores: ['Adulto', 'NP'], Intento: 3
2025-06-17 23:48:31,777 - DEBUG - [kineviz.ui.utils.validators] - --- Validando nombre archivo: 'Pte09 Adulto BP 01_Cinematica.txt' ---
2025-06-17 23:48:31,778 - DEBUG - [kineviz.ui.utils.validators] - VIs definidas: [{'name': 'Edad', 'descriptors': ['Adulto', 'Joven', 'Mayor'], 'allows_combination': False, 'is_mandatory': False}, {'name': 'Peso', 'descriptors': ['OS', 'NP', 'BP'], 'allows_combination': False, 'is_mandatory': False}]
2025-06-17 23:48:31,778 - DEBUG - [kineviz.ui.utils.validators] - Nombre base extraído: 'Pte09 Adulto BP 01'
2025-06-17 23:48:31,778 - DEBUG - [kineviz.ui.utils.validators] - Partes del nombre base: ['Pte09', 'Adulto', 'BP', '01']
2025-06-17 23:48:31,778 - DEBUG - [kineviz.ui.utils.validators] - Partes intermedias (sub-valores): ['Adulto', 'BP']
2025-06-17 23:48:31,778 - DEBUG - [kineviz.ui.utils.validators] - Número VIs definidas: 2, Partes intermedias encontradas: 2
2025-06-17 23:48:31,778 - DEBUG - [kineviz.ui.utils.validators] - Parte 1: 'Adulto' es válido para VI 'Edad'.
2025-06-17 23:48:31,778 - DEBUG - [kineviz.ui.utils.validators] - Parte 2: 'BP' es válido para VI 'Peso'.
2025-06-17 23:48:31,778 - DEBUG - [kineviz.ui.utils.validators] - Validación exitosa. Sujeto: Pte09, Sub-valores: ['Adulto', 'BP'], Intento: 1
2025-06-17 23:48:31,778 - DEBUG - [kineviz.ui.utils.validators] - --- Validando nombre archivo: 'Pte09 Adulto BP 02_Cinematica.txt' ---
2025-06-17 23:48:31,778 - DEBUG - [kineviz.ui.utils.validators] - VIs definidas: [{'name': 'Edad', 'descriptors': ['Adulto', 'Joven', 'Mayor'], 'allows_combination': False, 'is_mandatory': False}, {'name': 'Peso', 'descriptors': ['OS', 'NP', 'BP'], 'allows_combination': False, 'is_mandatory': False}]
2025-06-17 23:48:31,778 - DEBUG - [kineviz.ui.utils.validators] - Nombre base extraído: 'Pte09 Adulto BP 02'
2025-06-17 23:48:31,778 - DEBUG - [kineviz.ui.utils.validators] - Partes del nombre base: ['Pte09', 'Adulto', 'BP', '02']
2025-06-17 23:48:31,778 - DEBUG - [kineviz.ui.utils.validators] - Partes intermedias (sub-valores): ['Adulto', 'BP']
2025-06-17 23:48:31,778 - DEBUG - [kineviz.ui.utils.validators] - Número VIs definidas: 2, Partes intermedias encontradas: 2
2025-06-17 23:48:31,778 - DEBUG - [kineviz.ui.utils.validators] - Parte 1: 'Adulto' es válido para VI 'Edad'.
2025-06-17 23:48:31,778 - DEBUG - [kineviz.ui.utils.validators] - Parte 2: 'BP' es válido para VI 'Peso'.
2025-06-17 23:48:31,778 - DEBUG - [kineviz.ui.utils.validators] - Validación exitosa. Sujeto: Pte09, Sub-valores: ['Adulto', 'BP'], Intento: 2
2025-06-17 23:48:31,778 - DEBUG - [kineviz.ui.utils.validators] - --- Validando nombre archivo: 'Pte09 Adulto BP 03_Cinematica.txt' ---
2025-06-17 23:48:31,778 - DEBUG - [kineviz.ui.utils.validators] - VIs definidas: [{'name': 'Edad', 'descriptors': ['Adulto', 'Joven', 'Mayor'], 'allows_combination': False, 'is_mandatory': False}, {'name': 'Peso', 'descriptors': ['OS', 'NP', 'BP'], 'allows_combination': False, 'is_mandatory': False}]
2025-06-17 23:48:31,778 - DEBUG - [kineviz.ui.utils.validators] - Nombre base extraído: 'Pte09 Adulto BP 03'
2025-06-17 23:48:31,778 - DEBUG - [kineviz.ui.utils.validators] - Partes del nombre base: ['Pte09', 'Adulto', 'BP', '03']
2025-06-17 23:48:31,778 - DEBUG - [kineviz.ui.utils.validators] - Partes intermedias (sub-valores): ['Adulto', 'BP']
2025-06-17 23:48:31,778 - DEBUG - [kineviz.ui.utils.validators] - Número VIs definidas: 2, Partes intermedias encontradas: 2
2025-06-17 23:48:31,778 - DEBUG - [kineviz.ui.utils.validators] - Parte 1: 'Adulto' es válido para VI 'Edad'.
2025-06-17 23:48:31,778 - DEBUG - [kineviz.ui.utils.validators] - Parte 2: 'BP' es válido para VI 'Peso'.
2025-06-17 23:48:31,778 - DEBUG - [kineviz.ui.utils.validators] - Validación exitosa. Sujeto: Pte09, Sub-valores: ['Adulto', 'BP'], Intento: 3
2025-06-17 23:48:31,778 - DEBUG - [kineviz.core.services.analysis_service] - Grupos identificados (9): {'Edad=Mayor;Peso=OS', 'Edad=Joven;Peso=OS', 'Edad=Adulto;Peso=OS', 'Edad=Mayor;Peso=NP', 'Edad=Mayor;Peso=BP', 'Edad=Adulto;Peso=BP', 'Edad=Joven;Peso=NP', 'Edad=Adulto;Peso=NP', 'Edad=Joven;Peso=BP'}
2025-06-17 23:48:31,810 - INFO - [kineviz.core.services.analysis_service] - Tabla CSV interna generada: /Users/arakito/Mati/Codigo/Python/KineViz/estudios/Estudio de Salto Vertical/Analisis Discreto/Tablas/Cinematica/Maximo_Cinematica_Edad_Mayor__Peso_OS.csv
2025-06-17 23:48:31,825 - INFO - [kineviz.core.services.analysis_service] - Tabla XLSX generada: /Users/arakito/Mati/Codigo/Python/KineViz/estudios/Estudio de Salto Vertical/Analisis Discreto/Tablas/Cinematica/Maximo_Cinematica_Edad_Mayor__Peso_OS.xlsx
2025-06-17 23:48:31,842 - INFO - [kineviz.core.services.analysis_service] - Tabla CSV interna generada: /Users/arakito/Mati/Codigo/Python/KineViz/estudios/Estudio de Salto Vertical/Analisis Discreto/Tablas/Cinematica/Minimo_Cinematica_Edad_Mayor__Peso_OS.csv
2025-06-17 23:48:31,849 - INFO - [kineviz.core.services.analysis_service] - Tabla XLSX generada: /Users/arakito/Mati/Codigo/Python/KineViz/estudios/Estudio de Salto Vertical/Analisis Discreto/Tablas/Cinematica/Minimo_Cinematica_Edad_Mayor__Peso_OS.xlsx
2025-06-17 23:48:31,863 - INFO - [kineviz.core.services.analysis_service] - Tabla CSV interna generada: /Users/arakito/Mati/Codigo/Python/KineViz/estudios/Estudio de Salto Vertical/Analisis Discreto/Tablas/Cinematica/Rango_Cinematica_Edad_Mayor__Peso_OS.csv
2025-06-17 23:48:31,869 - INFO - [kineviz.core.services.analysis_service] - Tabla XLSX generada: /Users/arakito/Mati/Codigo/Python/KineViz/estudios/Estudio de Salto Vertical/Analisis Discreto/Tablas/Cinematica/Rango_Cinematica_Edad_Mayor__Peso_OS.xlsx
2025-06-17 23:48:31,884 - INFO - [kineviz.core.services.analysis_service] - Tabla CSV interna generada: /Users/arakito/Mati/Codigo/Python/KineViz/estudios/Estudio de Salto Vertical/Analisis Discreto/Tablas/Cinematica/Maximo_Cinematica_Edad_Joven__Peso_OS.csv
2025-06-17 23:48:31,891 - INFO - [kineviz.core.services.analysis_service] - Tabla XLSX generada: /Users/arakito/Mati/Codigo/Python/KineViz/estudios/Estudio de Salto Vertical/Analisis Discreto/Tablas/Cinematica/Maximo_Cinematica_Edad_Joven__Peso_OS.xlsx
2025-06-17 23:48:31,904 - INFO - [kineviz.core.services.analysis_service] - Tabla CSV interna generada: /Users/arakito/Mati/Codigo/Python/KineViz/estudios/Estudio de Salto Vertical/Analisis Discreto/Tablas/Cinematica/Minimo_Cinematica_Edad_Joven__Peso_OS.csv
2025-06-17 23:48:31,911 - INFO - [kineviz.core.services.analysis_service] - Tabla XLSX generada: /Users/arakito/Mati/Codigo/Python/KineViz/estudios/Estudio de Salto Vertical/Analisis Discreto/Tablas/Cinematica/Minimo_Cinematica_Edad_Joven__Peso_OS.xlsx
2025-06-17 23:48:31,926 - INFO - [kineviz.core.services.analysis_service] - Tabla CSV interna generada: /Users/arakito/Mati/Codigo/Python/KineViz/estudios/Estudio de Salto Vertical/Analisis Discreto/Tablas/Cinematica/Rango_Cinematica_Edad_Joven__Peso_OS.csv
2025-06-17 23:48:31,933 - INFO - [kineviz.core.services.analysis_service] - Tabla XLSX generada: /Users/arakito/Mati/Codigo/Python/KineViz/estudios/Estudio de Salto Vertical/Analisis Discreto/Tablas/Cinematica/Rango_Cinematica_Edad_Joven__Peso_OS.xlsx
2025-06-17 23:48:31,947 - INFO - [kineviz.core.services.analysis_service] - Tabla CSV interna generada: /Users/arakito/Mati/Codigo/Python/KineViz/estudios/Estudio de Salto Vertical/Analisis Discreto/Tablas/Cinematica/Maximo_Cinematica_Edad_Joven__Peso_BP.csv
2025-06-17 23:48:31,954 - INFO - [kineviz.core.services.analysis_service] - Tabla XLSX generada: /Users/arakito/Mati/Codigo/Python/KineViz/estudios/Estudio de Salto Vertical/Analisis Discreto/Tablas/Cinematica/Maximo_Cinematica_Edad_Joven__Peso_BP.xlsx
2025-06-17 23:48:31,968 - INFO - [kineviz.core.services.analysis_service] - Tabla CSV interna generada: /Users/arakito/Mati/Codigo/Python/KineViz/estudios/Estudio de Salto Vertical/Analisis Discreto/Tablas/Cinematica/Minimo_Cinematica_Edad_Joven__Peso_BP.csv
2025-06-17 23:48:31,975 - INFO - [kineviz.core.services.analysis_service] - Tabla XLSX generada: /Users/arakito/Mati/Codigo/Python/KineViz/estudios/Estudio de Salto Vertical/Analisis Discreto/Tablas/Cinematica/Minimo_Cinematica_Edad_Joven__Peso_BP.xlsx
2025-06-17 23:48:31,989 - INFO - [kineviz.core.services.analysis_service] - Tabla CSV interna generada: /Users/arakito/Mati/Codigo/Python/KineViz/estudios/Estudio de Salto Vertical/Analisis Discreto/Tablas/Cinematica/Rango_Cinematica_Edad_Joven__Peso_BP.csv
2025-06-17 23:48:31,996 - INFO - [kineviz.core.services.analysis_service] - Tabla XLSX generada: /Users/arakito/Mati/Codigo/Python/KineViz/estudios/Estudio de Salto Vertical/Analisis Discreto/Tablas/Cinematica/Rango_Cinematica_Edad_Joven__Peso_BP.xlsx
2025-06-17 23:48:32,013 - INFO - [kineviz.core.services.analysis_service] - Tabla CSV interna generada: /Users/arakito/Mati/Codigo/Python/KineViz/estudios/Estudio de Salto Vertical/Analisis Discreto/Tablas/Cinematica/Maximo_Cinematica_Edad_Mayor__Peso_NP.csv
2025-06-17 23:48:32,020 - INFO - [kineviz.core.services.analysis_service] - Tabla XLSX generada: /Users/arakito/Mati/Codigo/Python/KineViz/estudios/Estudio de Salto Vertical/Analisis Discreto/Tablas/Cinematica/Maximo_Cinematica_Edad_Mayor__Peso_NP.xlsx
2025-06-17 23:48:32,034 - INFO - [kineviz.core.services.analysis_service] - Tabla CSV interna generada: /Users/arakito/Mati/Codigo/Python/KineViz/estudios/Estudio de Salto Vertical/Analisis Discreto/Tablas/Cinematica/Minimo_Cinematica_Edad_Mayor__Peso_NP.csv
2025-06-17 23:48:32,041 - INFO - [kineviz.core.services.analysis_service] - Tabla XLSX generada: /Users/arakito/Mati/Codigo/Python/KineViz/estudios/Estudio de Salto Vertical/Analisis Discreto/Tablas/Cinematica/Minimo_Cinematica_Edad_Mayor__Peso_NP.xlsx
2025-06-17 23:48:32,055 - INFO - [kineviz.core.services.analysis_service] - Tabla CSV interna generada: /Users/arakito/Mati/Codigo/Python/KineViz/estudios/Estudio de Salto Vertical/Analisis Discreto/Tablas/Cinematica/Rango_Cinematica_Edad_Mayor__Peso_NP.csv
2025-06-17 23:48:32,062 - INFO - [kineviz.core.services.analysis_service] - Tabla XLSX generada: /Users/arakito/Mati/Codigo/Python/KineViz/estudios/Estudio de Salto Vertical/Analisis Discreto/Tablas/Cinematica/Rango_Cinematica_Edad_Mayor__Peso_NP.xlsx
2025-06-17 23:48:32,077 - INFO - [kineviz.core.services.analysis_service] - Tabla CSV interna generada: /Users/arakito/Mati/Codigo/Python/KineViz/estudios/Estudio de Salto Vertical/Analisis Discreto/Tablas/Cinematica/Maximo_Cinematica_Edad_Adulto__Peso_OS.csv
2025-06-17 23:48:32,084 - INFO - [kineviz.core.services.analysis_service] - Tabla XLSX generada: /Users/arakito/Mati/Codigo/Python/KineViz/estudios/Estudio de Salto Vertical/Analisis Discreto/Tablas/Cinematica/Maximo_Cinematica_Edad_Adulto__Peso_OS.xlsx
2025-06-17 23:48:32,098 - INFO - [kineviz.core.services.analysis_service] - Tabla CSV interna generada: /Users/arakito/Mati/Codigo/Python/KineViz/estudios/Estudio de Salto Vertical/Analisis Discreto/Tablas/Cinematica/Minimo_Cinematica_Edad_Adulto__Peso_OS.csv
2025-06-17 23:48:32,104 - INFO - [kineviz.core.services.analysis_service] - Tabla XLSX generada: /Users/arakito/Mati/Codigo/Python/KineViz/estudios/Estudio de Salto Vertical/Analisis Discreto/Tablas/Cinematica/Minimo_Cinematica_Edad_Adulto__Peso_OS.xlsx
2025-06-17 23:48:32,118 - INFO - [kineviz.core.services.analysis_service] - Tabla CSV interna generada: /Users/arakito/Mati/Codigo/Python/KineViz/estudios/Estudio de Salto Vertical/Analisis Discreto/Tablas/Cinematica/Rango_Cinematica_Edad_Adulto__Peso_OS.csv
2025-06-17 23:48:32,125 - INFO - [kineviz.core.services.analysis_service] - Tabla XLSX generada: /Users/arakito/Mati/Codigo/Python/KineViz/estudios/Estudio de Salto Vertical/Analisis Discreto/Tablas/Cinematica/Rango_Cinematica_Edad_Adulto__Peso_OS.xlsx
2025-06-17 23:48:32,140 - INFO - [kineviz.core.services.analysis_service] - Tabla CSV interna generada: /Users/arakito/Mati/Codigo/Python/KineViz/estudios/Estudio de Salto Vertical/Analisis Discreto/Tablas/Cinematica/Maximo_Cinematica_Edad_Joven__Peso_NP.csv
2025-06-17 23:48:32,147 - INFO - [kineviz.core.services.analysis_service] - Tabla XLSX generada: /Users/arakito/Mati/Codigo/Python/KineViz/estudios/Estudio de Salto Vertical/Analisis Discreto/Tablas/Cinematica/Maximo_Cinematica_Edad_Joven__Peso_NP.xlsx
2025-06-17 23:48:32,161 - INFO - [kineviz.core.services.analysis_service] - Tabla CSV interna generada: /Users/arakito/Mati/Codigo/Python/KineViz/estudios/Estudio de Salto Vertical/Analisis Discreto/Tablas/Cinematica/Minimo_Cinematica_Edad_Joven__Peso_NP.csv
2025-06-17 23:48:32,167 - INFO - [kineviz.core.services.analysis_service] - Tabla XLSX generada: /Users/arakito/Mati/Codigo/Python/KineViz/estudios/Estudio de Salto Vertical/Analisis Discreto/Tablas/Cinematica/Minimo_Cinematica_Edad_Joven__Peso_NP.xlsx
2025-06-17 23:48:32,181 - INFO - [kineviz.core.services.analysis_service] - Tabla CSV interna generada: /Users/arakito/Mati/Codigo/Python/KineViz/estudios/Estudio de Salto Vertical/Analisis Discreto/Tablas/Cinematica/Rango_Cinematica_Edad_Joven__Peso_NP.csv
2025-06-17 23:48:32,246 - INFO - [kineviz.core.services.analysis_service] - Tabla XLSX generada: /Users/arakito/Mati/Codigo/Python/KineViz/estudios/Estudio de Salto Vertical/Analisis Discreto/Tablas/Cinematica/Rango_Cinematica_Edad_Joven__Peso_NP.xlsx
2025-06-17 23:48:32,261 - INFO - [kineviz.core.services.analysis_service] - Tabla CSV interna generada: /Users/arakito/Mati/Codigo/Python/KineViz/estudios/Estudio de Salto Vertical/Analisis Discreto/Tablas/Cinematica/Maximo_Cinematica_Edad_Mayor__Peso_BP.csv
2025-06-17 23:48:32,268 - INFO - [kineviz.core.services.analysis_service] - Tabla XLSX generada: /Users/arakito/Mati/Codigo/Python/KineViz/estudios/Estudio de Salto Vertical/Analisis Discreto/Tablas/Cinematica/Maximo_Cinematica_Edad_Mayor__Peso_BP.xlsx
2025-06-17 23:48:32,282 - INFO - [kineviz.core.services.analysis_service] - Tabla CSV interna generada: /Users/arakito/Mati/Codigo/Python/KineViz/estudios/Estudio de Salto Vertical/Analisis Discreto/Tablas/Cinematica/Minimo_Cinematica_Edad_Mayor__Peso_BP.csv
2025-06-17 23:48:32,288 - INFO - [kineviz.core.services.analysis_service] - Tabla XLSX generada: /Users/arakito/Mati/Codigo/Python/KineViz/estudios/Estudio de Salto Vertical/Analisis Discreto/Tablas/Cinematica/Minimo_Cinematica_Edad_Mayor__Peso_BP.xlsx
2025-06-17 23:48:32,302 - INFO - [kineviz.core.services.analysis_service] - Tabla CSV interna generada: /Users/arakito/Mati/Codigo/Python/KineViz/estudios/Estudio de Salto Vertical/Analisis Discreto/Tablas/Cinematica/Rango_Cinematica_Edad_Mayor__Peso_BP.csv
2025-06-17 23:48:32,309 - INFO - [kineviz.core.services.analysis_service] - Tabla XLSX generada: /Users/arakito/Mati/Codigo/Python/KineViz/estudios/Estudio de Salto Vertical/Analisis Discreto/Tablas/Cinematica/Rango_Cinematica_Edad_Mayor__Peso_BP.xlsx
2025-06-17 23:48:32,325 - INFO - [kineviz.core.services.analysis_service] - Tabla CSV interna generada: /Users/arakito/Mati/Codigo/Python/KineViz/estudios/Estudio de Salto Vertical/Analisis Discreto/Tablas/Cinematica/Maximo_Cinematica_Edad_Adulto__Peso_NP.csv
2025-06-17 23:48:32,332 - INFO - [kineviz.core.services.analysis_service] - Tabla XLSX generada: /Users/arakito/Mati/Codigo/Python/KineViz/estudios/Estudio de Salto Vertical/Analisis Discreto/Tablas/Cinematica/Maximo_Cinematica_Edad_Adulto__Peso_NP.xlsx
2025-06-17 23:48:32,346 - INFO - [kineviz.core.services.analysis_service] - Tabla CSV interna generada: /Users/arakito/Mati/Codigo/Python/KineViz/estudios/Estudio de Salto Vertical/Analisis Discreto/Tablas/Cinematica/Minimo_Cinematica_Edad_Adulto__Peso_NP.csv
2025-06-17 23:48:32,353 - INFO - [kineviz.core.services.analysis_service] - Tabla XLSX generada: /Users/arakito/Mati/Codigo/Python/KineViz/estudios/Estudio de Salto Vertical/Analisis Discreto/Tablas/Cinematica/Minimo_Cinematica_Edad_Adulto__Peso_NP.xlsx
2025-06-17 23:48:32,367 - INFO - [kineviz.core.services.analysis_service] - Tabla CSV interna generada: /Users/arakito/Mati/Codigo/Python/KineViz/estudios/Estudio de Salto Vertical/Analisis Discreto/Tablas/Cinematica/Rango_Cinematica_Edad_Adulto__Peso_NP.csv
2025-06-17 23:48:32,374 - INFO - [kineviz.core.services.analysis_service] - Tabla XLSX generada: /Users/arakito/Mati/Codigo/Python/KineViz/estudios/Estudio de Salto Vertical/Analisis Discreto/Tablas/Cinematica/Rango_Cinematica_Edad_Adulto__Peso_NP.xlsx
2025-06-17 23:48:32,389 - INFO - [kineviz.core.services.analysis_service] - Tabla CSV interna generada: /Users/arakito/Mati/Codigo/Python/KineViz/estudios/Estudio de Salto Vertical/Analisis Discreto/Tablas/Cinematica/Maximo_Cinematica_Edad_Adulto__Peso_BP.csv
2025-06-17 23:48:32,396 - INFO - [kineviz.core.services.analysis_service] - Tabla XLSX generada: /Users/arakito/Mati/Codigo/Python/KineViz/estudios/Estudio de Salto Vertical/Analisis Discreto/Tablas/Cinematica/Maximo_Cinematica_Edad_Adulto__Peso_BP.xlsx
2025-06-17 23:48:32,410 - INFO - [kineviz.core.services.analysis_service] - Tabla CSV interna generada: /Users/arakito/Mati/Codigo/Python/KineViz/estudios/Estudio de Salto Vertical/Analisis Discreto/Tablas/Cinematica/Minimo_Cinematica_Edad_Adulto__Peso_BP.csv
2025-06-17 23:48:32,417 - INFO - [kineviz.core.services.analysis_service] - Tabla XLSX generada: /Users/arakito/Mati/Codigo/Python/KineViz/estudios/Estudio de Salto Vertical/Analisis Discreto/Tablas/Cinematica/Minimo_Cinematica_Edad_Adulto__Peso_BP.xlsx
2025-06-17 23:48:32,431 - INFO - [kineviz.core.services.analysis_service] - Tabla CSV interna generada: /Users/arakito/Mati/Codigo/Python/KineViz/estudios/Estudio de Salto Vertical/Analisis Discreto/Tablas/Cinematica/Rango_Cinematica_Edad_Adulto__Peso_BP.csv
2025-06-17 23:48:32,438 - INFO - [kineviz.core.services.analysis_service] - Tabla XLSX generada: /Users/arakito/Mati/Codigo/Python/KineViz/estudios/Estudio de Salto Vertical/Analisis Discreto/Tablas/Cinematica/Rango_Cinematica_Edad_Adulto__Peso_BP.xlsx
2025-06-17 23:48:32,438 - INFO - [kineviz.core.services.analysis_service] - Generación tablas discretas finalizada para estudio 2. Éxitos: 27, Errores: 0
2025-06-17 23:48:34,592 - DEBUG - [kineviz.ui.dialogs.individual_analysis_manager_dialog] - Loaded VIs for study 2: [{'name': 'Edad', 'descriptors': ['Adulto', 'Joven', 'Mayor'], 'allows_combination': False, 'is_mandatory': False}, {'name': 'Peso', 'descriptors': ['OS', 'NP', 'BP'], 'allows_combination': False, 'is_mandatory': False}]
2025-06-17 23:48:34,632 - DEBUG - [kineviz.ui.dialogs.individual_analysis_manager_dialog] - Cargados 0 análisis individuales para estudio 2.
2025-06-17 23:48:38,640 - DEBUG - [kineviz.core.services.analysis_service] - Identificando grupos para estudio 2, frecuencia Cinematica
2025-06-17 23:48:38,646 - DEBUG - [kineviz.ui.utils.validators] - --- Validando nombre archivo: 'Pte05 Mayor OS 02_Cinematica.txt' ---
2025-06-17 23:48:38,646 - DEBUG - [kineviz.ui.utils.validators] - VIs definidas: [{'name': 'Edad', 'descriptors': ['Adulto', 'Joven', 'Mayor'], 'allows_combination': False, 'is_mandatory': False}, {'name': 'Peso', 'descriptors': ['OS', 'NP', 'BP'], 'allows_combination': False, 'is_mandatory': False}]
2025-06-17 23:48:38,646 - DEBUG - [kineviz.ui.utils.validators] - Nombre base extraído: 'Pte05 Mayor OS 02'
2025-06-17 23:48:38,646 - DEBUG - [kineviz.ui.utils.validators] - Partes del nombre base: ['Pte05', 'Mayor', 'OS', '02']
2025-06-17 23:48:38,647 - DEBUG - [kineviz.ui.utils.validators] - Partes intermedias (sub-valores): ['Mayor', 'OS']
2025-06-17 23:48:38,647 - DEBUG - [kineviz.ui.utils.validators] - Número VIs definidas: 2, Partes intermedias encontradas: 2
2025-06-17 23:48:38,647 - DEBUG - [kineviz.ui.utils.validators] - Parte 1: 'Mayor' es válido para VI 'Edad'.
2025-06-17 23:48:38,647 - DEBUG - [kineviz.ui.utils.validators] - Parte 2: 'OS' es válido para VI 'Peso'.
2025-06-17 23:48:38,647 - DEBUG - [kineviz.ui.utils.validators] - Validación exitosa. Sujeto: Pte05, Sub-valores: ['Mayor', 'OS'], Intento: 2
2025-06-17 23:48:38,647 - DEBUG - [kineviz.ui.utils.validators] - --- Validando nombre archivo: 'Pte02 Joven OS 02_Cinematica.txt' ---
2025-06-17 23:48:38,647 - DEBUG - [kineviz.ui.utils.validators] - VIs definidas: [{'name': 'Edad', 'descriptors': ['Adulto', 'Joven', 'Mayor'], 'allows_combination': False, 'is_mandatory': False}, {'name': 'Peso', 'descriptors': ['OS', 'NP', 'BP'], 'allows_combination': False, 'is_mandatory': False}]
2025-06-17 23:48:38,647 - DEBUG - [kineviz.ui.utils.validators] - Nombre base extraído: 'Pte02 Joven OS 02'
2025-06-17 23:48:38,647 - DEBUG - [kineviz.ui.utils.validators] - Partes del nombre base: ['Pte02', 'Joven', 'OS', '02']
2025-06-17 23:48:38,647 - DEBUG - [kineviz.ui.utils.validators] - Partes intermedias (sub-valores): ['Joven', 'OS']
2025-06-17 23:48:38,647 - DEBUG - [kineviz.ui.utils.validators] - Número VIs definidas: 2, Partes intermedias encontradas: 2
2025-06-17 23:48:38,647 - DEBUG - [kineviz.ui.utils.validators] - Parte 1: 'Joven' es válido para VI 'Edad'.
2025-06-17 23:48:38,647 - DEBUG - [kineviz.ui.utils.validators] - Parte 2: 'OS' es válido para VI 'Peso'.
2025-06-17 23:48:38,647 - DEBUG - [kineviz.ui.utils.validators] - Validación exitosa. Sujeto: Pte02, Sub-valores: ['Joven', 'OS'], Intento: 2
2025-06-17 23:48:38,647 - DEBUG - [kineviz.ui.utils.validators] - --- Validando nombre archivo: 'Pte02 Joven OS 03_Cinematica.txt' ---
2025-06-17 23:48:38,647 - DEBUG - [kineviz.ui.utils.validators] - VIs definidas: [{'name': 'Edad', 'descriptors': ['Adulto', 'Joven', 'Mayor'], 'allows_combination': False, 'is_mandatory': False}, {'name': 'Peso', 'descriptors': ['OS', 'NP', 'BP'], 'allows_combination': False, 'is_mandatory': False}]
2025-06-17 23:48:38,647 - DEBUG - [kineviz.ui.utils.validators] - Nombre base extraído: 'Pte02 Joven OS 03'
2025-06-17 23:48:38,647 - DEBUG - [kineviz.ui.utils.validators] - Partes del nombre base: ['Pte02', 'Joven', 'OS', '03']
2025-06-17 23:48:38,647 - DEBUG - [kineviz.ui.utils.validators] - Partes intermedias (sub-valores): ['Joven', 'OS']
2025-06-17 23:48:38,647 - DEBUG - [kineviz.ui.utils.validators] - Número VIs definidas: 2, Partes intermedias encontradas: 2
2025-06-17 23:48:38,647 - DEBUG - [kineviz.ui.utils.validators] - Parte 1: 'Joven' es válido para VI 'Edad'.
2025-06-17 23:48:38,648 - DEBUG - [kineviz.ui.utils.validators] - Parte 2: 'OS' es válido para VI 'Peso'.
2025-06-17 23:48:38,648 - DEBUG - [kineviz.ui.utils.validators] - Validación exitosa. Sujeto: Pte02, Sub-valores: ['Joven', 'OS'], Intento: 3
2025-06-17 23:48:38,648 - DEBUG - [kineviz.ui.utils.validators] - --- Validando nombre archivo: 'Pte02 Joven OS 01_Cinematica.txt' ---
2025-06-17 23:48:38,648 - DEBUG - [kineviz.ui.utils.validators] - VIs definidas: [{'name': 'Edad', 'descriptors': ['Adulto', 'Joven', 'Mayor'], 'allows_combination': False, 'is_mandatory': False}, {'name': 'Peso', 'descriptors': ['OS', 'NP', 'BP'], 'allows_combination': False, 'is_mandatory': False}]
2025-06-17 23:48:38,648 - DEBUG - [kineviz.ui.utils.validators] - Nombre base extraído: 'Pte02 Joven OS 01'
2025-06-17 23:48:38,648 - DEBUG - [kineviz.ui.utils.validators] - Partes del nombre base: ['Pte02', 'Joven', 'OS', '01']
2025-06-17 23:48:38,648 - DEBUG - [kineviz.ui.utils.validators] - Partes intermedias (sub-valores): ['Joven', 'OS']
2025-06-17 23:48:38,648 - DEBUG - [kineviz.ui.utils.validators] - Número VIs definidas: 2, Partes intermedias encontradas: 2
2025-06-17 23:48:38,648 - DEBUG - [kineviz.ui.utils.validators] - Parte 1: 'Joven' es válido para VI 'Edad'.
2025-06-17 23:48:38,648 - DEBUG - [kineviz.ui.utils.validators] - Parte 2: 'OS' es válido para VI 'Peso'.
2025-06-17 23:48:38,648 - DEBUG - [kineviz.ui.utils.validators] - Validación exitosa. Sujeto: Pte02, Sub-valores: ['Joven', 'OS'], Intento: 1
2025-06-17 23:48:38,648 - DEBUG - [kineviz.ui.utils.validators] - --- Validando nombre archivo: 'Pte03 Joven BP 02_Cinematica.txt' ---
2025-06-17 23:48:38,648 - DEBUG - [kineviz.ui.utils.validators] - VIs definidas: [{'name': 'Edad', 'descriptors': ['Adulto', 'Joven', 'Mayor'], 'allows_combination': False, 'is_mandatory': False}, {'name': 'Peso', 'descriptors': ['OS', 'NP', 'BP'], 'allows_combination': False, 'is_mandatory': False}]
2025-06-17 23:48:38,648 - DEBUG - [kineviz.ui.utils.validators] - Nombre base extraído: 'Pte03 Joven BP 02'
2025-06-17 23:48:38,648 - DEBUG - [kineviz.ui.utils.validators] - Partes del nombre base: ['Pte03', 'Joven', 'BP', '02']
2025-06-17 23:48:38,648 - DEBUG - [kineviz.ui.utils.validators] - Partes intermedias (sub-valores): ['Joven', 'BP']
2025-06-17 23:48:38,648 - DEBUG - [kineviz.ui.utils.validators] - Número VIs definidas: 2, Partes intermedias encontradas: 2
2025-06-17 23:48:38,648 - DEBUG - [kineviz.ui.utils.validators] - Parte 1: 'Joven' es válido para VI 'Edad'.
2025-06-17 23:48:38,648 - DEBUG - [kineviz.ui.utils.validators] - Parte 2: 'BP' es válido para VI 'Peso'.
2025-06-17 23:48:38,648 - DEBUG - [kineviz.ui.utils.validators] - Validación exitosa. Sujeto: Pte03, Sub-valores: ['Joven', 'BP'], Intento: 2
2025-06-17 23:48:38,648 - DEBUG - [kineviz.ui.utils.validators] - --- Validando nombre archivo: 'Pte03 Joven BP 03_Cinematica.txt' ---
2025-06-17 23:48:38,648 - DEBUG - [kineviz.ui.utils.validators] - VIs definidas: [{'name': 'Edad', 'descriptors': ['Adulto', 'Joven', 'Mayor'], 'allows_combination': False, 'is_mandatory': False}, {'name': 'Peso', 'descriptors': ['OS', 'NP', 'BP'], 'allows_combination': False, 'is_mandatory': False}]
2025-06-17 23:48:38,648 - DEBUG - [kineviz.ui.utils.validators] - Nombre base extraído: 'Pte03 Joven BP 03'
2025-06-17 23:48:38,648 - DEBUG - [kineviz.ui.utils.validators] - Partes del nombre base: ['Pte03', 'Joven', 'BP', '03']
2025-06-17 23:48:38,649 - DEBUG - [kineviz.ui.utils.validators] - Partes intermedias (sub-valores): ['Joven', 'BP']
2025-06-17 23:48:38,649 - DEBUG - [kineviz.ui.utils.validators] - Número VIs definidas: 2, Partes intermedias encontradas: 2
2025-06-17 23:48:38,649 - DEBUG - [kineviz.ui.utils.validators] - Parte 1: 'Joven' es válido para VI 'Edad'.
2025-06-17 23:48:38,649 - DEBUG - [kineviz.ui.utils.validators] - Parte 2: 'BP' es válido para VI 'Peso'.
2025-06-17 23:48:38,649 - DEBUG - [kineviz.ui.utils.validators] - Validación exitosa. Sujeto: Pte03, Sub-valores: ['Joven', 'BP'], Intento: 3
2025-06-17 23:48:38,649 - DEBUG - [kineviz.ui.utils.validators] - --- Validando nombre archivo: 'Pte03 Joven BP 01_Cinematica.txt' ---
2025-06-17 23:48:38,649 - DEBUG - [kineviz.ui.utils.validators] - VIs definidas: [{'name': 'Edad', 'descriptors': ['Adulto', 'Joven', 'Mayor'], 'allows_combination': False, 'is_mandatory': False}, {'name': 'Peso', 'descriptors': ['OS', 'NP', 'BP'], 'allows_combination': False, 'is_mandatory': False}]
2025-06-17 23:48:38,649 - DEBUG - [kineviz.ui.utils.validators] - Nombre base extraído: 'Pte03 Joven BP 01'
2025-06-17 23:48:38,649 - DEBUG - [kineviz.ui.utils.validators] - Partes del nombre base: ['Pte03', 'Joven', 'BP', '01']
2025-06-17 23:48:38,649 - DEBUG - [kineviz.ui.utils.validators] - Partes intermedias (sub-valores): ['Joven', 'BP']
2025-06-17 23:48:38,649 - DEBUG - [kineviz.ui.utils.validators] - Número VIs definidas: 2, Partes intermedias encontradas: 2
2025-06-17 23:48:38,649 - DEBUG - [kineviz.ui.utils.validators] - Parte 1: 'Joven' es válido para VI 'Edad'.
2025-06-17 23:48:38,649 - DEBUG - [kineviz.ui.utils.validators] - Parte 2: 'BP' es válido para VI 'Peso'.
2025-06-17 23:48:38,649 - DEBUG - [kineviz.ui.utils.validators] - Validación exitosa. Sujeto: Pte03, Sub-valores: ['Joven', 'BP'], Intento: 1
2025-06-17 23:48:38,649 - DEBUG - [kineviz.ui.utils.validators] - --- Validando nombre archivo: 'Pte04 Mayor NP 03_Cinematica.txt' ---
2025-06-17 23:48:38,649 - DEBUG - [kineviz.ui.utils.validators] - VIs definidas: [{'name': 'Edad', 'descriptors': ['Adulto', 'Joven', 'Mayor'], 'allows_combination': False, 'is_mandatory': False}, {'name': 'Peso', 'descriptors': ['OS', 'NP', 'BP'], 'allows_combination': False, 'is_mandatory': False}]
2025-06-17 23:48:38,649 - DEBUG - [kineviz.ui.utils.validators] - Nombre base extraído: 'Pte04 Mayor NP 03'
2025-06-17 23:48:38,649 - DEBUG - [kineviz.ui.utils.validators] - Partes del nombre base: ['Pte04', 'Mayor', 'NP', '03']
2025-06-17 23:48:38,649 - DEBUG - [kineviz.ui.utils.validators] - Partes intermedias (sub-valores): ['Mayor', 'NP']
2025-06-17 23:48:38,649 - DEBUG - [kineviz.ui.utils.validators] - Número VIs definidas: 2, Partes intermedias encontradas: 2
2025-06-17 23:48:38,649 - DEBUG - [kineviz.ui.utils.validators] - Parte 1: 'Mayor' es válido para VI 'Edad'.
2025-06-17 23:48:38,649 - DEBUG - [kineviz.ui.utils.validators] - Parte 2: 'NP' es válido para VI 'Peso'.
2025-06-17 23:48:38,649 - DEBUG - [kineviz.ui.utils.validators] - Validación exitosa. Sujeto: Pte04, Sub-valores: ['Mayor', 'NP'], Intento: 3
2025-06-17 23:48:38,649 - DEBUG - [kineviz.ui.utils.validators] - --- Validando nombre archivo: 'Pte04 Mayor NP 02_Cinematica.txt' ---
2025-06-17 23:48:38,649 - DEBUG - [kineviz.ui.utils.validators] - VIs definidas: [{'name': 'Edad', 'descriptors': ['Adulto', 'Joven', 'Mayor'], 'allows_combination': False, 'is_mandatory': False}, {'name': 'Peso', 'descriptors': ['OS', 'NP', 'BP'], 'allows_combination': False, 'is_mandatory': False}]
2025-06-17 23:48:38,649 - DEBUG - [kineviz.ui.utils.validators] - Nombre base extraído: 'Pte04 Mayor NP 02'
2025-06-17 23:48:38,650 - DEBUG - [kineviz.ui.utils.validators] - Partes del nombre base: ['Pte04', 'Mayor', 'NP', '02']
2025-06-17 23:48:38,650 - DEBUG - [kineviz.ui.utils.validators] - Partes intermedias (sub-valores): ['Mayor', 'NP']
2025-06-17 23:48:38,650 - DEBUG - [kineviz.ui.utils.validators] - Número VIs definidas: 2, Partes intermedias encontradas: 2
2025-06-17 23:48:38,650 - DEBUG - [kineviz.ui.utils.validators] - Parte 1: 'Mayor' es válido para VI 'Edad'.
2025-06-17 23:48:38,650 - DEBUG - [kineviz.ui.utils.validators] - Parte 2: 'NP' es válido para VI 'Peso'.
2025-06-17 23:48:38,650 - DEBUG - [kineviz.ui.utils.validators] - Validación exitosa. Sujeto: Pte04, Sub-valores: ['Mayor', 'NP'], Intento: 2
2025-06-17 23:48:38,650 - DEBUG - [kineviz.ui.utils.validators] - --- Validando nombre archivo: 'Pte04 Mayor NP 01_Cinematica.txt' ---
2025-06-17 23:48:38,650 - DEBUG - [kineviz.ui.utils.validators] - VIs definidas: [{'name': 'Edad', 'descriptors': ['Adulto', 'Joven', 'Mayor'], 'allows_combination': False, 'is_mandatory': False}, {'name': 'Peso', 'descriptors': ['OS', 'NP', 'BP'], 'allows_combination': False, 'is_mandatory': False}]
2025-06-17 23:48:38,650 - DEBUG - [kineviz.ui.utils.validators] - Nombre base extraído: 'Pte04 Mayor NP 01'
2025-06-17 23:48:38,650 - DEBUG - [kineviz.ui.utils.validators] - Partes del nombre base: ['Pte04', 'Mayor', 'NP', '01']
2025-06-17 23:48:38,650 - DEBUG - [kineviz.ui.utils.validators] - Partes intermedias (sub-valores): ['Mayor', 'NP']
2025-06-17 23:48:38,650 - DEBUG - [kineviz.ui.utils.validators] - Número VIs definidas: 2, Partes intermedias encontradas: 2
2025-06-17 23:48:38,650 - DEBUG - [kineviz.ui.utils.validators] - Parte 1: 'Mayor' es válido para VI 'Edad'.
2025-06-17 23:48:38,650 - DEBUG - [kineviz.ui.utils.validators] - Parte 2: 'NP' es válido para VI 'Peso'.
2025-06-17 23:48:38,650 - DEBUG - [kineviz.ui.utils.validators] - Validación exitosa. Sujeto: Pte04, Sub-valores: ['Mayor', 'NP'], Intento: 1
2025-06-17 23:48:38,650 - DEBUG - [kineviz.ui.utils.validators] - --- Validando nombre archivo: 'Pte08 Adulto OS 01_Cinematica.txt' ---
2025-06-17 23:48:38,650 - DEBUG - [kineviz.ui.utils.validators] - VIs definidas: [{'name': 'Edad', 'descriptors': ['Adulto', 'Joven', 'Mayor'], 'allows_combination': False, 'is_mandatory': False}, {'name': 'Peso', 'descriptors': ['OS', 'NP', 'BP'], 'allows_combination': False, 'is_mandatory': False}]
2025-06-17 23:48:38,650 - DEBUG - [kineviz.ui.utils.validators] - Nombre base extraído: 'Pte08 Adulto OS 01'
2025-06-17 23:48:38,650 - DEBUG - [kineviz.ui.utils.validators] - Partes del nombre base: ['Pte08', 'Adulto', 'OS', '01']
2025-06-17 23:48:38,650 - DEBUG - [kineviz.ui.utils.validators] - Partes intermedias (sub-valores): ['Adulto', 'OS']
2025-06-17 23:48:38,650 - DEBUG - [kineviz.ui.utils.validators] - Número VIs definidas: 2, Partes intermedias encontradas: 2
2025-06-17 23:48:38,650 - DEBUG - [kineviz.ui.utils.validators] - Parte 1: 'Adulto' es válido para VI 'Edad'.
2025-06-17 23:48:38,650 - DEBUG - [kineviz.ui.utils.validators] - Parte 2: 'OS' es válido para VI 'Peso'.
2025-06-17 23:48:38,650 - DEBUG - [kineviz.ui.utils.validators] - Validación exitosa. Sujeto: Pte08, Sub-valores: ['Adulto', 'OS'], Intento: 1
2025-06-17 23:48:38,650 - DEBUG - [kineviz.ui.utils.validators] - --- Validando nombre archivo: 'Pte08 Adulto OS 03_Cinematica.txt' ---
2025-06-17 23:48:38,650 - DEBUG - [kineviz.ui.utils.validators] - VIs definidas: [{'name': 'Edad', 'descriptors': ['Adulto', 'Joven', 'Mayor'], 'allows_combination': False, 'is_mandatory': False}, {'name': 'Peso', 'descriptors': ['OS', 'NP', 'BP'], 'allows_combination': False, 'is_mandatory': False}]
2025-06-17 23:48:38,651 - DEBUG - [kineviz.ui.utils.validators] - Nombre base extraído: 'Pte08 Adulto OS 03'
2025-06-17 23:48:38,651 - DEBUG - [kineviz.ui.utils.validators] - Partes del nombre base: ['Pte08', 'Adulto', 'OS', '03']
2025-06-17 23:48:38,651 - DEBUG - [kineviz.ui.utils.validators] - Partes intermedias (sub-valores): ['Adulto', 'OS']
2025-06-17 23:48:38,651 - DEBUG - [kineviz.ui.utils.validators] - Número VIs definidas: 2, Partes intermedias encontradas: 2
2025-06-17 23:48:38,651 - DEBUG - [kineviz.ui.utils.validators] - Parte 1: 'Adulto' es válido para VI 'Edad'.
2025-06-17 23:48:38,651 - DEBUG - [kineviz.ui.utils.validators] - Parte 2: 'OS' es válido para VI 'Peso'.
2025-06-17 23:48:38,651 - DEBUG - [kineviz.ui.utils.validators] - Validación exitosa. Sujeto: Pte08, Sub-valores: ['Adulto', 'OS'], Intento: 3
2025-06-17 23:48:38,651 - DEBUG - [kineviz.ui.utils.validators] - --- Validando nombre archivo: 'Pte08 Adulto OS 02_Cinematica.txt' ---
2025-06-17 23:48:38,651 - DEBUG - [kineviz.ui.utils.validators] - VIs definidas: [{'name': 'Edad', 'descriptors': ['Adulto', 'Joven', 'Mayor'], 'allows_combination': False, 'is_mandatory': False}, {'name': 'Peso', 'descriptors': ['OS', 'NP', 'BP'], 'allows_combination': False, 'is_mandatory': False}]
2025-06-17 23:48:38,651 - DEBUG - [kineviz.ui.utils.validators] - Nombre base extraído: 'Pte08 Adulto OS 02'
2025-06-17 23:48:38,651 - DEBUG - [kineviz.ui.utils.validators] - Partes del nombre base: ['Pte08', 'Adulto', 'OS', '02']
2025-06-17 23:48:38,651 - DEBUG - [kineviz.ui.utils.validators] - Partes intermedias (sub-valores): ['Adulto', 'OS']
2025-06-17 23:48:38,651 - DEBUG - [kineviz.ui.utils.validators] - Número VIs definidas: 2, Partes intermedias encontradas: 2
2025-06-17 23:48:38,651 - DEBUG - [kineviz.ui.utils.validators] - Parte 1: 'Adulto' es válido para VI 'Edad'.
2025-06-17 23:48:38,651 - DEBUG - [kineviz.ui.utils.validators] - Parte 2: 'OS' es válido para VI 'Peso'.
2025-06-17 23:48:38,651 - DEBUG - [kineviz.ui.utils.validators] - Validación exitosa. Sujeto: Pte08, Sub-valores: ['Adulto', 'OS'], Intento: 2
2025-06-17 23:48:38,651 - DEBUG - [kineviz.ui.utils.validators] - --- Validando nombre archivo: 'Pte01 Joven NP 03_Cinematica.txt' ---
2025-06-17 23:48:38,651 - DEBUG - [kineviz.ui.utils.validators] - VIs definidas: [{'name': 'Edad', 'descriptors': ['Adulto', 'Joven', 'Mayor'], 'allows_combination': False, 'is_mandatory': False}, {'name': 'Peso', 'descriptors': ['OS', 'NP', 'BP'], 'allows_combination': False, 'is_mandatory': False}]
2025-06-17 23:48:38,651 - DEBUG - [kineviz.ui.utils.validators] - Nombre base extraído: 'Pte01 Joven NP 03'
2025-06-17 23:48:38,651 - DEBUG - [kineviz.ui.utils.validators] - Partes del nombre base: ['Pte01', 'Joven', 'NP', '03']
2025-06-17 23:48:38,651 - DEBUG - [kineviz.ui.utils.validators] - Partes intermedias (sub-valores): ['Joven', 'NP']
2025-06-17 23:48:38,651 - DEBUG - [kineviz.ui.utils.validators] - Número VIs definidas: 2, Partes intermedias encontradas: 2
2025-06-17 23:48:38,651 - DEBUG - [kineviz.ui.utils.validators] - Parte 1: 'Joven' es válido para VI 'Edad'.
2025-06-17 23:48:38,651 - DEBUG - [kineviz.ui.utils.validators] - Parte 2: 'NP' es válido para VI 'Peso'.
2025-06-17 23:48:38,651 - DEBUG - [kineviz.ui.utils.validators] - Validación exitosa. Sujeto: Pte01, Sub-valores: ['Joven', 'NP'], Intento: 3
2025-06-17 23:48:38,651 - DEBUG - [kineviz.ui.utils.validators] - --- Validando nombre archivo: 'Pte01 Joven NP 02_Cinematica.txt' ---
2025-06-17 23:48:38,652 - DEBUG - [kineviz.ui.utils.validators] - VIs definidas: [{'name': 'Edad', 'descriptors': ['Adulto', 'Joven', 'Mayor'], 'allows_combination': False, 'is_mandatory': False}, {'name': 'Peso', 'descriptors': ['OS', 'NP', 'BP'], 'allows_combination': False, 'is_mandatory': False}]
2025-06-17 23:48:38,652 - DEBUG - [kineviz.ui.utils.validators] - Nombre base extraído: 'Pte01 Joven NP 02'
2025-06-17 23:48:38,652 - DEBUG - [kineviz.ui.utils.validators] - Partes del nombre base: ['Pte01', 'Joven', 'NP', '02']
2025-06-17 23:48:38,652 - DEBUG - [kineviz.ui.utils.validators] - Partes intermedias (sub-valores): ['Joven', 'NP']
2025-06-17 23:48:38,652 - DEBUG - [kineviz.ui.utils.validators] - Número VIs definidas: 2, Partes intermedias encontradas: 2
2025-06-17 23:48:38,652 - DEBUG - [kineviz.ui.utils.validators] - Parte 1: 'Joven' es válido para VI 'Edad'.
2025-06-17 23:48:38,652 - DEBUG - [kineviz.ui.utils.validators] - Parte 2: 'NP' es válido para VI 'Peso'.
2025-06-17 23:48:38,652 - DEBUG - [kineviz.ui.utils.validators] - Validación exitosa. Sujeto: Pte01, Sub-valores: ['Joven', 'NP'], Intento: 2
2025-06-17 23:48:38,652 - DEBUG - [kineviz.ui.utils.validators] - --- Validando nombre archivo: 'Pte01 Joven NP 01_Cinematica.txt' ---
2025-06-17 23:48:38,652 - DEBUG - [kineviz.ui.utils.validators] - VIs definidas: [{'name': 'Edad', 'descriptors': ['Adulto', 'Joven', 'Mayor'], 'allows_combination': False, 'is_mandatory': False}, {'name': 'Peso', 'descriptors': ['OS', 'NP', 'BP'], 'allows_combination': False, 'is_mandatory': False}]
2025-06-17 23:48:38,652 - DEBUG - [kineviz.ui.utils.validators] - Nombre base extraído: 'Pte01 Joven NP 01'
2025-06-17 23:48:38,652 - DEBUG - [kineviz.ui.utils.validators] - Partes del nombre base: ['Pte01', 'Joven', 'NP', '01']
2025-06-17 23:48:38,652 - DEBUG - [kineviz.ui.utils.validators] - Partes intermedias (sub-valores): ['Joven', 'NP']
2025-06-17 23:48:38,652 - DEBUG - [kineviz.ui.utils.validators] - Número VIs definidas: 2, Partes intermedias encontradas: 2
2025-06-17 23:48:38,652 - DEBUG - [kineviz.ui.utils.validators] - Parte 1: 'Joven' es válido para VI 'Edad'.
2025-06-17 23:48:38,652 - DEBUG - [kineviz.ui.utils.validators] - Parte 2: 'NP' es válido para VI 'Peso'.
2025-06-17 23:48:38,652 - DEBUG - [kineviz.ui.utils.validators] - Validación exitosa. Sujeto: Pte01, Sub-valores: ['Joven', 'NP'], Intento: 1
2025-06-17 23:48:38,652 - DEBUG - [kineviz.ui.utils.validators] - --- Validando nombre archivo: 'Pte06 Mayor BP 02_Cinematica.txt' ---
2025-06-17 23:48:38,652 - DEBUG - [kineviz.ui.utils.validators] - VIs definidas: [{'name': 'Edad', 'descriptors': ['Adulto', 'Joven', 'Mayor'], 'allows_combination': False, 'is_mandatory': False}, {'name': 'Peso', 'descriptors': ['OS', 'NP', 'BP'], 'allows_combination': False, 'is_mandatory': False}]
2025-06-17 23:48:38,652 - DEBUG - [kineviz.ui.utils.validators] - Nombre base extraído: 'Pte06 Mayor BP 02'
2025-06-17 23:48:38,652 - DEBUG - [kineviz.ui.utils.validators] - Partes del nombre base: ['Pte06', 'Mayor', 'BP', '02']
2025-06-17 23:48:38,652 - DEBUG - [kineviz.ui.utils.validators] - Partes intermedias (sub-valores): ['Mayor', 'BP']
2025-06-17 23:48:38,652 - DEBUG - [kineviz.ui.utils.validators] - Número VIs definidas: 2, Partes intermedias encontradas: 2
2025-06-17 23:48:38,652 - DEBUG - [kineviz.ui.utils.validators] - Parte 1: 'Mayor' es válido para VI 'Edad'.
2025-06-17 23:48:38,652 - DEBUG - [kineviz.ui.utils.validators] - Parte 2: 'BP' es válido para VI 'Peso'.
2025-06-17 23:48:38,653 - DEBUG - [kineviz.ui.utils.validators] - Validación exitosa. Sujeto: Pte06, Sub-valores: ['Mayor', 'BP'], Intento: 2
2025-06-17 23:48:38,653 - DEBUG - [kineviz.ui.utils.validators] - --- Validando nombre archivo: 'Pte06 Mayor BP 03_Cinematica.txt' ---
2025-06-17 23:48:38,653 - DEBUG - [kineviz.ui.utils.validators] - VIs definidas: [{'name': 'Edad', 'descriptors': ['Adulto', 'Joven', 'Mayor'], 'allows_combination': False, 'is_mandatory': False}, {'name': 'Peso', 'descriptors': ['OS', 'NP', 'BP'], 'allows_combination': False, 'is_mandatory': False}]
2025-06-17 23:48:38,653 - DEBUG - [kineviz.ui.utils.validators] - Nombre base extraído: 'Pte06 Mayor BP 03'
2025-06-17 23:48:38,653 - DEBUG - [kineviz.ui.utils.validators] - Partes del nombre base: ['Pte06', 'Mayor', 'BP', '03']
2025-06-17 23:48:38,653 - DEBUG - [kineviz.ui.utils.validators] - Partes intermedias (sub-valores): ['Mayor', 'BP']
2025-06-17 23:48:38,653 - DEBUG - [kineviz.ui.utils.validators] - Número VIs definidas: 2, Partes intermedias encontradas: 2
2025-06-17 23:48:38,653 - DEBUG - [kineviz.ui.utils.validators] - Parte 1: 'Mayor' es válido para VI 'Edad'.
2025-06-17 23:48:38,653 - DEBUG - [kineviz.ui.utils.validators] - Parte 2: 'BP' es válido para VI 'Peso'.
2025-06-17 23:48:38,653 - DEBUG - [kineviz.ui.utils.validators] - Validación exitosa. Sujeto: Pte06, Sub-valores: ['Mayor', 'BP'], Intento: 3
2025-06-17 23:48:38,653 - DEBUG - [kineviz.ui.utils.validators] - --- Validando nombre archivo: 'Pte06 Mayor BP 01_Cinematica.txt' ---
2025-06-17 23:48:38,653 - DEBUG - [kineviz.ui.utils.validators] - VIs definidas: [{'name': 'Edad', 'descriptors': ['Adulto', 'Joven', 'Mayor'], 'allows_combination': False, 'is_mandatory': False}, {'name': 'Peso', 'descriptors': ['OS', 'NP', 'BP'], 'allows_combination': False, 'is_mandatory': False}]
2025-06-17 23:48:38,653 - DEBUG - [kineviz.ui.utils.validators] - Nombre base extraído: 'Pte06 Mayor BP 01'
2025-06-17 23:48:38,653 - DEBUG - [kineviz.ui.utils.validators] - Partes del nombre base: ['Pte06', 'Mayor', 'BP', '01']
2025-06-17 23:48:38,653 - DEBUG - [kineviz.ui.utils.validators] - Partes intermedias (sub-valores): ['Mayor', 'BP']
2025-06-17 23:48:38,653 - DEBUG - [kineviz.ui.utils.validators] - Número VIs definidas: 2, Partes intermedias encontradas: 2
2025-06-17 23:48:38,653 - DEBUG - [kineviz.ui.utils.validators] - Parte 1: 'Mayor' es válido para VI 'Edad'.
2025-06-17 23:48:38,653 - DEBUG - [kineviz.ui.utils.validators] - Parte 2: 'BP' es válido para VI 'Peso'.
2025-06-17 23:48:38,653 - DEBUG - [kineviz.ui.utils.validators] - Validación exitosa. Sujeto: Pte06, Sub-valores: ['Mayor', 'BP'], Intento: 1
2025-06-17 23:48:38,653 - DEBUG - [kineviz.ui.utils.validators] - --- Validando nombre archivo: 'Pte07 Adulto NP 01_Cinematica.txt' ---
2025-06-17 23:48:38,653 - DEBUG - [kineviz.ui.utils.validators] - VIs definidas: [{'name': 'Edad', 'descriptors': ['Adulto', 'Joven', 'Mayor'], 'allows_combination': False, 'is_mandatory': False}, {'name': 'Peso', 'descriptors': ['OS', 'NP', 'BP'], 'allows_combination': False, 'is_mandatory': False}]
2025-06-17 23:48:38,653 - DEBUG - [kineviz.ui.utils.validators] - Nombre base extraído: 'Pte07 Adulto NP 01'
2025-06-17 23:48:38,653 - DEBUG - [kineviz.ui.utils.validators] - Partes del nombre base: ['Pte07', 'Adulto', 'NP', '01']
2025-06-17 23:48:38,653 - DEBUG - [kineviz.ui.utils.validators] - Partes intermedias (sub-valores): ['Adulto', 'NP']
2025-06-17 23:48:38,653 - DEBUG - [kineviz.ui.utils.validators] - Número VIs definidas: 2, Partes intermedias encontradas: 2
2025-06-17 23:48:38,654 - DEBUG - [kineviz.ui.utils.validators] - Parte 1: 'Adulto' es válido para VI 'Edad'.
2025-06-17 23:48:38,654 - DEBUG - [kineviz.ui.utils.validators] - Parte 2: 'NP' es válido para VI 'Peso'.
2025-06-17 23:48:38,654 - DEBUG - [kineviz.ui.utils.validators] - Validación exitosa. Sujeto: Pte07, Sub-valores: ['Adulto', 'NP'], Intento: 1
2025-06-17 23:48:38,654 - DEBUG - [kineviz.ui.utils.validators] - --- Validando nombre archivo: 'Pte07 Adulto NP 02_Cinematica.txt' ---
2025-06-17 23:48:38,654 - DEBUG - [kineviz.ui.utils.validators] - VIs definidas: [{'name': 'Edad', 'descriptors': ['Adulto', 'Joven', 'Mayor'], 'allows_combination': False, 'is_mandatory': False}, {'name': 'Peso', 'descriptors': ['OS', 'NP', 'BP'], 'allows_combination': False, 'is_mandatory': False}]
2025-06-17 23:48:38,654 - DEBUG - [kineviz.ui.utils.validators] - Nombre base extraído: 'Pte07 Adulto NP 02'
2025-06-17 23:48:38,654 - DEBUG - [kineviz.ui.utils.validators] - Partes del nombre base: ['Pte07', 'Adulto', 'NP', '02']
2025-06-17 23:48:38,654 - DEBUG - [kineviz.ui.utils.validators] - Partes intermedias (sub-valores): ['Adulto', 'NP']
2025-06-17 23:48:38,654 - DEBUG - [kineviz.ui.utils.validators] - Número VIs definidas: 2, Partes intermedias encontradas: 2
2025-06-17 23:48:38,654 - DEBUG - [kineviz.ui.utils.validators] - Parte 1: 'Adulto' es válido para VI 'Edad'.
2025-06-17 23:48:38,654 - DEBUG - [kineviz.ui.utils.validators] - Parte 2: 'NP' es válido para VI 'Peso'.
2025-06-17 23:48:38,654 - DEBUG - [kineviz.ui.utils.validators] - Validación exitosa. Sujeto: Pte07, Sub-valores: ['Adulto', 'NP'], Intento: 2
2025-06-17 23:48:38,654 - DEBUG - [kineviz.ui.utils.validators] - --- Validando nombre archivo: 'Pte07 Adulto NP 03_Cinematica.txt' ---
2025-06-17 23:48:38,654 - DEBUG - [kineviz.ui.utils.validators] - VIs definidas: [{'name': 'Edad', 'descriptors': ['Adulto', 'Joven', 'Mayor'], 'allows_combination': False, 'is_mandatory': False}, {'name': 'Peso', 'descriptors': ['OS', 'NP', 'BP'], 'allows_combination': False, 'is_mandatory': False}]
2025-06-17 23:48:38,654 - DEBUG - [kineviz.ui.utils.validators] - Nombre base extraído: 'Pte07 Adulto NP 03'
2025-06-17 23:48:38,654 - DEBUG - [kineviz.ui.utils.validators] - Partes del nombre base: ['Pte07', 'Adulto', 'NP', '03']
2025-06-17 23:48:38,654 - DEBUG - [kineviz.ui.utils.validators] - Partes intermedias (sub-valores): ['Adulto', 'NP']
2025-06-17 23:48:38,654 - DEBUG - [kineviz.ui.utils.validators] - Número VIs definidas: 2, Partes intermedias encontradas: 2
2025-06-17 23:48:38,654 - DEBUG - [kineviz.ui.utils.validators] - Parte 1: 'Adulto' es válido para VI 'Edad'.
2025-06-17 23:48:38,654 - DEBUG - [kineviz.ui.utils.validators] - Parte 2: 'NP' es válido para VI 'Peso'.
2025-06-17 23:48:38,654 - DEBUG - [kineviz.ui.utils.validators] - Validación exitosa. Sujeto: Pte07, Sub-valores: ['Adulto', 'NP'], Intento: 3
2025-06-17 23:48:38,654 - DEBUG - [kineviz.ui.utils.validators] - --- Validando nombre archivo: 'Pte09 Adulto BP 01_Cinematica.txt' ---
2025-06-17 23:48:38,654 - DEBUG - [kineviz.ui.utils.validators] - VIs definidas: [{'name': 'Edad', 'descriptors': ['Adulto', 'Joven', 'Mayor'], 'allows_combination': False, 'is_mandatory': False}, {'name': 'Peso', 'descriptors': ['OS', 'NP', 'BP'], 'allows_combination': False, 'is_mandatory': False}]
2025-06-17 23:48:38,654 - DEBUG - [kineviz.ui.utils.validators] - Nombre base extraído: 'Pte09 Adulto BP 01'
2025-06-17 23:48:38,654 - DEBUG - [kineviz.ui.utils.validators] - Partes del nombre base: ['Pte09', 'Adulto', 'BP', '01']
2025-06-17 23:48:38,655 - DEBUG - [kineviz.ui.utils.validators] - Partes intermedias (sub-valores): ['Adulto', 'BP']
2025-06-17 23:48:38,655 - DEBUG - [kineviz.ui.utils.validators] - Número VIs definidas: 2, Partes intermedias encontradas: 2
2025-06-17 23:48:38,655 - DEBUG - [kineviz.ui.utils.validators] - Parte 1: 'Adulto' es válido para VI 'Edad'.
2025-06-17 23:48:38,655 - DEBUG - [kineviz.ui.utils.validators] - Parte 2: 'BP' es válido para VI 'Peso'.
2025-06-17 23:48:38,655 - DEBUG - [kineviz.ui.utils.validators] - Validación exitosa. Sujeto: Pte09, Sub-valores: ['Adulto', 'BP'], Intento: 1
2025-06-17 23:48:38,655 - DEBUG - [kineviz.ui.utils.validators] - --- Validando nombre archivo: 'Pte09 Adulto BP 02_Cinematica.txt' ---
2025-06-17 23:48:38,655 - DEBUG - [kineviz.ui.utils.validators] - VIs definidas: [{'name': 'Edad', 'descriptors': ['Adulto', 'Joven', 'Mayor'], 'allows_combination': False, 'is_mandatory': False}, {'name': 'Peso', 'descriptors': ['OS', 'NP', 'BP'], 'allows_combination': False, 'is_mandatory': False}]
2025-06-17 23:48:38,655 - DEBUG - [kineviz.ui.utils.validators] - Nombre base extraído: 'Pte09 Adulto BP 02'
2025-06-17 23:48:38,655 - DEBUG - [kineviz.ui.utils.validators] - Partes del nombre base: ['Pte09', 'Adulto', 'BP', '02']
2025-06-17 23:48:38,655 - DEBUG - [kineviz.ui.utils.validators] - Partes intermedias (sub-valores): ['Adulto', 'BP']
2025-06-17 23:48:38,655 - DEBUG - [kineviz.ui.utils.validators] - Número VIs definidas: 2, Partes intermedias encontradas: 2
2025-06-17 23:48:38,655 - DEBUG - [kineviz.ui.utils.validators] - Parte 1: 'Adulto' es válido para VI 'Edad'.
2025-06-17 23:48:38,655 - DEBUG - [kineviz.ui.utils.validators] - Parte 2: 'BP' es válido para VI 'Peso'.
2025-06-17 23:48:38,655 - DEBUG - [kineviz.ui.utils.validators] - Validación exitosa. Sujeto: Pte09, Sub-valores: ['Adulto', 'BP'], Intento: 2
2025-06-17 23:48:38,655 - DEBUG - [kineviz.ui.utils.validators] - --- Validando nombre archivo: 'Pte09 Adulto BP 03_Cinematica.txt' ---
2025-06-17 23:48:38,655 - DEBUG - [kineviz.ui.utils.validators] - VIs definidas: [{'name': 'Edad', 'descriptors': ['Adulto', 'Joven', 'Mayor'], 'allows_combination': False, 'is_mandatory': False}, {'name': 'Peso', 'descriptors': ['OS', 'NP', 'BP'], 'allows_combination': False, 'is_mandatory': False}]
2025-06-17 23:48:38,655 - DEBUG - [kineviz.ui.utils.validators] - Nombre base extraído: 'Pte09 Adulto BP 03'
2025-06-17 23:48:38,655 - DEBUG - [kineviz.ui.utils.validators] - Partes del nombre base: ['Pte09', 'Adulto', 'BP', '03']
2025-06-17 23:48:38,655 - DEBUG - [kineviz.ui.utils.validators] - Partes intermedias (sub-valores): ['Adulto', 'BP']
2025-06-17 23:48:38,655 - DEBUG - [kineviz.ui.utils.validators] - Número VIs definidas: 2, Partes intermedias encontradas: 2
2025-06-17 23:48:38,655 - DEBUG - [kineviz.ui.utils.validators] - Parte 1: 'Adulto' es válido para VI 'Edad'.
2025-06-17 23:48:38,655 - DEBUG - [kineviz.ui.utils.validators] - Parte 2: 'BP' es válido para VI 'Peso'.
2025-06-17 23:48:38,655 - DEBUG - [kineviz.ui.utils.validators] - Validación exitosa. Sujeto: Pte09, Sub-valores: ['Adulto', 'BP'], Intento: 3
2025-06-17 23:48:38,655 - DEBUG - [kineviz.core.services.analysis_service] - Grupos identificados (9): {'Edad=Mayor;Peso=OS', 'Edad=Joven;Peso=OS', 'Edad=Adulto;Peso=OS', 'Edad=Mayor;Peso=NP', 'Edad=Mayor;Peso=BP', 'Edad=Adulto;Peso=BP', 'Edad=Joven;Peso=NP', 'Edad=Adulto;Peso=NP', 'Edad=Joven;Peso=BP'}
2025-06-17 23:48:38,661 - DEBUG - [kineviz.ui.dialogs.configure_individual_analysis_dialog] - Datos iniciales cargados: VIs=['Edad', 'Peso'], Sub-valores={'Edad': ['Adulto', 'Joven', 'Mayor'], 'Peso': ['OS', 'NP', 'BP']}, Alias={}
2025-06-17 23:48:38,661 - DEBUG - [kineviz.ui.dialogs.configure_individual_analysis_dialog] - Verificando disponibilidad de 'Cinematica' para estudio 2
2025-06-17 23:48:38,661 - INFO - [kineviz.ui.dialogs.configure_individual_analysis_dialog] - Tipo de Dato fijado a 'Cinematica' para análisis discreto.
2025-06-17 23:48:40,452 - DEBUG - [kineviz.ui.dialogs.configure_individual_analysis_dialog] - Limpiando grupos: falta información previa.
2025-06-17 23:48:40,639 - INFO - [kineviz.ui.dialogs.configure_individual_analysis_dialog] - Modo de agrupación seleccionado: 1VI
2025-06-17 23:48:41,966 - DEBUG - [kineviz.ui.dialogs.configure_individual_analysis_dialog] - Actualizando grupos filtrados: mode=1VI, freq=Cinematica, primary=Edad, fixed_vi=None, fixed_desc=None
2025-06-17 23:48:41,966 - INFO - [kineviz.core.services.analysis_service] - Filtrando grupos: mode=1VI, freq=Cinematica, primary=Edad, fixed_vi=None, fixed_desc=None
2025-06-17 23:48:41,967 - DEBUG - [kineviz.core.services.analysis_service] - Identificando grupos para estudio 2, frecuencia Cinematica
2025-06-17 23:48:41,974 - DEBUG - [kineviz.ui.utils.validators] - --- Validando nombre archivo: 'Pte05 Mayor OS 02_Cinematica.txt' ---
2025-06-17 23:48:41,974 - DEBUG - [kineviz.ui.utils.validators] - VIs definidas: [{'name': 'Edad', 'descriptors': ['Adulto', 'Joven', 'Mayor'], 'allows_combination': False, 'is_mandatory': False}, {'name': 'Peso', 'descriptors': ['OS', 'NP', 'BP'], 'allows_combination': False, 'is_mandatory': False}]
2025-06-17 23:48:41,974 - DEBUG - [kineviz.ui.utils.validators] - Nombre base extraído: 'Pte05 Mayor OS 02'
2025-06-17 23:48:41,974 - DEBUG - [kineviz.ui.utils.validators] - Partes del nombre base: ['Pte05', 'Mayor', 'OS', '02']
2025-06-17 23:48:41,974 - DEBUG - [kineviz.ui.utils.validators] - Partes intermedias (sub-valores): ['Mayor', 'OS']
2025-06-17 23:48:41,975 - DEBUG - [kineviz.ui.utils.validators] - Número VIs definidas: 2, Partes intermedias encontradas: 2
2025-06-17 23:48:41,975 - DEBUG - [kineviz.ui.utils.validators] - Parte 1: 'Mayor' es válido para VI 'Edad'.
2025-06-17 23:48:41,975 - DEBUG - [kineviz.ui.utils.validators] - Parte 2: 'OS' es válido para VI 'Peso'.
2025-06-17 23:48:41,975 - DEBUG - [kineviz.ui.utils.validators] - Validación exitosa. Sujeto: Pte05, Sub-valores: ['Mayor', 'OS'], Intento: 2
2025-06-17 23:48:41,975 - DEBUG - [kineviz.ui.utils.validators] - --- Validando nombre archivo: 'Pte02 Joven OS 02_Cinematica.txt' ---
2025-06-17 23:48:41,975 - DEBUG - [kineviz.ui.utils.validators] - VIs definidas: [{'name': 'Edad', 'descriptors': ['Adulto', 'Joven', 'Mayor'], 'allows_combination': False, 'is_mandatory': False}, {'name': 'Peso', 'descriptors': ['OS', 'NP', 'BP'], 'allows_combination': False, 'is_mandatory': False}]
2025-06-17 23:48:41,975 - DEBUG - [kineviz.ui.utils.validators] - Nombre base extraído: 'Pte02 Joven OS 02'
2025-06-17 23:48:41,975 - DEBUG - [kineviz.ui.utils.validators] - Partes del nombre base: ['Pte02', 'Joven', 'OS', '02']
2025-06-17 23:48:41,975 - DEBUG - [kineviz.ui.utils.validators] - Partes intermedias (sub-valores): ['Joven', 'OS']
2025-06-17 23:48:41,975 - DEBUG - [kineviz.ui.utils.validators] - Número VIs definidas: 2, Partes intermedias encontradas: 2
2025-06-17 23:48:41,975 - DEBUG - [kineviz.ui.utils.validators] - Parte 1: 'Joven' es válido para VI 'Edad'.
2025-06-17 23:48:41,975 - DEBUG - [kineviz.ui.utils.validators] - Parte 2: 'OS' es válido para VI 'Peso'.
2025-06-17 23:48:41,975 - DEBUG - [kineviz.ui.utils.validators] - Validación exitosa. Sujeto: Pte02, Sub-valores: ['Joven', 'OS'], Intento: 2
2025-06-17 23:48:41,975 - DEBUG - [kineviz.ui.utils.validators] - --- Validando nombre archivo: 'Pte02 Joven OS 03_Cinematica.txt' ---
2025-06-17 23:48:41,975 - DEBUG - [kineviz.ui.utils.validators] - VIs definidas: [{'name': 'Edad', 'descriptors': ['Adulto', 'Joven', 'Mayor'], 'allows_combination': False, 'is_mandatory': False}, {'name': 'Peso', 'descriptors': ['OS', 'NP', 'BP'], 'allows_combination': False, 'is_mandatory': False}]
2025-06-17 23:48:41,975 - DEBUG - [kineviz.ui.utils.validators] - Nombre base extraído: 'Pte02 Joven OS 03'
2025-06-17 23:48:41,975 - DEBUG - [kineviz.ui.utils.validators] - Partes del nombre base: ['Pte02', 'Joven', 'OS', '03']
2025-06-17 23:48:41,975 - DEBUG - [kineviz.ui.utils.validators] - Partes intermedias (sub-valores): ['Joven', 'OS']
2025-06-17 23:48:41,975 - DEBUG - [kineviz.ui.utils.validators] - Número VIs definidas: 2, Partes intermedias encontradas: 2
2025-06-17 23:48:41,976 - DEBUG - [kineviz.ui.utils.validators] - Parte 1: 'Joven' es válido para VI 'Edad'.
2025-06-17 23:48:41,976 - DEBUG - [kineviz.ui.utils.validators] - Parte 2: 'OS' es válido para VI 'Peso'.
2025-06-17 23:48:41,976 - DEBUG - [kineviz.ui.utils.validators] - Validación exitosa. Sujeto: Pte02, Sub-valores: ['Joven', 'OS'], Intento: 3
2025-06-17 23:48:41,976 - DEBUG - [kineviz.ui.utils.validators] - --- Validando nombre archivo: 'Pte02 Joven OS 01_Cinematica.txt' ---
2025-06-17 23:48:41,976 - DEBUG - [kineviz.ui.utils.validators] - VIs definidas: [{'name': 'Edad', 'descriptors': ['Adulto', 'Joven', 'Mayor'], 'allows_combination': False, 'is_mandatory': False}, {'name': 'Peso', 'descriptors': ['OS', 'NP', 'BP'], 'allows_combination': False, 'is_mandatory': False}]
2025-06-17 23:48:41,976 - DEBUG - [kineviz.ui.utils.validators] - Nombre base extraído: 'Pte02 Joven OS 01'
2025-06-17 23:48:41,976 - DEBUG - [kineviz.ui.utils.validators] - Partes del nombre base: ['Pte02', 'Joven', 'OS', '01']
2025-06-17 23:48:41,976 - DEBUG - [kineviz.ui.utils.validators] - Partes intermedias (sub-valores): ['Joven', 'OS']
2025-06-17 23:48:41,976 - DEBUG - [kineviz.ui.utils.validators] - Número VIs definidas: 2, Partes intermedias encontradas: 2
2025-06-17 23:48:41,976 - DEBUG - [kineviz.ui.utils.validators] - Parte 1: 'Joven' es válido para VI 'Edad'.
2025-06-17 23:48:41,976 - DEBUG - [kineviz.ui.utils.validators] - Parte 2: 'OS' es válido para VI 'Peso'.
2025-06-17 23:48:41,976 - DEBUG - [kineviz.ui.utils.validators] - Validación exitosa. Sujeto: Pte02, Sub-valores: ['Joven', 'OS'], Intento: 1
2025-06-17 23:48:41,976 - DEBUG - [kineviz.ui.utils.validators] - --- Validando nombre archivo: 'Pte03 Joven BP 02_Cinematica.txt' ---
2025-06-17 23:48:41,976 - DEBUG - [kineviz.ui.utils.validators] - VIs definidas: [{'name': 'Edad', 'descriptors': ['Adulto', 'Joven', 'Mayor'], 'allows_combination': False, 'is_mandatory': False}, {'name': 'Peso', 'descriptors': ['OS', 'NP', 'BP'], 'allows_combination': False, 'is_mandatory': False}]
2025-06-17 23:48:41,976 - DEBUG - [kineviz.ui.utils.validators] - Nombre base extraído: 'Pte03 Joven BP 02'
2025-06-17 23:48:41,976 - DEBUG - [kineviz.ui.utils.validators] - Partes del nombre base: ['Pte03', 'Joven', 'BP', '02']
2025-06-17 23:48:41,976 - DEBUG - [kineviz.ui.utils.validators] - Partes intermedias (sub-valores): ['Joven', 'BP']
2025-06-17 23:48:41,976 - DEBUG - [kineviz.ui.utils.validators] - Número VIs definidas: 2, Partes intermedias encontradas: 2
2025-06-17 23:48:41,976 - DEBUG - [kineviz.ui.utils.validators] - Parte 1: 'Joven' es válido para VI 'Edad'.
2025-06-17 23:48:41,976 - DEBUG - [kineviz.ui.utils.validators] - Parte 2: 'BP' es válido para VI 'Peso'.
2025-06-17 23:48:41,976 - DEBUG - [kineviz.ui.utils.validators] - Validación exitosa. Sujeto: Pte03, Sub-valores: ['Joven', 'BP'], Intento: 2
2025-06-17 23:48:41,976 - DEBUG - [kineviz.ui.utils.validators] - --- Validando nombre archivo: 'Pte03 Joven BP 03_Cinematica.txt' ---
2025-06-17 23:48:41,976 - DEBUG - [kineviz.ui.utils.validators] - VIs definidas: [{'name': 'Edad', 'descriptors': ['Adulto', 'Joven', 'Mayor'], 'allows_combination': False, 'is_mandatory': False}, {'name': 'Peso', 'descriptors': ['OS', 'NP', 'BP'], 'allows_combination': False, 'is_mandatory': False}]
2025-06-17 23:48:41,976 - DEBUG - [kineviz.ui.utils.validators] - Nombre base extraído: 'Pte03 Joven BP 03'
2025-06-17 23:48:41,976 - DEBUG - [kineviz.ui.utils.validators] - Partes del nombre base: ['Pte03', 'Joven', 'BP', '03']
2025-06-17 23:48:41,977 - DEBUG - [kineviz.ui.utils.validators] - Partes intermedias (sub-valores): ['Joven', 'BP']
2025-06-17 23:48:41,977 - DEBUG - [kineviz.ui.utils.validators] - Número VIs definidas: 2, Partes intermedias encontradas: 2
2025-06-17 23:48:41,977 - DEBUG - [kineviz.ui.utils.validators] - Parte 1: 'Joven' es válido para VI 'Edad'.
2025-06-17 23:48:41,977 - DEBUG - [kineviz.ui.utils.validators] - Parte 2: 'BP' es válido para VI 'Peso'.
2025-06-17 23:48:41,977 - DEBUG - [kineviz.ui.utils.validators] - Validación exitosa. Sujeto: Pte03, Sub-valores: ['Joven', 'BP'], Intento: 3
2025-06-17 23:48:41,977 - DEBUG - [kineviz.ui.utils.validators] - --- Validando nombre archivo: 'Pte03 Joven BP 01_Cinematica.txt' ---
2025-06-17 23:48:41,977 - DEBUG - [kineviz.ui.utils.validators] - VIs definidas: [{'name': 'Edad', 'descriptors': ['Adulto', 'Joven', 'Mayor'], 'allows_combination': False, 'is_mandatory': False}, {'name': 'Peso', 'descriptors': ['OS', 'NP', 'BP'], 'allows_combination': False, 'is_mandatory': False}]
2025-06-17 23:48:41,977 - DEBUG - [kineviz.ui.utils.validators] - Nombre base extraído: 'Pte03 Joven BP 01'
2025-06-17 23:48:41,977 - DEBUG - [kineviz.ui.utils.validators] - Partes del nombre base: ['Pte03', 'Joven', 'BP', '01']
2025-06-17 23:48:41,977 - DEBUG - [kineviz.ui.utils.validators] - Partes intermedias (sub-valores): ['Joven', 'BP']
2025-06-17 23:48:41,977 - DEBUG - [kineviz.ui.utils.validators] - Número VIs definidas: 2, Partes intermedias encontradas: 2
2025-06-17 23:48:41,977 - DEBUG - [kineviz.ui.utils.validators] - Parte 1: 'Joven' es válido para VI 'Edad'.
2025-06-17 23:48:41,977 - DEBUG - [kineviz.ui.utils.validators] - Parte 2: 'BP' es válido para VI 'Peso'.
2025-06-17 23:48:41,977 - DEBUG - [kineviz.ui.utils.validators] - Validación exitosa. Sujeto: Pte03, Sub-valores: ['Joven', 'BP'], Intento: 1
2025-06-17 23:48:41,977 - DEBUG - [kineviz.ui.utils.validators] - --- Validando nombre archivo: 'Pte04 Mayor NP 03_Cinematica.txt' ---
2025-06-17 23:48:41,977 - DEBUG - [kineviz.ui.utils.validators] - VIs definidas: [{'name': 'Edad', 'descriptors': ['Adulto', 'Joven', 'Mayor'], 'allows_combination': False, 'is_mandatory': False}, {'name': 'Peso', 'descriptors': ['OS', 'NP', 'BP'], 'allows_combination': False, 'is_mandatory': False}]
2025-06-17 23:48:41,977 - DEBUG - [kineviz.ui.utils.validators] - Nombre base extraído: 'Pte04 Mayor NP 03'
2025-06-17 23:48:41,977 - DEBUG - [kineviz.ui.utils.validators] - Partes del nombre base: ['Pte04', 'Mayor', 'NP', '03']
2025-06-17 23:48:41,977 - DEBUG - [kineviz.ui.utils.validators] - Partes intermedias (sub-valores): ['Mayor', 'NP']
2025-06-17 23:48:41,977 - DEBUG - [kineviz.ui.utils.validators] - Número VIs definidas: 2, Partes intermedias encontradas: 2
2025-06-17 23:48:41,977 - DEBUG - [kineviz.ui.utils.validators] - Parte 1: 'Mayor' es válido para VI 'Edad'.
2025-06-17 23:48:41,977 - DEBUG - [kineviz.ui.utils.validators] - Parte 2: 'NP' es válido para VI 'Peso'.
2025-06-17 23:48:41,977 - DEBUG - [kineviz.ui.utils.validators] - Validación exitosa. Sujeto: Pte04, Sub-valores: ['Mayor', 'NP'], Intento: 3
2025-06-17 23:48:41,977 - DEBUG - [kineviz.ui.utils.validators] - --- Validando nombre archivo: 'Pte04 Mayor NP 02_Cinematica.txt' ---
2025-06-17 23:48:41,977 - DEBUG - [kineviz.ui.utils.validators] - VIs definidas: [{'name': 'Edad', 'descriptors': ['Adulto', 'Joven', 'Mayor'], 'allows_combination': False, 'is_mandatory': False}, {'name': 'Peso', 'descriptors': ['OS', 'NP', 'BP'], 'allows_combination': False, 'is_mandatory': False}]
2025-06-17 23:48:41,977 - DEBUG - [kineviz.ui.utils.validators] - Nombre base extraído: 'Pte04 Mayor NP 02'
2025-06-17 23:48:41,978 - DEBUG - [kineviz.ui.utils.validators] - Partes del nombre base: ['Pte04', 'Mayor', 'NP', '02']
2025-06-17 23:48:41,978 - DEBUG - [kineviz.ui.utils.validators] - Partes intermedias (sub-valores): ['Mayor', 'NP']
2025-06-17 23:48:41,978 - DEBUG - [kineviz.ui.utils.validators] - Número VIs definidas: 2, Partes intermedias encontradas: 2
2025-06-17 23:48:41,978 - DEBUG - [kineviz.ui.utils.validators] - Parte 1: 'Mayor' es válido para VI 'Edad'.
2025-06-17 23:48:41,978 - DEBUG - [kineviz.ui.utils.validators] - Parte 2: 'NP' es válido para VI 'Peso'.
2025-06-17 23:48:41,978 - DEBUG - [kineviz.ui.utils.validators] - Validación exitosa. Sujeto: Pte04, Sub-valores: ['Mayor', 'NP'], Intento: 2
2025-06-17 23:48:41,978 - DEBUG - [kineviz.ui.utils.validators] - --- Validando nombre archivo: 'Pte04 Mayor NP 01_Cinematica.txt' ---
2025-06-17 23:48:41,978 - DEBUG - [kineviz.ui.utils.validators] - VIs definidas: [{'name': 'Edad', 'descriptors': ['Adulto', 'Joven', 'Mayor'], 'allows_combination': False, 'is_mandatory': False}, {'name': 'Peso', 'descriptors': ['OS', 'NP', 'BP'], 'allows_combination': False, 'is_mandatory': False}]
2025-06-17 23:48:41,978 - DEBUG - [kineviz.ui.utils.validators] - Nombre base extraído: 'Pte04 Mayor NP 01'
2025-06-17 23:48:41,978 - DEBUG - [kineviz.ui.utils.validators] - Partes del nombre base: ['Pte04', 'Mayor', 'NP', '01']
2025-06-17 23:48:41,978 - DEBUG - [kineviz.ui.utils.validators] - Partes intermedias (sub-valores): ['Mayor', 'NP']
2025-06-17 23:48:41,978 - DEBUG - [kineviz.ui.utils.validators] - Número VIs definidas: 2, Partes intermedias encontradas: 2
2025-06-17 23:48:41,978 - DEBUG - [kineviz.ui.utils.validators] - Parte 1: 'Mayor' es válido para VI 'Edad'.
2025-06-17 23:48:41,978 - DEBUG - [kineviz.ui.utils.validators] - Parte 2: 'NP' es válido para VI 'Peso'.
2025-06-17 23:48:41,978 - DEBUG - [kineviz.ui.utils.validators] - Validación exitosa. Sujeto: Pte04, Sub-valores: ['Mayor', 'NP'], Intento: 1
2025-06-17 23:48:41,978 - DEBUG - [kineviz.ui.utils.validators] - --- Validando nombre archivo: 'Pte08 Adulto OS 01_Cinematica.txt' ---
2025-06-17 23:48:41,978 - DEBUG - [kineviz.ui.utils.validators] - VIs definidas: [{'name': 'Edad', 'descriptors': ['Adulto', 'Joven', 'Mayor'], 'allows_combination': False, 'is_mandatory': False}, {'name': 'Peso', 'descriptors': ['OS', 'NP', 'BP'], 'allows_combination': False, 'is_mandatory': False}]
2025-06-17 23:48:41,978 - DEBUG - [kineviz.ui.utils.validators] - Nombre base extraído: 'Pte08 Adulto OS 01'
2025-06-17 23:48:41,978 - DEBUG - [kineviz.ui.utils.validators] - Partes del nombre base: ['Pte08', 'Adulto', 'OS', '01']
2025-06-17 23:48:41,978 - DEBUG - [kineviz.ui.utils.validators] - Partes intermedias (sub-valores): ['Adulto', 'OS']
2025-06-17 23:48:41,978 - DEBUG - [kineviz.ui.utils.validators] - Número VIs definidas: 2, Partes intermedias encontradas: 2
2025-06-17 23:48:41,978 - DEBUG - [kineviz.ui.utils.validators] - Parte 1: 'Adulto' es válido para VI 'Edad'.
2025-06-17 23:48:41,978 - DEBUG - [kineviz.ui.utils.validators] - Parte 2: 'OS' es válido para VI 'Peso'.
2025-06-17 23:48:41,978 - DEBUG - [kineviz.ui.utils.validators] - Validación exitosa. Sujeto: Pte08, Sub-valores: ['Adulto', 'OS'], Intento: 1
2025-06-17 23:48:41,978 - DEBUG - [kineviz.ui.utils.validators] - --- Validando nombre archivo: 'Pte08 Adulto OS 03_Cinematica.txt' ---
2025-06-17 23:48:41,978 - DEBUG - [kineviz.ui.utils.validators] - VIs definidas: [{'name': 'Edad', 'descriptors': ['Adulto', 'Joven', 'Mayor'], 'allows_combination': False, 'is_mandatory': False}, {'name': 'Peso', 'descriptors': ['OS', 'NP', 'BP'], 'allows_combination': False, 'is_mandatory': False}]
2025-06-17 23:48:41,979 - DEBUG - [kineviz.ui.utils.validators] - Nombre base extraído: 'Pte08 Adulto OS 03'
2025-06-17 23:48:41,979 - DEBUG - [kineviz.ui.utils.validators] - Partes del nombre base: ['Pte08', 'Adulto', 'OS', '03']
2025-06-17 23:48:41,979 - DEBUG - [kineviz.ui.utils.validators] - Partes intermedias (sub-valores): ['Adulto', 'OS']
2025-06-17 23:48:41,979 - DEBUG - [kineviz.ui.utils.validators] - Número VIs definidas: 2, Partes intermedias encontradas: 2
2025-06-17 23:48:41,979 - DEBUG - [kineviz.ui.utils.validators] - Parte 1: 'Adulto' es válido para VI 'Edad'.
2025-06-17 23:48:41,979 - DEBUG - [kineviz.ui.utils.validators] - Parte 2: 'OS' es válido para VI 'Peso'.
2025-06-17 23:48:41,979 - DEBUG - [kineviz.ui.utils.validators] - Validación exitosa. Sujeto: Pte08, Sub-valores: ['Adulto', 'OS'], Intento: 3
2025-06-17 23:48:41,979 - DEBUG - [kineviz.ui.utils.validators] - --- Validando nombre archivo: 'Pte08 Adulto OS 02_Cinematica.txt' ---
2025-06-17 23:48:41,979 - DEBUG - [kineviz.ui.utils.validators] - VIs definidas: [{'name': 'Edad', 'descriptors': ['Adulto', 'Joven', 'Mayor'], 'allows_combination': False, 'is_mandatory': False}, {'name': 'Peso', 'descriptors': ['OS', 'NP', 'BP'], 'allows_combination': False, 'is_mandatory': False}]
2025-06-17 23:48:41,979 - DEBUG - [kineviz.ui.utils.validators] - Nombre base extraído: 'Pte08 Adulto OS 02'
2025-06-17 23:48:41,979 - DEBUG - [kineviz.ui.utils.validators] - Partes del nombre base: ['Pte08', 'Adulto', 'OS', '02']
2025-06-17 23:48:41,979 - DEBUG - [kineviz.ui.utils.validators] - Partes intermedias (sub-valores): ['Adulto', 'OS']
2025-06-17 23:48:41,979 - DEBUG - [kineviz.ui.utils.validators] - Número VIs definidas: 2, Partes intermedias encontradas: 2
2025-06-17 23:48:41,979 - DEBUG - [kineviz.ui.utils.validators] - Parte 1: 'Adulto' es válido para VI 'Edad'.
2025-06-17 23:48:41,979 - DEBUG - [kineviz.ui.utils.validators] - Parte 2: 'OS' es válido para VI 'Peso'.
2025-06-17 23:48:41,979 - DEBUG - [kineviz.ui.utils.validators] - Validación exitosa. Sujeto: Pte08, Sub-valores: ['Adulto', 'OS'], Intento: 2
2025-06-17 23:48:41,979 - DEBUG - [kineviz.ui.utils.validators] - --- Validando nombre archivo: 'Pte01 Joven NP 03_Cinematica.txt' ---
2025-06-17 23:48:41,979 - DEBUG - [kineviz.ui.utils.validators] - VIs definidas: [{'name': 'Edad', 'descriptors': ['Adulto', 'Joven', 'Mayor'], 'allows_combination': False, 'is_mandatory': False}, {'name': 'Peso', 'descriptors': ['OS', 'NP', 'BP'], 'allows_combination': False, 'is_mandatory': False}]
2025-06-17 23:48:41,979 - DEBUG - [kineviz.ui.utils.validators] - Nombre base extraído: 'Pte01 Joven NP 03'
2025-06-17 23:48:41,979 - DEBUG - [kineviz.ui.utils.validators] - Partes del nombre base: ['Pte01', 'Joven', 'NP', '03']
2025-06-17 23:48:41,979 - DEBUG - [kineviz.ui.utils.validators] - Partes intermedias (sub-valores): ['Joven', 'NP']
2025-06-17 23:48:41,979 - DEBUG - [kineviz.ui.utils.validators] - Número VIs definidas: 2, Partes intermedias encontradas: 2
2025-06-17 23:48:41,979 - DEBUG - [kineviz.ui.utils.validators] - Parte 1: 'Joven' es válido para VI 'Edad'.
2025-06-17 23:48:41,979 - DEBUG - [kineviz.ui.utils.validators] - Parte 2: 'NP' es válido para VI 'Peso'.
2025-06-17 23:48:41,979 - DEBUG - [kineviz.ui.utils.validators] - Validación exitosa. Sujeto: Pte01, Sub-valores: ['Joven', 'NP'], Intento: 3
2025-06-17 23:48:41,979 - DEBUG - [kineviz.ui.utils.validators] - --- Validando nombre archivo: 'Pte01 Joven NP 02_Cinematica.txt' ---
2025-06-17 23:48:41,980 - DEBUG - [kineviz.ui.utils.validators] - VIs definidas: [{'name': 'Edad', 'descriptors': ['Adulto', 'Joven', 'Mayor'], 'allows_combination': False, 'is_mandatory': False}, {'name': 'Peso', 'descriptors': ['OS', 'NP', 'BP'], 'allows_combination': False, 'is_mandatory': False}]
2025-06-17 23:48:41,980 - DEBUG - [kineviz.ui.utils.validators] - Nombre base extraído: 'Pte01 Joven NP 02'
2025-06-17 23:48:41,980 - DEBUG - [kineviz.ui.utils.validators] - Partes del nombre base: ['Pte01', 'Joven', 'NP', '02']
2025-06-17 23:48:41,980 - DEBUG - [kineviz.ui.utils.validators] - Partes intermedias (sub-valores): ['Joven', 'NP']
2025-06-17 23:48:41,980 - DEBUG - [kineviz.ui.utils.validators] - Número VIs definidas: 2, Partes intermedias encontradas: 2
2025-06-17 23:48:41,980 - DEBUG - [kineviz.ui.utils.validators] - Parte 1: 'Joven' es válido para VI 'Edad'.
2025-06-17 23:48:41,980 - DEBUG - [kineviz.ui.utils.validators] - Parte 2: 'NP' es válido para VI 'Peso'.
2025-06-17 23:48:41,980 - DEBUG - [kineviz.ui.utils.validators] - Validación exitosa. Sujeto: Pte01, Sub-valores: ['Joven', 'NP'], Intento: 2
2025-06-17 23:48:41,980 - DEBUG - [kineviz.ui.utils.validators] - --- Validando nombre archivo: 'Pte01 Joven NP 01_Cinematica.txt' ---
2025-06-17 23:48:41,980 - DEBUG - [kineviz.ui.utils.validators] - VIs definidas: [{'name': 'Edad', 'descriptors': ['Adulto', 'Joven', 'Mayor'], 'allows_combination': False, 'is_mandatory': False}, {'name': 'Peso', 'descriptors': ['OS', 'NP', 'BP'], 'allows_combination': False, 'is_mandatory': False}]
2025-06-17 23:48:41,980 - DEBUG - [kineviz.ui.utils.validators] - Nombre base extraído: 'Pte01 Joven NP 01'
2025-06-17 23:48:41,980 - DEBUG - [kineviz.ui.utils.validators] - Partes del nombre base: ['Pte01', 'Joven', 'NP', '01']
2025-06-17 23:48:41,980 - DEBUG - [kineviz.ui.utils.validators] - Partes intermedias (sub-valores): ['Joven', 'NP']
2025-06-17 23:48:41,980 - DEBUG - [kineviz.ui.utils.validators] - Número VIs definidas: 2, Partes intermedias encontradas: 2
2025-06-17 23:48:41,980 - DEBUG - [kineviz.ui.utils.validators] - Parte 1: 'Joven' es válido para VI 'Edad'.
2025-06-17 23:48:41,980 - DEBUG - [kineviz.ui.utils.validators] - Parte 2: 'NP' es válido para VI 'Peso'.
2025-06-17 23:48:41,980 - DEBUG - [kineviz.ui.utils.validators] - Validación exitosa. Sujeto: Pte01, Sub-valores: ['Joven', 'NP'], Intento: 1
2025-06-17 23:48:41,980 - DEBUG - [kineviz.ui.utils.validators] - --- Validando nombre archivo: 'Pte06 Mayor BP 02_Cinematica.txt' ---
2025-06-17 23:48:41,980 - DEBUG - [kineviz.ui.utils.validators] - VIs definidas: [{'name': 'Edad', 'descriptors': ['Adulto', 'Joven', 'Mayor'], 'allows_combination': False, 'is_mandatory': False}, {'name': 'Peso', 'descriptors': ['OS', 'NP', 'BP'], 'allows_combination': False, 'is_mandatory': False}]
2025-06-17 23:48:41,980 - DEBUG - [kineviz.ui.utils.validators] - Nombre base extraído: 'Pte06 Mayor BP 02'
2025-06-17 23:48:41,980 - DEBUG - [kineviz.ui.utils.validators] - Partes del nombre base: ['Pte06', 'Mayor', 'BP', '02']
2025-06-17 23:48:41,980 - DEBUG - [kineviz.ui.utils.validators] - Partes intermedias (sub-valores): ['Mayor', 'BP']
2025-06-17 23:48:41,980 - DEBUG - [kineviz.ui.utils.validators] - Número VIs definidas: 2, Partes intermedias encontradas: 2
2025-06-17 23:48:41,980 - DEBUG - [kineviz.ui.utils.validators] - Parte 1: 'Mayor' es válido para VI 'Edad'.
2025-06-17 23:48:41,980 - DEBUG - [kineviz.ui.utils.validators] - Parte 2: 'BP' es válido para VI 'Peso'.
2025-06-17 23:48:41,980 - DEBUG - [kineviz.ui.utils.validators] - Validación exitosa. Sujeto: Pte06, Sub-valores: ['Mayor', 'BP'], Intento: 2
2025-06-17 23:48:41,981 - DEBUG - [kineviz.ui.utils.validators] - --- Validando nombre archivo: 'Pte06 Mayor BP 03_Cinematica.txt' ---
2025-06-17 23:48:41,981 - DEBUG - [kineviz.ui.utils.validators] - VIs definidas: [{'name': 'Edad', 'descriptors': ['Adulto', 'Joven', 'Mayor'], 'allows_combination': False, 'is_mandatory': False}, {'name': 'Peso', 'descriptors': ['OS', 'NP', 'BP'], 'allows_combination': False, 'is_mandatory': False}]
2025-06-17 23:48:41,981 - DEBUG - [kineviz.ui.utils.validators] - Nombre base extraído: 'Pte06 Mayor BP 03'
2025-06-17 23:48:41,981 - DEBUG - [kineviz.ui.utils.validators] - Partes del nombre base: ['Pte06', 'Mayor', 'BP', '03']
2025-06-17 23:48:41,981 - DEBUG - [kineviz.ui.utils.validators] - Partes intermedias (sub-valores): ['Mayor', 'BP']
2025-06-17 23:48:41,981 - DEBUG - [kineviz.ui.utils.validators] - Número VIs definidas: 2, Partes intermedias encontradas: 2
2025-06-17 23:48:41,981 - DEBUG - [kineviz.ui.utils.validators] - Parte 1: 'Mayor' es válido para VI 'Edad'.
2025-06-17 23:48:41,981 - DEBUG - [kineviz.ui.utils.validators] - Parte 2: 'BP' es válido para VI 'Peso'.
2025-06-17 23:48:41,981 - DEBUG - [kineviz.ui.utils.validators] - Validación exitosa. Sujeto: Pte06, Sub-valores: ['Mayor', 'BP'], Intento: 3
2025-06-17 23:48:41,981 - DEBUG - [kineviz.ui.utils.validators] - --- Validando nombre archivo: 'Pte06 Mayor BP 01_Cinematica.txt' ---
2025-06-17 23:48:41,981 - DEBUG - [kineviz.ui.utils.validators] - VIs definidas: [{'name': 'Edad', 'descriptors': ['Adulto', 'Joven', 'Mayor'], 'allows_combination': False, 'is_mandatory': False}, {'name': 'Peso', 'descriptors': ['OS', 'NP', 'BP'], 'allows_combination': False, 'is_mandatory': False}]
2025-06-17 23:48:41,981 - DEBUG - [kineviz.ui.utils.validators] - Nombre base extraído: 'Pte06 Mayor BP 01'
2025-06-17 23:48:41,981 - DEBUG - [kineviz.ui.utils.validators] - Partes del nombre base: ['Pte06', 'Mayor', 'BP', '01']
2025-06-17 23:48:41,981 - DEBUG - [kineviz.ui.utils.validators] - Partes intermedias (sub-valores): ['Mayor', 'BP']
2025-06-17 23:48:41,981 - DEBUG - [kineviz.ui.utils.validators] - Número VIs definidas: 2, Partes intermedias encontradas: 2
2025-06-17 23:48:41,981 - DEBUG - [kineviz.ui.utils.validators] - Parte 1: 'Mayor' es válido para VI 'Edad'.
2025-06-17 23:48:41,981 - DEBUG - [kineviz.ui.utils.validators] - Parte 2: 'BP' es válido para VI 'Peso'.
2025-06-17 23:48:41,981 - DEBUG - [kineviz.ui.utils.validators] - Validación exitosa. Sujeto: Pte06, Sub-valores: ['Mayor', 'BP'], Intento: 1
2025-06-17 23:48:41,981 - DEBUG - [kineviz.ui.utils.validators] - --- Validando nombre archivo: 'Pte07 Adulto NP 01_Cinematica.txt' ---
2025-06-17 23:48:41,981 - DEBUG - [kineviz.ui.utils.validators] - VIs definidas: [{'name': 'Edad', 'descriptors': ['Adulto', 'Joven', 'Mayor'], 'allows_combination': False, 'is_mandatory': False}, {'name': 'Peso', 'descriptors': ['OS', 'NP', 'BP'], 'allows_combination': False, 'is_mandatory': False}]
2025-06-17 23:48:41,981 - DEBUG - [kineviz.ui.utils.validators] - Nombre base extraído: 'Pte07 Adulto NP 01'
2025-06-17 23:48:41,981 - DEBUG - [kineviz.ui.utils.validators] - Partes del nombre base: ['Pte07', 'Adulto', 'NP', '01']
2025-06-17 23:48:41,981 - DEBUG - [kineviz.ui.utils.validators] - Partes intermedias (sub-valores): ['Adulto', 'NP']
2025-06-17 23:48:41,981 - DEBUG - [kineviz.ui.utils.validators] - Número VIs definidas: 2, Partes intermedias encontradas: 2
2025-06-17 23:48:41,981 - DEBUG - [kineviz.ui.utils.validators] - Parte 1: 'Adulto' es válido para VI 'Edad'.
2025-06-17 23:48:41,981 - DEBUG - [kineviz.ui.utils.validators] - Parte 2: 'NP' es válido para VI 'Peso'.
2025-06-17 23:48:41,982 - DEBUG - [kineviz.ui.utils.validators] - Validación exitosa. Sujeto: Pte07, Sub-valores: ['Adulto', 'NP'], Intento: 1
2025-06-17 23:48:41,982 - DEBUG - [kineviz.ui.utils.validators] - --- Validando nombre archivo: 'Pte07 Adulto NP 02_Cinematica.txt' ---
2025-06-17 23:48:41,982 - DEBUG - [kineviz.ui.utils.validators] - VIs definidas: [{'name': 'Edad', 'descriptors': ['Adulto', 'Joven', 'Mayor'], 'allows_combination': False, 'is_mandatory': False}, {'name': 'Peso', 'descriptors': ['OS', 'NP', 'BP'], 'allows_combination': False, 'is_mandatory': False}]
2025-06-17 23:48:41,982 - DEBUG - [kineviz.ui.utils.validators] - Nombre base extraído: 'Pte07 Adulto NP 02'
2025-06-17 23:48:41,982 - DEBUG - [kineviz.ui.utils.validators] - Partes del nombre base: ['Pte07', 'Adulto', 'NP', '02']
2025-06-17 23:48:41,982 - DEBUG - [kineviz.ui.utils.validators] - Partes intermedias (sub-valores): ['Adulto', 'NP']
2025-06-17 23:48:41,982 - DEBUG - [kineviz.ui.utils.validators] - Número VIs definidas: 2, Partes intermedias encontradas: 2
2025-06-17 23:48:41,982 - DEBUG - [kineviz.ui.utils.validators] - Parte 1: 'Adulto' es válido para VI 'Edad'.
2025-06-17 23:48:41,982 - DEBUG - [kineviz.ui.utils.validators] - Parte 2: 'NP' es válido para VI 'Peso'.
2025-06-17 23:48:41,982 - DEBUG - [kineviz.ui.utils.validators] - Validación exitosa. Sujeto: Pte07, Sub-valores: ['Adulto', 'NP'], Intento: 2
2025-06-17 23:48:41,982 - DEBUG - [kineviz.ui.utils.validators] - --- Validando nombre archivo: 'Pte07 Adulto NP 03_Cinematica.txt' ---
2025-06-17 23:48:41,982 - DEBUG - [kineviz.ui.utils.validators] - VIs definidas: [{'name': 'Edad', 'descriptors': ['Adulto', 'Joven', 'Mayor'], 'allows_combination': False, 'is_mandatory': False}, {'name': 'Peso', 'descriptors': ['OS', 'NP', 'BP'], 'allows_combination': False, 'is_mandatory': False}]
2025-06-17 23:48:41,982 - DEBUG - [kineviz.ui.utils.validators] - Nombre base extraído: 'Pte07 Adulto NP 03'
2025-06-17 23:48:41,982 - DEBUG - [kineviz.ui.utils.validators] - Partes del nombre base: ['Pte07', 'Adulto', 'NP', '03']
2025-06-17 23:48:41,982 - DEBUG - [kineviz.ui.utils.validators] - Partes intermedias (sub-valores): ['Adulto', 'NP']
2025-06-17 23:48:41,982 - DEBUG - [kineviz.ui.utils.validators] - Número VIs definidas: 2, Partes intermedias encontradas: 2
2025-06-17 23:48:41,983 - DEBUG - [kineviz.ui.utils.validators] - Parte 1: 'Adulto' es válido para VI 'Edad'.
2025-06-17 23:48:41,983 - DEBUG - [kineviz.ui.utils.validators] - Parte 2: 'NP' es válido para VI 'Peso'.
2025-06-17 23:48:41,983 - DEBUG - [kineviz.ui.utils.validators] - Validación exitosa. Sujeto: Pte07, Sub-valores: ['Adulto', 'NP'], Intento: 3
2025-06-17 23:48:41,983 - DEBUG - [kineviz.ui.utils.validators] - --- Validando nombre archivo: 'Pte09 Adulto BP 01_Cinematica.txt' ---
2025-06-17 23:48:41,983 - DEBUG - [kineviz.ui.utils.validators] - VIs definidas: [{'name': 'Edad', 'descriptors': ['Adulto', 'Joven', 'Mayor'], 'allows_combination': False, 'is_mandatory': False}, {'name': 'Peso', 'descriptors': ['OS', 'NP', 'BP'], 'allows_combination': False, 'is_mandatory': False}]
2025-06-17 23:48:41,983 - DEBUG - [kineviz.ui.utils.validators] - Nombre base extraído: 'Pte09 Adulto BP 01'
2025-06-17 23:48:41,983 - DEBUG - [kineviz.ui.utils.validators] - Partes del nombre base: ['Pte09', 'Adulto', 'BP', '01']
2025-06-17 23:48:41,983 - DEBUG - [kineviz.ui.utils.validators] - Partes intermedias (sub-valores): ['Adulto', 'BP']
2025-06-17 23:48:41,983 - DEBUG - [kineviz.ui.utils.validators] - Número VIs definidas: 2, Partes intermedias encontradas: 2
2025-06-17 23:48:41,983 - DEBUG - [kineviz.ui.utils.validators] - Parte 1: 'Adulto' es válido para VI 'Edad'.
2025-06-17 23:48:41,983 - DEBUG - [kineviz.ui.utils.validators] - Parte 2: 'BP' es válido para VI 'Peso'.
2025-06-17 23:48:41,983 - DEBUG - [kineviz.ui.utils.validators] - Validación exitosa. Sujeto: Pte09, Sub-valores: ['Adulto', 'BP'], Intento: 1
2025-06-17 23:48:41,983 - DEBUG - [kineviz.ui.utils.validators] - --- Validando nombre archivo: 'Pte09 Adulto BP 02_Cinematica.txt' ---
2025-06-17 23:48:41,983 - DEBUG - [kineviz.ui.utils.validators] - VIs definidas: [{'name': 'Edad', 'descriptors': ['Adulto', 'Joven', 'Mayor'], 'allows_combination': False, 'is_mandatory': False}, {'name': 'Peso', 'descriptors': ['OS', 'NP', 'BP'], 'allows_combination': False, 'is_mandatory': False}]
2025-06-17 23:48:41,983 - DEBUG - [kineviz.ui.utils.validators] - Nombre base extraído: 'Pte09 Adulto BP 02'
2025-06-17 23:48:41,983 - DEBUG - [kineviz.ui.utils.validators] - Partes del nombre base: ['Pte09', 'Adulto', 'BP', '02']
2025-06-17 23:48:41,983 - DEBUG - [kineviz.ui.utils.validators] - Partes intermedias (sub-valores): ['Adulto', 'BP']
2025-06-17 23:48:41,983 - DEBUG - [kineviz.ui.utils.validators] - Número VIs definidas: 2, Partes intermedias encontradas: 2
2025-06-17 23:48:41,983 - DEBUG - [kineviz.ui.utils.validators] - Parte 1: 'Adulto' es válido para VI 'Edad'.
2025-06-17 23:48:41,983 - DEBUG - [kineviz.ui.utils.validators] - Parte 2: 'BP' es válido para VI 'Peso'.
2025-06-17 23:48:41,983 - DEBUG - [kineviz.ui.utils.validators] - Validación exitosa. Sujeto: Pte09, Sub-valores: ['Adulto', 'BP'], Intento: 2
2025-06-17 23:48:41,983 - DEBUG - [kineviz.ui.utils.validators] - --- Validando nombre archivo: 'Pte09 Adulto BP 03_Cinematica.txt' ---
2025-06-17 23:48:41,983 - DEBUG - [kineviz.ui.utils.validators] - VIs definidas: [{'name': 'Edad', 'descriptors': ['Adulto', 'Joven', 'Mayor'], 'allows_combination': False, 'is_mandatory': False}, {'name': 'Peso', 'descriptors': ['OS', 'NP', 'BP'], 'allows_combination': False, 'is_mandatory': False}]
2025-06-17 23:48:41,984 - DEBUG - [kineviz.ui.utils.validators] - Nombre base extraído: 'Pte09 Adulto BP 03'
2025-06-17 23:48:41,984 - DEBUG - [kineviz.ui.utils.validators] - Partes del nombre base: ['Pte09', 'Adulto', 'BP', '03']
2025-06-17 23:48:41,984 - DEBUG - [kineviz.ui.utils.validators] - Partes intermedias (sub-valores): ['Adulto', 'BP']
2025-06-17 23:48:41,984 - DEBUG - [kineviz.ui.utils.validators] - Número VIs definidas: 2, Partes intermedias encontradas: 2
2025-06-17 23:48:41,984 - DEBUG - [kineviz.ui.utils.validators] - Parte 1: 'Adulto' es válido para VI 'Edad'.
2025-06-17 23:48:41,984 - DEBUG - [kineviz.ui.utils.validators] - Parte 2: 'BP' es válido para VI 'Peso'.
2025-06-17 23:48:41,984 - DEBUG - [kineviz.ui.utils.validators] - Validación exitosa. Sujeto: Pte09, Sub-valores: ['Adulto', 'BP'], Intento: 3
2025-06-17 23:48:41,984 - DEBUG - [kineviz.core.services.analysis_service] - Grupos identificados (9): {'Edad=Mayor;Peso=OS', 'Edad=Joven;Peso=OS', 'Edad=Adulto;Peso=OS', 'Edad=Mayor;Peso=NP', 'Edad=Mayor;Peso=BP', 'Edad=Adulto;Peso=BP', 'Edad=Joven;Peso=NP', 'Edad=Adulto;Peso=NP', 'Edad=Joven;Peso=BP'}
2025-06-17 23:48:41,985 - DEBUG - [kineviz.core.services.analysis_service] - Filtrando modo 1VI por 'Edad'
2025-06-17 23:48:41,985 - DEBUG - [kineviz.core.services.analysis_service] - Grupos filtrados resultantes: {'Edad=Adulto': 'Edad: Adulto', 'Edad=Joven': 'Edad: Joven', 'Edad=Mayor': 'Edad: Mayor'}
2025-06-17 23:48:41,985 - DEBUG - [kineviz.ui.dialogs.configure_individual_analysis_dialog] - Grupos filtrados disponibles para UI (display_name -> key): {'Edad: Adulto': 'Edad=Adulto', 'Edad: Joven': 'Edad=Joven', 'Edad: Mayor': 'Edad=Mayor'}
2025-06-17 23:48:41,987 - DEBUG - [kineviz.ui.dialogs.configure_individual_analysis_dialog] - Limpiando columnas y ocultando pasos: falta info o grupos.
2025-06-17 23:48:42,020 - DEBUG - [kineviz.ui.dialogs.configure_individual_analysis_dialog] - Limpiando columnas y ocultando pasos: falta info o grupos.
2025-06-17 23:48:42,043 - DEBUG - [kineviz.ui.dialogs.configure_individual_analysis_dialog] - Limpiando columnas y ocultando pasos: falta info o grupos.
2025-06-17 23:48:43,567 - DEBUG - [kineviz.ui.dialogs.configure_individual_analysis_dialog] - Limpiando columnas y ocultando pasos: falta info o grupos.
2025-06-17 23:48:45,051 - DEBUG - [kineviz.ui.dialogs.configure_individual_analysis_dialog] - Actualizando columnas para freq=Cinematica, calc=Maximo, grupos=['Edad=Adulto', 'Edad=Mayor']
2025-06-17 23:48:45,052 - DEBUG - [kineviz.core.services.analysis_service] - Buscando columnas comunes para estudio 2, freq=Cinematica, calc=Maximo, grupos_config=['Edad=Adulto', 'Edad=Mayor']
2025-06-17 23:48:45,053 - DEBUG - [kineviz.core.services.analysis_service] - Detectado modo de efecto principal (heurística) para encontrar columnas comunes.
2025-06-17 23:48:45,053 - DEBUG - [kineviz.core.services.analysis_service] - Identificando grupos para estudio 2, frecuencia Cinematica
2025-06-17 23:48:45,058 - DEBUG - [kineviz.ui.utils.validators] - --- Validando nombre archivo: 'Pte05 Mayor OS 02_Cinematica.txt' ---
2025-06-17 23:48:45,058 - DEBUG - [kineviz.ui.utils.validators] - VIs definidas: [{'name': 'Edad', 'descriptors': ['Adulto', 'Joven', 'Mayor'], 'allows_combination': False, 'is_mandatory': False}, {'name': 'Peso', 'descriptors': ['OS', 'NP', 'BP'], 'allows_combination': False, 'is_mandatory': False}]
2025-06-17 23:48:45,058 - DEBUG - [kineviz.ui.utils.validators] - Nombre base extraído: 'Pte05 Mayor OS 02'
2025-06-17 23:48:45,058 - DEBUG - [kineviz.ui.utils.validators] - Partes del nombre base: ['Pte05', 'Mayor', 'OS', '02']
2025-06-17 23:48:45,058 - DEBUG - [kineviz.ui.utils.validators] - Partes intermedias (sub-valores): ['Mayor', 'OS']
2025-06-17 23:48:45,058 - DEBUG - [kineviz.ui.utils.validators] - Número VIs definidas: 2, Partes intermedias encontradas: 2
2025-06-17 23:48:45,058 - DEBUG - [kineviz.ui.utils.validators] - Parte 1: 'Mayor' es válido para VI 'Edad'.
2025-06-17 23:48:45,058 - DEBUG - [kineviz.ui.utils.validators] - Parte 2: 'OS' es válido para VI 'Peso'.
2025-06-17 23:48:45,058 - DEBUG - [kineviz.ui.utils.validators] - Validación exitosa. Sujeto: Pte05, Sub-valores: ['Mayor', 'OS'], Intento: 2
2025-06-17 23:48:45,058 - DEBUG - [kineviz.ui.utils.validators] - --- Validando nombre archivo: 'Pte02 Joven OS 02_Cinematica.txt' ---
2025-06-17 23:48:45,058 - DEBUG - [kineviz.ui.utils.validators] - VIs definidas: [{'name': 'Edad', 'descriptors': ['Adulto', 'Joven', 'Mayor'], 'allows_combination': False, 'is_mandatory': False}, {'name': 'Peso', 'descriptors': ['OS', 'NP', 'BP'], 'allows_combination': False, 'is_mandatory': False}]
2025-06-17 23:48:45,058 - DEBUG - [kineviz.ui.utils.validators] - Nombre base extraído: 'Pte02 Joven OS 02'
2025-06-17 23:48:45,058 - DEBUG - [kineviz.ui.utils.validators] - Partes del nombre base: ['Pte02', 'Joven', 'OS', '02']
2025-06-17 23:48:45,058 - DEBUG - [kineviz.ui.utils.validators] - Partes intermedias (sub-valores): ['Joven', 'OS']
2025-06-17 23:48:45,058 - DEBUG - [kineviz.ui.utils.validators] - Número VIs definidas: 2, Partes intermedias encontradas: 2
2025-06-17 23:48:45,058 - DEBUG - [kineviz.ui.utils.validators] - Parte 1: 'Joven' es válido para VI 'Edad'.
2025-06-17 23:48:45,058 - DEBUG - [kineviz.ui.utils.validators] - Parte 2: 'OS' es válido para VI 'Peso'.
2025-06-17 23:48:45,058 - DEBUG - [kineviz.ui.utils.validators] - Validación exitosa. Sujeto: Pte02, Sub-valores: ['Joven', 'OS'], Intento: 2
2025-06-17 23:48:45,059 - DEBUG - [kineviz.ui.utils.validators] - --- Validando nombre archivo: 'Pte02 Joven OS 03_Cinematica.txt' ---
2025-06-17 23:48:45,059 - DEBUG - [kineviz.ui.utils.validators] - VIs definidas: [{'name': 'Edad', 'descriptors': ['Adulto', 'Joven', 'Mayor'], 'allows_combination': False, 'is_mandatory': False}, {'name': 'Peso', 'descriptors': ['OS', 'NP', 'BP'], 'allows_combination': False, 'is_mandatory': False}]
2025-06-17 23:48:45,059 - DEBUG - [kineviz.ui.utils.validators] - Nombre base extraído: 'Pte02 Joven OS 03'
2025-06-17 23:48:45,059 - DEBUG - [kineviz.ui.utils.validators] - Partes del nombre base: ['Pte02', 'Joven', 'OS', '03']
2025-06-17 23:48:45,059 - DEBUG - [kineviz.ui.utils.validators] - Partes intermedias (sub-valores): ['Joven', 'OS']
2025-06-17 23:48:45,059 - DEBUG - [kineviz.ui.utils.validators] - Número VIs definidas: 2, Partes intermedias encontradas: 2
2025-06-17 23:48:45,059 - DEBUG - [kineviz.ui.utils.validators] - Parte 1: 'Joven' es válido para VI 'Edad'.
2025-06-17 23:48:45,059 - DEBUG - [kineviz.ui.utils.validators] - Parte 2: 'OS' es válido para VI 'Peso'.
2025-06-17 23:48:45,059 - DEBUG - [kineviz.ui.utils.validators] - Validación exitosa. Sujeto: Pte02, Sub-valores: ['Joven', 'OS'], Intento: 3
2025-06-17 23:48:45,059 - DEBUG - [kineviz.ui.utils.validators] - --- Validando nombre archivo: 'Pte02 Joven OS 01_Cinematica.txt' ---
2025-06-17 23:48:45,059 - DEBUG - [kineviz.ui.utils.validators] - VIs definidas: [{'name': 'Edad', 'descriptors': ['Adulto', 'Joven', 'Mayor'], 'allows_combination': False, 'is_mandatory': False}, {'name': 'Peso', 'descriptors': ['OS', 'NP', 'BP'], 'allows_combination': False, 'is_mandatory': False}]
2025-06-17 23:48:45,059 - DEBUG - [kineviz.ui.utils.validators] - Nombre base extraído: 'Pte02 Joven OS 01'
2025-06-17 23:48:45,059 - DEBUG - [kineviz.ui.utils.validators] - Partes del nombre base: ['Pte02', 'Joven', 'OS', '01']
2025-06-17 23:48:45,059 - DEBUG - [kineviz.ui.utils.validators] - Partes intermedias (sub-valores): ['Joven', 'OS']
2025-06-17 23:48:45,059 - DEBUG - [kineviz.ui.utils.validators] - Número VIs definidas: 2, Partes intermedias encontradas: 2
2025-06-17 23:48:45,059 - DEBUG - [kineviz.ui.utils.validators] - Parte 1: 'Joven' es válido para VI 'Edad'.
2025-06-17 23:48:45,059 - DEBUG - [kineviz.ui.utils.validators] - Parte 2: 'OS' es válido para VI 'Peso'.
2025-06-17 23:48:45,059 - DEBUG - [kineviz.ui.utils.validators] - Validación exitosa. Sujeto: Pte02, Sub-valores: ['Joven', 'OS'], Intento: 1
2025-06-17 23:48:45,059 - DEBUG - [kineviz.ui.utils.validators] - --- Validando nombre archivo: 'Pte03 Joven BP 02_Cinematica.txt' ---
2025-06-17 23:48:45,059 - DEBUG - [kineviz.ui.utils.validators] - VIs definidas: [{'name': 'Edad', 'descriptors': ['Adulto', 'Joven', 'Mayor'], 'allows_combination': False, 'is_mandatory': False}, {'name': 'Peso', 'descriptors': ['OS', 'NP', 'BP'], 'allows_combination': False, 'is_mandatory': False}]
2025-06-17 23:48:45,059 - DEBUG - [kineviz.ui.utils.validators] - Nombre base extraído: 'Pte03 Joven BP 02'
2025-06-17 23:48:45,059 - DEBUG - [kineviz.ui.utils.validators] - Partes del nombre base: ['Pte03', 'Joven', 'BP', '02']
2025-06-17 23:48:45,060 - DEBUG - [kineviz.ui.utils.validators] - Partes intermedias (sub-valores): ['Joven', 'BP']
2025-06-17 23:48:45,060 - DEBUG - [kineviz.ui.utils.validators] - Número VIs definidas: 2, Partes intermedias encontradas: 2
2025-06-17 23:48:45,060 - DEBUG - [kineviz.ui.utils.validators] - Parte 1: 'Joven' es válido para VI 'Edad'.
2025-06-17 23:48:45,060 - DEBUG - [kineviz.ui.utils.validators] - Parte 2: 'BP' es válido para VI 'Peso'.
2025-06-17 23:48:45,060 - DEBUG - [kineviz.ui.utils.validators] - Validación exitosa. Sujeto: Pte03, Sub-valores: ['Joven', 'BP'], Intento: 2
2025-06-17 23:48:45,060 - DEBUG - [kineviz.ui.utils.validators] - --- Validando nombre archivo: 'Pte03 Joven BP 03_Cinematica.txt' ---
2025-06-17 23:48:45,060 - DEBUG - [kineviz.ui.utils.validators] - VIs definidas: [{'name': 'Edad', 'descriptors': ['Adulto', 'Joven', 'Mayor'], 'allows_combination': False, 'is_mandatory': False}, {'name': 'Peso', 'descriptors': ['OS', 'NP', 'BP'], 'allows_combination': False, 'is_mandatory': False}]
2025-06-17 23:48:45,060 - DEBUG - [kineviz.ui.utils.validators] - Nombre base extraído: 'Pte03 Joven BP 03'
2025-06-17 23:48:45,060 - DEBUG - [kineviz.ui.utils.validators] - Partes del nombre base: ['Pte03', 'Joven', 'BP', '03']
2025-06-17 23:48:45,060 - DEBUG - [kineviz.ui.utils.validators] - Partes intermedias (sub-valores): ['Joven', 'BP']
2025-06-17 23:48:45,060 - DEBUG - [kineviz.ui.utils.validators] - Número VIs definidas: 2, Partes intermedias encontradas: 2
2025-06-17 23:48:45,060 - DEBUG - [kineviz.ui.utils.validators] - Parte 1: 'Joven' es válido para VI 'Edad'.
2025-06-17 23:48:45,060 - DEBUG - [kineviz.ui.utils.validators] - Parte 2: 'BP' es válido para VI 'Peso'.
2025-06-17 23:48:45,060 - DEBUG - [kineviz.ui.utils.validators] - Validación exitosa. Sujeto: Pte03, Sub-valores: ['Joven', 'BP'], Intento: 3
2025-06-17 23:48:45,060 - DEBUG - [kineviz.ui.utils.validators] - --- Validando nombre archivo: 'Pte03 Joven BP 01_Cinematica.txt' ---
2025-06-17 23:48:45,060 - DEBUG - [kineviz.ui.utils.validators] - VIs definidas: [{'name': 'Edad', 'descriptors': ['Adulto', 'Joven', 'Mayor'], 'allows_combination': False, 'is_mandatory': False}, {'name': 'Peso', 'descriptors': ['OS', 'NP', 'BP'], 'allows_combination': False, 'is_mandatory': False}]
2025-06-17 23:48:45,060 - DEBUG - [kineviz.ui.utils.validators] - Nombre base extraído: 'Pte03 Joven BP 01'
2025-06-17 23:48:45,060 - DEBUG - [kineviz.ui.utils.validators] - Partes del nombre base: ['Pte03', 'Joven', 'BP', '01']
2025-06-17 23:48:45,060 - DEBUG - [kineviz.ui.utils.validators] - Partes intermedias (sub-valores): ['Joven', 'BP']
2025-06-17 23:48:45,060 - DEBUG - [kineviz.ui.utils.validators] - Número VIs definidas: 2, Partes intermedias encontradas: 2
2025-06-17 23:48:45,060 - DEBUG - [kineviz.ui.utils.validators] - Parte 1: 'Joven' es válido para VI 'Edad'.
2025-06-17 23:48:45,060 - DEBUG - [kineviz.ui.utils.validators] - Parte 2: 'BP' es válido para VI 'Peso'.
2025-06-17 23:48:45,061 - DEBUG - [kineviz.ui.utils.validators] - Validación exitosa. Sujeto: Pte03, Sub-valores: ['Joven', 'BP'], Intento: 1
2025-06-17 23:48:45,061 - DEBUG - [kineviz.ui.utils.validators] - --- Validando nombre archivo: 'Pte04 Mayor NP 03_Cinematica.txt' ---
2025-06-17 23:48:45,061 - DEBUG - [kineviz.ui.utils.validators] - VIs definidas: [{'name': 'Edad', 'descriptors': ['Adulto', 'Joven', 'Mayor'], 'allows_combination': False, 'is_mandatory': False}, {'name': 'Peso', 'descriptors': ['OS', 'NP', 'BP'], 'allows_combination': False, 'is_mandatory': False}]
2025-06-17 23:48:45,061 - DEBUG - [kineviz.ui.utils.validators] - Nombre base extraído: 'Pte04 Mayor NP 03'
2025-06-17 23:48:45,061 - DEBUG - [kineviz.ui.utils.validators] - Partes del nombre base: ['Pte04', 'Mayor', 'NP', '03']
2025-06-17 23:48:45,061 - DEBUG - [kineviz.ui.utils.validators] - Partes intermedias (sub-valores): ['Mayor', 'NP']
2025-06-17 23:48:45,061 - DEBUG - [kineviz.ui.utils.validators] - Número VIs definidas: 2, Partes intermedias encontradas: 2
2025-06-17 23:48:45,061 - DEBUG - [kineviz.ui.utils.validators] - Parte 1: 'Mayor' es válido para VI 'Edad'.
2025-06-17 23:48:45,061 - DEBUG - [kineviz.ui.utils.validators] - Parte 2: 'NP' es válido para VI 'Peso'.
2025-06-17 23:48:45,061 - DEBUG - [kineviz.ui.utils.validators] - Validación exitosa. Sujeto: Pte04, Sub-valores: ['Mayor', 'NP'], Intento: 3
2025-06-17 23:48:45,061 - DEBUG - [kineviz.ui.utils.validators] - --- Validando nombre archivo: 'Pte04 Mayor NP 02_Cinematica.txt' ---
2025-06-17 23:48:45,061 - DEBUG - [kineviz.ui.utils.validators] - VIs definidas: [{'name': 'Edad', 'descriptors': ['Adulto', 'Joven', 'Mayor'], 'allows_combination': False, 'is_mandatory': False}, {'name': 'Peso', 'descriptors': ['OS', 'NP', 'BP'], 'allows_combination': False, 'is_mandatory': False}]
2025-06-17 23:48:45,061 - DEBUG - [kineviz.ui.utils.validators] - Nombre base extraído: 'Pte04 Mayor NP 02'
2025-06-17 23:48:45,061 - DEBUG - [kineviz.ui.utils.validators] - Partes del nombre base: ['Pte04', 'Mayor', 'NP', '02']
2025-06-17 23:48:45,061 - DEBUG - [kineviz.ui.utils.validators] - Partes intermedias (sub-valores): ['Mayor', 'NP']
2025-06-17 23:48:45,061 - DEBUG - [kineviz.ui.utils.validators] - Número VIs definidas: 2, Partes intermedias encontradas: 2
2025-06-17 23:48:45,061 - DEBUG - [kineviz.ui.utils.validators] - Parte 1: 'Mayor' es válido para VI 'Edad'.
2025-06-17 23:48:45,061 - DEBUG - [kineviz.ui.utils.validators] - Parte 2: 'NP' es válido para VI 'Peso'.
2025-06-17 23:48:45,061 - DEBUG - [kineviz.ui.utils.validators] - Validación exitosa. Sujeto: Pte04, Sub-valores: ['Mayor', 'NP'], Intento: 2
2025-06-17 23:48:45,061 - DEBUG - [kineviz.ui.utils.validators] - --- Validando nombre archivo: 'Pte04 Mayor NP 01_Cinematica.txt' ---
2025-06-17 23:48:45,061 - DEBUG - [kineviz.ui.utils.validators] - VIs definidas: [{'name': 'Edad', 'descriptors': ['Adulto', 'Joven', 'Mayor'], 'allows_combination': False, 'is_mandatory': False}, {'name': 'Peso', 'descriptors': ['OS', 'NP', 'BP'], 'allows_combination': False, 'is_mandatory': False}]
2025-06-17 23:48:45,061 - DEBUG - [kineviz.ui.utils.validators] - Nombre base extraído: 'Pte04 Mayor NP 01'
2025-06-17 23:48:45,061 - DEBUG - [kineviz.ui.utils.validators] - Partes del nombre base: ['Pte04', 'Mayor', 'NP', '01']
2025-06-17 23:48:45,062 - DEBUG - [kineviz.ui.utils.validators] - Partes intermedias (sub-valores): ['Mayor', 'NP']
2025-06-17 23:48:45,062 - DEBUG - [kineviz.ui.utils.validators] - Número VIs definidas: 2, Partes intermedias encontradas: 2
2025-06-17 23:48:45,062 - DEBUG - [kineviz.ui.utils.validators] - Parte 1: 'Mayor' es válido para VI 'Edad'.
2025-06-17 23:48:45,062 - DEBUG - [kineviz.ui.utils.validators] - Parte 2: 'NP' es válido para VI 'Peso'.
2025-06-17 23:48:45,062 - DEBUG - [kineviz.ui.utils.validators] - Validación exitosa. Sujeto: Pte04, Sub-valores: ['Mayor', 'NP'], Intento: 1
2025-06-17 23:48:45,062 - DEBUG - [kineviz.ui.utils.validators] - --- Validando nombre archivo: 'Pte08 Adulto OS 01_Cinematica.txt' ---
2025-06-17 23:48:45,062 - DEBUG - [kineviz.ui.utils.validators] - VIs definidas: [{'name': 'Edad', 'descriptors': ['Adulto', 'Joven', 'Mayor'], 'allows_combination': False, 'is_mandatory': False}, {'name': 'Peso', 'descriptors': ['OS', 'NP', 'BP'], 'allows_combination': False, 'is_mandatory': False}]
2025-06-17 23:48:45,062 - DEBUG - [kineviz.ui.utils.validators] - Nombre base extraído: 'Pte08 Adulto OS 01'
2025-06-17 23:48:45,062 - DEBUG - [kineviz.ui.utils.validators] - Partes del nombre base: ['Pte08', 'Adulto', 'OS', '01']
2025-06-17 23:48:45,062 - DEBUG - [kineviz.ui.utils.validators] - Partes intermedias (sub-valores): ['Adulto', 'OS']
2025-06-17 23:48:45,062 - DEBUG - [kineviz.ui.utils.validators] - Número VIs definidas: 2, Partes intermedias encontradas: 2
2025-06-17 23:48:45,062 - DEBUG - [kineviz.ui.utils.validators] - Parte 1: 'Adulto' es válido para VI 'Edad'.
2025-06-17 23:48:45,062 - DEBUG - [kineviz.ui.utils.validators] - Parte 2: 'OS' es válido para VI 'Peso'.
2025-06-17 23:48:45,062 - DEBUG - [kineviz.ui.utils.validators] - Validación exitosa. Sujeto: Pte08, Sub-valores: ['Adulto', 'OS'], Intento: 1
2025-06-17 23:48:45,062 - DEBUG - [kineviz.ui.utils.validators] - --- Validando nombre archivo: 'Pte08 Adulto OS 03_Cinematica.txt' ---
2025-06-17 23:48:45,062 - DEBUG - [kineviz.ui.utils.validators] - VIs definidas: [{'name': 'Edad', 'descriptors': ['Adulto', 'Joven', 'Mayor'], 'allows_combination': False, 'is_mandatory': False}, {'name': 'Peso', 'descriptors': ['OS', 'NP', 'BP'], 'allows_combination': False, 'is_mandatory': False}]
2025-06-17 23:48:45,062 - DEBUG - [kineviz.ui.utils.validators] - Nombre base extraído: 'Pte08 Adulto OS 03'
2025-06-17 23:48:45,062 - DEBUG - [kineviz.ui.utils.validators] - Partes del nombre base: ['Pte08', 'Adulto', 'OS', '03']
2025-06-17 23:48:45,062 - DEBUG - [kineviz.ui.utils.validators] - Partes intermedias (sub-valores): ['Adulto', 'OS']
2025-06-17 23:48:45,062 - DEBUG - [kineviz.ui.utils.validators] - Número VIs definidas: 2, Partes intermedias encontradas: 2
2025-06-17 23:48:45,062 - DEBUG - [kineviz.ui.utils.validators] - Parte 1: 'Adulto' es válido para VI 'Edad'.
2025-06-17 23:48:45,062 - DEBUG - [kineviz.ui.utils.validators] - Parte 2: 'OS' es válido para VI 'Peso'.
2025-06-17 23:48:45,063 - DEBUG - [kineviz.ui.utils.validators] - Validación exitosa. Sujeto: Pte08, Sub-valores: ['Adulto', 'OS'], Intento: 3
2025-06-17 23:48:45,063 - DEBUG - [kineviz.ui.utils.validators] - --- Validando nombre archivo: 'Pte08 Adulto OS 02_Cinematica.txt' ---
2025-06-17 23:48:45,063 - DEBUG - [kineviz.ui.utils.validators] - VIs definidas: [{'name': 'Edad', 'descriptors': ['Adulto', 'Joven', 'Mayor'], 'allows_combination': False, 'is_mandatory': False}, {'name': 'Peso', 'descriptors': ['OS', 'NP', 'BP'], 'allows_combination': False, 'is_mandatory': False}]
2025-06-17 23:48:45,063 - DEBUG - [kineviz.ui.utils.validators] - Nombre base extraído: 'Pte08 Adulto OS 02'
2025-06-17 23:48:45,063 - DEBUG - [kineviz.ui.utils.validators] - Partes del nombre base: ['Pte08', 'Adulto', 'OS', '02']
2025-06-17 23:48:45,063 - DEBUG - [kineviz.ui.utils.validators] - Partes intermedias (sub-valores): ['Adulto', 'OS']
2025-06-17 23:48:45,063 - DEBUG - [kineviz.ui.utils.validators] - Número VIs definidas: 2, Partes intermedias encontradas: 2
2025-06-17 23:48:45,063 - DEBUG - [kineviz.ui.utils.validators] - Parte 1: 'Adulto' es válido para VI 'Edad'.
2025-06-17 23:48:45,063 - DEBUG - [kineviz.ui.utils.validators] - Parte 2: 'OS' es válido para VI 'Peso'.
2025-06-17 23:48:45,063 - DEBUG - [kineviz.ui.utils.validators] - Validación exitosa. Sujeto: Pte08, Sub-valores: ['Adulto', 'OS'], Intento: 2
2025-06-17 23:48:45,063 - DEBUG - [kineviz.ui.utils.validators] - --- Validando nombre archivo: 'Pte01 Joven NP 03_Cinematica.txt' ---
2025-06-17 23:48:45,063 - DEBUG - [kineviz.ui.utils.validators] - VIs definidas: [{'name': 'Edad', 'descriptors': ['Adulto', 'Joven', 'Mayor'], 'allows_combination': False, 'is_mandatory': False}, {'name': 'Peso', 'descriptors': ['OS', 'NP', 'BP'], 'allows_combination': False, 'is_mandatory': False}]
2025-06-17 23:48:45,063 - DEBUG - [kineviz.ui.utils.validators] - Nombre base extraído: 'Pte01 Joven NP 03'
2025-06-17 23:48:45,063 - DEBUG - [kineviz.ui.utils.validators] - Partes del nombre base: ['Pte01', 'Joven', 'NP', '03']
2025-06-17 23:48:45,063 - DEBUG - [kineviz.ui.utils.validators] - Partes intermedias (sub-valores): ['Joven', 'NP']
2025-06-17 23:48:45,063 - DEBUG - [kineviz.ui.utils.validators] - Número VIs definidas: 2, Partes intermedias encontradas: 2
2025-06-17 23:48:45,063 - DEBUG - [kineviz.ui.utils.validators] - Parte 1: 'Joven' es válido para VI 'Edad'.
2025-06-17 23:48:45,063 - DEBUG - [kineviz.ui.utils.validators] - Parte 2: 'NP' es válido para VI 'Peso'.
2025-06-17 23:48:45,063 - DEBUG - [kineviz.ui.utils.validators] - Validación exitosa. Sujeto: Pte01, Sub-valores: ['Joven', 'NP'], Intento: 3
2025-06-17 23:48:45,063 - DEBUG - [kineviz.ui.utils.validators] - --- Validando nombre archivo: 'Pte01 Joven NP 02_Cinematica.txt' ---
2025-06-17 23:48:45,063 - DEBUG - [kineviz.ui.utils.validators] - VIs definidas: [{'name': 'Edad', 'descriptors': ['Adulto', 'Joven', 'Mayor'], 'allows_combination': False, 'is_mandatory': False}, {'name': 'Peso', 'descriptors': ['OS', 'NP', 'BP'], 'allows_combination': False, 'is_mandatory': False}]
2025-06-17 23:48:45,063 - DEBUG - [kineviz.ui.utils.validators] - Nombre base extraído: 'Pte01 Joven NP 02'
2025-06-17 23:48:45,063 - DEBUG - [kineviz.ui.utils.validators] - Partes del nombre base: ['Pte01', 'Joven', 'NP', '02']
2025-06-17 23:48:45,063 - DEBUG - [kineviz.ui.utils.validators] - Partes intermedias (sub-valores): ['Joven', 'NP']
2025-06-17 23:48:45,063 - DEBUG - [kineviz.ui.utils.validators] - Número VIs definidas: 2, Partes intermedias encontradas: 2
2025-06-17 23:48:45,064 - DEBUG - [kineviz.ui.utils.validators] - Parte 1: 'Joven' es válido para VI 'Edad'.
2025-06-17 23:48:45,064 - DEBUG - [kineviz.ui.utils.validators] - Parte 2: 'NP' es válido para VI 'Peso'.
2025-06-17 23:48:45,064 - DEBUG - [kineviz.ui.utils.validators] - Validación exitosa. Sujeto: Pte01, Sub-valores: ['Joven', 'NP'], Intento: 2
2025-06-17 23:48:45,064 - DEBUG - [kineviz.ui.utils.validators] - --- Validando nombre archivo: 'Pte01 Joven NP 01_Cinematica.txt' ---
2025-06-17 23:48:45,064 - DEBUG - [kineviz.ui.utils.validators] - VIs definidas: [{'name': 'Edad', 'descriptors': ['Adulto', 'Joven', 'Mayor'], 'allows_combination': False, 'is_mandatory': False}, {'name': 'Peso', 'descriptors': ['OS', 'NP', 'BP'], 'allows_combination': False, 'is_mandatory': False}]
2025-06-17 23:48:45,064 - DEBUG - [kineviz.ui.utils.validators] - Nombre base extraído: 'Pte01 Joven NP 01'
2025-06-17 23:48:45,064 - DEBUG - [kineviz.ui.utils.validators] - Partes del nombre base: ['Pte01', 'Joven', 'NP', '01']
2025-06-17 23:48:45,064 - DEBUG - [kineviz.ui.utils.validators] - Partes intermedias (sub-valores): ['Joven', 'NP']
2025-06-17 23:48:45,064 - DEBUG - [kineviz.ui.utils.validators] - Número VIs definidas: 2, Partes intermedias encontradas: 2
2025-06-17 23:48:45,064 - DEBUG - [kineviz.ui.utils.validators] - Parte 1: 'Joven' es válido para VI 'Edad'.
2025-06-17 23:48:45,064 - DEBUG - [kineviz.ui.utils.validators] - Parte 2: 'NP' es válido para VI 'Peso'.
2025-06-17 23:48:45,064 - DEBUG - [kineviz.ui.utils.validators] - Validación exitosa. Sujeto: Pte01, Sub-valores: ['Joven', 'NP'], Intento: 1
2025-06-17 23:48:45,064 - DEBUG - [kineviz.ui.utils.validators] - --- Validando nombre archivo: 'Pte06 Mayor BP 02_Cinematica.txt' ---
2025-06-17 23:48:45,064 - DEBUG - [kineviz.ui.utils.validators] - VIs definidas: [{'name': 'Edad', 'descriptors': ['Adulto', 'Joven', 'Mayor'], 'allows_combination': False, 'is_mandatory': False}, {'name': 'Peso', 'descriptors': ['OS', 'NP', 'BP'], 'allows_combination': False, 'is_mandatory': False}]
2025-06-17 23:48:45,064 - DEBUG - [kineviz.ui.utils.validators] - Nombre base extraído: 'Pte06 Mayor BP 02'
2025-06-17 23:48:45,064 - DEBUG - [kineviz.ui.utils.validators] - Partes del nombre base: ['Pte06', 'Mayor', 'BP', '02']
2025-06-17 23:48:45,064 - DEBUG - [kineviz.ui.utils.validators] - Partes intermedias (sub-valores): ['Mayor', 'BP']
2025-06-17 23:48:45,064 - DEBUG - [kineviz.ui.utils.validators] - Número VIs definidas: 2, Partes intermedias encontradas: 2
2025-06-17 23:48:45,064 - DEBUG - [kineviz.ui.utils.validators] - Parte 1: 'Mayor' es válido para VI 'Edad'.
2025-06-17 23:48:45,064 - DEBUG - [kineviz.ui.utils.validators] - Parte 2: 'BP' es válido para VI 'Peso'.
2025-06-17 23:48:45,064 - DEBUG - [kineviz.ui.utils.validators] - Validación exitosa. Sujeto: Pte06, Sub-valores: ['Mayor', 'BP'], Intento: 2
2025-06-17 23:48:45,064 - DEBUG - [kineviz.ui.utils.validators] - --- Validando nombre archivo: 'Pte06 Mayor BP 03_Cinematica.txt' ---
2025-06-17 23:48:45,064 - DEBUG - [kineviz.ui.utils.validators] - VIs definidas: [{'name': 'Edad', 'descriptors': ['Adulto', 'Joven', 'Mayor'], 'allows_combination': False, 'is_mandatory': False}, {'name': 'Peso', 'descriptors': ['OS', 'NP', 'BP'], 'allows_combination': False, 'is_mandatory': False}]
2025-06-17 23:48:45,064 - DEBUG - [kineviz.ui.utils.validators] - Nombre base extraído: 'Pte06 Mayor BP 03'
2025-06-17 23:48:45,064 - DEBUG - [kineviz.ui.utils.validators] - Partes del nombre base: ['Pte06', 'Mayor', 'BP', '03']
2025-06-17 23:48:45,064 - DEBUG - [kineviz.ui.utils.validators] - Partes intermedias (sub-valores): ['Mayor', 'BP']
2025-06-17 23:48:45,064 - DEBUG - [kineviz.ui.utils.validators] - Número VIs definidas: 2, Partes intermedias encontradas: 2
2025-06-17 23:48:45,064 - DEBUG - [kineviz.ui.utils.validators] - Parte 1: 'Mayor' es válido para VI 'Edad'.
2025-06-17 23:48:45,065 - DEBUG - [kineviz.ui.utils.validators] - Parte 2: 'BP' es válido para VI 'Peso'.
2025-06-17 23:48:45,065 - DEBUG - [kineviz.ui.utils.validators] - Validación exitosa. Sujeto: Pte06, Sub-valores: ['Mayor', 'BP'], Intento: 3
2025-06-17 23:48:45,065 - DEBUG - [kineviz.ui.utils.validators] - --- Validando nombre archivo: 'Pte06 Mayor BP 01_Cinematica.txt' ---
2025-06-17 23:48:45,065 - DEBUG - [kineviz.ui.utils.validators] - VIs definidas: [{'name': 'Edad', 'descriptors': ['Adulto', 'Joven', 'Mayor'], 'allows_combination': False, 'is_mandatory': False}, {'name': 'Peso', 'descriptors': ['OS', 'NP', 'BP'], 'allows_combination': False, 'is_mandatory': False}]
2025-06-17 23:48:45,065 - DEBUG - [kineviz.ui.utils.validators] - Nombre base extraído: 'Pte06 Mayor BP 01'
2025-06-17 23:48:45,065 - DEBUG - [kineviz.ui.utils.validators] - Partes del nombre base: ['Pte06', 'Mayor', 'BP', '01']
2025-06-17 23:48:45,065 - DEBUG - [kineviz.ui.utils.validators] - Partes intermedias (sub-valores): ['Mayor', 'BP']
2025-06-17 23:48:45,065 - DEBUG - [kineviz.ui.utils.validators] - Número VIs definidas: 2, Partes intermedias encontradas: 2
2025-06-17 23:48:45,065 - DEBUG - [kineviz.ui.utils.validators] - Parte 1: 'Mayor' es válido para VI 'Edad'.
2025-06-17 23:48:45,065 - DEBUG - [kineviz.ui.utils.validators] - Parte 2: 'BP' es válido para VI 'Peso'.
2025-06-17 23:48:45,065 - DEBUG - [kineviz.ui.utils.validators] - Validación exitosa. Sujeto: Pte06, Sub-valores: ['Mayor', 'BP'], Intento: 1
2025-06-17 23:48:45,065 - DEBUG - [kineviz.ui.utils.validators] - --- Validando nombre archivo: 'Pte07 Adulto NP 01_Cinematica.txt' ---
2025-06-17 23:48:45,065 - DEBUG - [kineviz.ui.utils.validators] - VIs definidas: [{'name': 'Edad', 'descriptors': ['Adulto', 'Joven', 'Mayor'], 'allows_combination': False, 'is_mandatory': False}, {'name': 'Peso', 'descriptors': ['OS', 'NP', 'BP'], 'allows_combination': False, 'is_mandatory': False}]
2025-06-17 23:48:45,065 - DEBUG - [kineviz.ui.utils.validators] - Nombre base extraído: 'Pte07 Adulto NP 01'
2025-06-17 23:48:45,065 - DEBUG - [kineviz.ui.utils.validators] - Partes del nombre base: ['Pte07', 'Adulto', 'NP', '01']
2025-06-17 23:48:45,065 - DEBUG - [kineviz.ui.utils.validators] - Partes intermedias (sub-valores): ['Adulto', 'NP']
2025-06-17 23:48:45,065 - DEBUG - [kineviz.ui.utils.validators] - Número VIs definidas: 2, Partes intermedias encontradas: 2
2025-06-17 23:48:45,065 - DEBUG - [kineviz.ui.utils.validators] - Parte 1: 'Adulto' es válido para VI 'Edad'.
2025-06-17 23:48:45,065 - DEBUG - [kineviz.ui.utils.validators] - Parte 2: 'NP' es válido para VI 'Peso'.
2025-06-17 23:48:45,065 - DEBUG - [kineviz.ui.utils.validators] - Validación exitosa. Sujeto: Pte07, Sub-valores: ['Adulto', 'NP'], Intento: 1
2025-06-17 23:48:45,065 - DEBUG - [kineviz.ui.utils.validators] - --- Validando nombre archivo: 'Pte07 Adulto NP 02_Cinematica.txt' ---
2025-06-17 23:48:45,065 - DEBUG - [kineviz.ui.utils.validators] - VIs definidas: [{'name': 'Edad', 'descriptors': ['Adulto', 'Joven', 'Mayor'], 'allows_combination': False, 'is_mandatory': False}, {'name': 'Peso', 'descriptors': ['OS', 'NP', 'BP'], 'allows_combination': False, 'is_mandatory': False}]
2025-06-17 23:48:45,065 - DEBUG - [kineviz.ui.utils.validators] - Nombre base extraído: 'Pte07 Adulto NP 02'
2025-06-17 23:48:45,065 - DEBUG - [kineviz.ui.utils.validators] - Partes del nombre base: ['Pte07', 'Adulto', 'NP', '02']
2025-06-17 23:48:45,065 - DEBUG - [kineviz.ui.utils.validators] - Partes intermedias (sub-valores): ['Adulto', 'NP']
2025-06-17 23:48:45,065 - DEBUG - [kineviz.ui.utils.validators] - Número VIs definidas: 2, Partes intermedias encontradas: 2
2025-06-17 23:48:45,066 - DEBUG - [kineviz.ui.utils.validators] - Parte 1: 'Adulto' es válido para VI 'Edad'.
2025-06-17 23:48:45,066 - DEBUG - [kineviz.ui.utils.validators] - Parte 2: 'NP' es válido para VI 'Peso'.
2025-06-17 23:48:45,066 - DEBUG - [kineviz.ui.utils.validators] - Validación exitosa. Sujeto: Pte07, Sub-valores: ['Adulto', 'NP'], Intento: 2
2025-06-17 23:48:45,066 - DEBUG - [kineviz.ui.utils.validators] - --- Validando nombre archivo: 'Pte07 Adulto NP 03_Cinematica.txt' ---
2025-06-17 23:48:45,066 - DEBUG - [kineviz.ui.utils.validators] - VIs definidas: [{'name': 'Edad', 'descriptors': ['Adulto', 'Joven', 'Mayor'], 'allows_combination': False, 'is_mandatory': False}, {'name': 'Peso', 'descriptors': ['OS', 'NP', 'BP'], 'allows_combination': False, 'is_mandatory': False}]
2025-06-17 23:48:45,066 - DEBUG - [kineviz.ui.utils.validators] - Nombre base extraído: 'Pte07 Adulto NP 03'
2025-06-17 23:48:45,066 - DEBUG - [kineviz.ui.utils.validators] - Partes del nombre base: ['Pte07', 'Adulto', 'NP', '03']
2025-06-17 23:48:45,066 - DEBUG - [kineviz.ui.utils.validators] - Partes intermedias (sub-valores): ['Adulto', 'NP']
2025-06-17 23:48:45,066 - DEBUG - [kineviz.ui.utils.validators] - Número VIs definidas: 2, Partes intermedias encontradas: 2
2025-06-17 23:48:45,066 - DEBUG - [kineviz.ui.utils.validators] - Parte 1: 'Adulto' es válido para VI 'Edad'.
2025-06-17 23:48:45,066 - DEBUG - [kineviz.ui.utils.validators] - Parte 2: 'NP' es válido para VI 'Peso'.
2025-06-17 23:48:45,066 - DEBUG - [kineviz.ui.utils.validators] - Validación exitosa. Sujeto: Pte07, Sub-valores: ['Adulto', 'NP'], Intento: 3
2025-06-17 23:48:45,066 - DEBUG - [kineviz.ui.utils.validators] - --- Validando nombre archivo: 'Pte09 Adulto BP 01_Cinematica.txt' ---
2025-06-17 23:48:45,066 - DEBUG - [kineviz.ui.utils.validators] - VIs definidas: [{'name': 'Edad', 'descriptors': ['Adulto', 'Joven', 'Mayor'], 'allows_combination': False, 'is_mandatory': False}, {'name': 'Peso', 'descriptors': ['OS', 'NP', 'BP'], 'allows_combination': False, 'is_mandatory': False}]
2025-06-17 23:48:45,066 - DEBUG - [kineviz.ui.utils.validators] - Nombre base extraído: 'Pte09 Adulto BP 01'
2025-06-17 23:48:45,066 - DEBUG - [kineviz.ui.utils.validators] - Partes del nombre base: ['Pte09', 'Adulto', 'BP', '01']
2025-06-17 23:48:45,066 - DEBUG - [kineviz.ui.utils.validators] - Partes intermedias (sub-valores): ['Adulto', 'BP']
2025-06-17 23:48:45,066 - DEBUG - [kineviz.ui.utils.validators] - Número VIs definidas: 2, Partes intermedias encontradas: 2
2025-06-17 23:48:45,066 - DEBUG - [kineviz.ui.utils.validators] - Parte 1: 'Adulto' es válido para VI 'Edad'.
2025-06-17 23:48:45,066 - DEBUG - [kineviz.ui.utils.validators] - Parte 2: 'BP' es válido para VI 'Peso'.
2025-06-17 23:48:45,066 - DEBUG - [kineviz.ui.utils.validators] - Validación exitosa. Sujeto: Pte09, Sub-valores: ['Adulto', 'BP'], Intento: 1
2025-06-17 23:48:45,066 - DEBUG - [kineviz.ui.utils.validators] - --- Validando nombre archivo: 'Pte09 Adulto BP 02_Cinematica.txt' ---
2025-06-17 23:48:45,066 - DEBUG - [kineviz.ui.utils.validators] - VIs definidas: [{'name': 'Edad', 'descriptors': ['Adulto', 'Joven', 'Mayor'], 'allows_combination': False, 'is_mandatory': False}, {'name': 'Peso', 'descriptors': ['OS', 'NP', 'BP'], 'allows_combination': False, 'is_mandatory': False}]
2025-06-17 23:48:45,066 - DEBUG - [kineviz.ui.utils.validators] - Nombre base extraído: 'Pte09 Adulto BP 02'
2025-06-17 23:48:45,066 - DEBUG - [kineviz.ui.utils.validators] - Partes del nombre base: ['Pte09', 'Adulto', 'BP', '02']
2025-06-17 23:48:45,067 - DEBUG - [kineviz.ui.utils.validators] - Partes intermedias (sub-valores): ['Adulto', 'BP']
2025-06-17 23:48:45,067 - DEBUG - [kineviz.ui.utils.validators] - Número VIs definidas: 2, Partes intermedias encontradas: 2
2025-06-17 23:48:45,067 - DEBUG - [kineviz.ui.utils.validators] - Parte 1: 'Adulto' es válido para VI 'Edad'.
2025-06-17 23:48:45,067 - DEBUG - [kineviz.ui.utils.validators] - Parte 2: 'BP' es válido para VI 'Peso'.
2025-06-17 23:48:45,067 - DEBUG - [kineviz.ui.utils.validators] - Validación exitosa. Sujeto: Pte09, Sub-valores: ['Adulto', 'BP'], Intento: 2
2025-06-17 23:48:45,067 - DEBUG - [kineviz.ui.utils.validators] - --- Validando nombre archivo: 'Pte09 Adulto BP 03_Cinematica.txt' ---
2025-06-17 23:48:45,067 - DEBUG - [kineviz.ui.utils.validators] - VIs definidas: [{'name': 'Edad', 'descriptors': ['Adulto', 'Joven', 'Mayor'], 'allows_combination': False, 'is_mandatory': False}, {'name': 'Peso', 'descriptors': ['OS', 'NP', 'BP'], 'allows_combination': False, 'is_mandatory': False}]
2025-06-17 23:48:45,067 - DEBUG - [kineviz.ui.utils.validators] - Nombre base extraído: 'Pte09 Adulto BP 03'
2025-06-17 23:48:45,067 - DEBUG - [kineviz.ui.utils.validators] - Partes del nombre base: ['Pte09', 'Adulto', 'BP', '03']
2025-06-17 23:48:45,067 - DEBUG - [kineviz.ui.utils.validators] - Partes intermedias (sub-valores): ['Adulto', 'BP']
2025-06-17 23:48:45,067 - DEBUG - [kineviz.ui.utils.validators] - Número VIs definidas: 2, Partes intermedias encontradas: 2
2025-06-17 23:48:45,067 - DEBUG - [kineviz.ui.utils.validators] - Parte 1: 'Adulto' es válido para VI 'Edad'.
2025-06-17 23:48:45,067 - DEBUG - [kineviz.ui.utils.validators] - Parte 2: 'BP' es válido para VI 'Peso'.
2025-06-17 23:48:45,067 - DEBUG - [kineviz.ui.utils.validators] - Validación exitosa. Sujeto: Pte09, Sub-valores: ['Adulto', 'BP'], Intento: 3
2025-06-17 23:48:45,067 - DEBUG - [kineviz.core.services.analysis_service] - Grupos identificados (9): {'Edad=Mayor;Peso=OS', 'Edad=Joven;Peso=OS', 'Edad=Adulto;Peso=OS', 'Edad=Mayor;Peso=NP', 'Edad=Mayor;Peso=BP', 'Edad=Adulto;Peso=BP', 'Edad=Joven;Peso=NP', 'Edad=Adulto;Peso=NP', 'Edad=Joven;Peso=BP'}
2025-06-17 23:48:45,067 - DEBUG - [kineviz.core.services.analysis_service] - Se inspeccionarán las siguientes claves de tabla (completas): {'Edad=Mayor;Peso=OS', 'Edad=Adulto;Peso=OS', 'Edad=Mayor;Peso=NP', 'Edad=Mayor;Peso=BP', 'Edad=Adulto;Peso=BP', 'Edad=Adulto;Peso=NP'}
2025-06-17 23:48:45,091 - DEBUG - [kineviz.core.services.analysis_service] - Columnas parseadas de Maximo_Cinematica_Edad_Mayor__Peso_OS.csv: {'LAnkleMoment/Y/N.mm/kg', 'LHipMoment/Z/N.mm/kg', 'RAnkleMoment/X/N.mm/kg', 'RAnkleAngles/X/deg', 'LAnkleForce/Y/N/kg', 'RHipAngles/Z/deg', 'LKneeForce/Y/N/kg', 'LKneeAngles/Z/deg', 'RKneeForce/X/N/kg', 'LKneeAngles/X/deg', 'LHipMoment/X/N.mm/kg', 'RKneeMoment/Z/N.mm/kg', 'LAnkleAngles/Y/deg', 'RHipMoment/Y/N.mm/kg', 'RAnkleAngles/Z/deg', 'LAnkleAngles/Z/deg', 'LAnkleForce/X/N/kg', 'RKneeAngles/Z/deg', 'RKneeMoment/X/N.mm/kg', 'LHipAngles/X/deg', 'LAnkleAngles/X/deg', 'RHipAngles/Y/deg', 'LKneeMoment/Y/N.mm/kg', 'RKneeMoment/Y/N.mm/kg', 'RAnkleForce/Y/N/kg', 'RAnkleForce/X/N/kg', 'LHipForce/Z/N/kg', 'LKneeAngles/Y/deg', 'RAnkleMoment/Y/N.mm/kg', 'RAnkleMoment/Z/N.mm/kg', 'RKneeAngles/Y/deg', 'LHipForce/X/N/kg', 'LAnkleMoment/Z/N.mm/kg', 'RAnkleAngles/Y/deg', 'LAnkleForce/Z/N/kg', 'RHipForce/Z/N/kg', 'LKneeMoment/X/N.mm/kg', 'RHipAngles/X/deg', 'RHipMoment/Z/N.mm/kg', 'RKneeForce/Z/N/kg', 'LAnkleMoment/X/N.mm/kg', 'LHipAngles/Y/deg', 'LHipForce/Y/N/kg', 'RHipMoment/X/N.mm/kg', 'RKneeAngles/X/deg', 'LKneeForce/X/N/kg', 'LKneeMoment/Z/N.mm/kg', 'LKneeForce/Z/N/kg', 'LHipAngles/Z/deg', 'RHipForce/Y/N/kg', 'RAnkleForce/Z/N/kg', 'RHipForce/X/N/kg', 'LHipMoment/Y/N.mm/kg', 'RKneeForce/Y/N/kg'}
2025-06-17 23:48:45,097 - DEBUG - [kineviz.core.services.analysis_service] - Columnas parseadas de Maximo_Cinematica_Edad_Adulto__Peso_OS.csv: {'LAnkleMoment/Y/N.mm/kg', 'LHipMoment/Z/N.mm/kg', 'RAnkleMoment/X/N.mm/kg', 'RAnkleAngles/X/deg', 'LAnkleForce/Y/N/kg', 'RHipAngles/Z/deg', 'LKneeForce/Y/N/kg', 'LKneeAngles/Z/deg', 'RKneeForce/X/N/kg', 'LKneeAngles/X/deg', 'LHipMoment/X/N.mm/kg', 'RKneeMoment/Z/N.mm/kg', 'LAnkleAngles/Y/deg', 'RHipMoment/Y/N.mm/kg', 'RAnkleAngles/Z/deg', 'LAnkleAngles/Z/deg', 'LAnkleForce/X/N/kg', 'RKneeAngles/Z/deg', 'RKneeMoment/X/N.mm/kg', 'LHipAngles/X/deg', 'LAnkleAngles/X/deg', 'RHipAngles/Y/deg', 'LKneeMoment/Y/N.mm/kg', 'RKneeMoment/Y/N.mm/kg', 'RAnkleForce/Y/N/kg', 'RAnkleForce/X/N/kg', 'LHipForce/Z/N/kg', 'LKneeAngles/Y/deg', 'RAnkleMoment/Y/N.mm/kg', 'RAnkleMoment/Z/N.mm/kg', 'RKneeAngles/Y/deg', 'LHipForce/X/N/kg', 'LAnkleMoment/Z/N.mm/kg', 'RAnkleAngles/Y/deg', 'LAnkleForce/Z/N/kg', 'RHipForce/Z/N/kg', 'LKneeMoment/X/N.mm/kg', 'RHipAngles/X/deg', 'RHipMoment/Z/N.mm/kg', 'RKneeForce/Z/N/kg', 'LAnkleMoment/X/N.mm/kg', 'LHipAngles/Y/deg', 'LHipForce/Y/N/kg', 'RHipMoment/X/N.mm/kg', 'RKneeAngles/X/deg', 'LKneeForce/X/N/kg', 'LKneeMoment/Z/N.mm/kg', 'LKneeForce/Z/N/kg', 'LHipAngles/Z/deg', 'RHipForce/Y/N/kg', 'RAnkleForce/Z/N/kg', 'RHipForce/X/N/kg', 'LHipMoment/Y/N.mm/kg', 'RKneeForce/Y/N/kg'}
2025-06-17 23:48:45,102 - DEBUG - [kineviz.core.services.analysis_service] - Columnas parseadas de Maximo_Cinematica_Edad_Mayor__Peso_NP.csv: {'LAnkleMoment/Y/N.mm/kg', 'LHipMoment/Z/N.mm/kg', 'RAnkleMoment/X/N.mm/kg', 'RAnkleAngles/X/deg', 'LAnkleForce/Y/N/kg', 'RHipAngles/Z/deg', 'LKneeForce/Y/N/kg', 'LKneeAngles/Z/deg', 'RKneeForce/X/N/kg', 'LKneeAngles/X/deg', 'LHipMoment/X/N.mm/kg', 'RKneeMoment/Z/N.mm/kg', 'LAnkleAngles/Y/deg', 'RHipMoment/Y/N.mm/kg', 'RAnkleAngles/Z/deg', 'LAnkleAngles/Z/deg', 'LAnkleForce/X/N/kg', 'RKneeAngles/Z/deg', 'RKneeMoment/X/N.mm/kg', 'LHipAngles/X/deg', 'LAnkleAngles/X/deg', 'RHipAngles/Y/deg', 'LKneeMoment/Y/N.mm/kg', 'RKneeMoment/Y/N.mm/kg', 'RAnkleForce/Y/N/kg', 'RAnkleForce/X/N/kg', 'LHipForce/Z/N/kg', 'LKneeAngles/Y/deg', 'RAnkleMoment/Y/N.mm/kg', 'RAnkleMoment/Z/N.mm/kg', 'RKneeAngles/Y/deg', 'LHipForce/X/N/kg', 'LAnkleMoment/Z/N.mm/kg', 'RAnkleAngles/Y/deg', 'LAnkleForce/Z/N/kg', 'RHipForce/Z/N/kg', 'LKneeMoment/X/N.mm/kg', 'RHipAngles/X/deg', 'RHipMoment/Z/N.mm/kg', 'RKneeForce/Z/N/kg', 'LAnkleMoment/X/N.mm/kg', 'LHipAngles/Y/deg', 'LHipForce/Y/N/kg', 'RHipMoment/X/N.mm/kg', 'RKneeAngles/X/deg', 'LKneeForce/X/N/kg', 'LKneeMoment/Z/N.mm/kg', 'LKneeForce/Z/N/kg', 'LHipAngles/Z/deg', 'RHipForce/Y/N/kg', 'RAnkleForce/Z/N/kg', 'RHipForce/X/N/kg', 'LHipMoment/Y/N.mm/kg', 'RKneeForce/Y/N/kg'}
2025-06-17 23:48:45,107 - DEBUG - [kineviz.core.services.analysis_service] - Columnas parseadas de Maximo_Cinematica_Edad_Mayor__Peso_BP.csv: {'LAnkleMoment/Y/N.mm/kg', 'LHipMoment/Z/N.mm/kg', 'RAnkleMoment/X/N.mm/kg', 'RAnkleAngles/X/deg', 'LAnkleForce/Y/N/kg', 'RHipAngles/Z/deg', 'LKneeForce/Y/N/kg', 'LKneeAngles/Z/deg', 'RKneeForce/X/N/kg', 'LKneeAngles/X/deg', 'LHipMoment/X/N.mm/kg', 'RKneeMoment/Z/N.mm/kg', 'LAnkleAngles/Y/deg', 'RHipMoment/Y/N.mm/kg', 'RAnkleAngles/Z/deg', 'LAnkleAngles/Z/deg', 'LAnkleForce/X/N/kg', 'RKneeAngles/Z/deg', 'RKneeMoment/X/N.mm/kg', 'LHipAngles/X/deg', 'LAnkleAngles/X/deg', 'RHipAngles/Y/deg', 'LKneeMoment/Y/N.mm/kg', 'RKneeMoment/Y/N.mm/kg', 'RAnkleForce/Y/N/kg', 'RAnkleForce/X/N/kg', 'LHipForce/Z/N/kg', 'LKneeAngles/Y/deg', 'RAnkleMoment/Y/N.mm/kg', 'RAnkleMoment/Z/N.mm/kg', 'RKneeAngles/Y/deg', 'LHipForce/X/N/kg', 'LAnkleMoment/Z/N.mm/kg', 'RAnkleAngles/Y/deg', 'LAnkleForce/Z/N/kg', 'RHipForce/Z/N/kg', 'LKneeMoment/X/N.mm/kg', 'RHipAngles/X/deg', 'RHipMoment/Z/N.mm/kg', 'RKneeForce/Z/N/kg', 'LAnkleMoment/X/N.mm/kg', 'LHipAngles/Y/deg', 'LHipForce/Y/N/kg', 'RHipMoment/X/N.mm/kg', 'RKneeAngles/X/deg', 'LKneeForce/X/N/kg', 'LKneeMoment/Z/N.mm/kg', 'LKneeForce/Z/N/kg', 'LHipAngles/Z/deg', 'RHipForce/Y/N/kg', 'RAnkleForce/Z/N/kg', 'RHipForce/X/N/kg', 'LHipMoment/Y/N.mm/kg', 'RKneeForce/Y/N/kg'}
2025-06-17 23:48:45,112 - DEBUG - [kineviz.core.services.analysis_service] - Columnas parseadas de Maximo_Cinematica_Edad_Adulto__Peso_BP.csv: {'LAnkleMoment/Y/N.mm/kg', 'LHipMoment/Z/N.mm/kg', 'RAnkleMoment/X/N.mm/kg', 'RAnkleAngles/X/deg', 'LAnkleForce/Y/N/kg', 'RHipAngles/Z/deg', 'LKneeForce/Y/N/kg', 'LKneeAngles/Z/deg', 'RKneeForce/X/N/kg', 'LKneeAngles/X/deg', 'LHipMoment/X/N.mm/kg', 'RKneeMoment/Z/N.mm/kg', 'LAnkleAngles/Y/deg', 'RHipMoment/Y/N.mm/kg', 'RAnkleAngles/Z/deg', 'LAnkleAngles/Z/deg', 'LAnkleForce/X/N/kg', 'RKneeAngles/Z/deg', 'RKneeMoment/X/N.mm/kg', 'LHipAngles/X/deg', 'LAnkleAngles/X/deg', 'RHipAngles/Y/deg', 'LKneeMoment/Y/N.mm/kg', 'RKneeMoment/Y/N.mm/kg', 'RAnkleForce/Y/N/kg', 'RAnkleForce/X/N/kg', 'LHipForce/Z/N/kg', 'LKneeAngles/Y/deg', 'RAnkleMoment/Y/N.mm/kg', 'RAnkleMoment/Z/N.mm/kg', 'RKneeAngles/Y/deg', 'LHipForce/X/N/kg', 'LAnkleMoment/Z/N.mm/kg', 'RAnkleAngles/Y/deg', 'LAnkleForce/Z/N/kg', 'RHipForce/Z/N/kg', 'LKneeMoment/X/N.mm/kg', 'RHipAngles/X/deg', 'RHipMoment/Z/N.mm/kg', 'RKneeForce/Z/N/kg', 'LAnkleMoment/X/N.mm/kg', 'LHipAngles/Y/deg', 'LHipForce/Y/N/kg', 'RHipMoment/X/N.mm/kg', 'RKneeAngles/X/deg', 'LKneeForce/X/N/kg', 'LKneeMoment/Z/N.mm/kg', 'LKneeForce/Z/N/kg', 'LHipAngles/Z/deg', 'RHipForce/Y/N/kg', 'RAnkleForce/Z/N/kg', 'RHipForce/X/N/kg', 'LHipMoment/Y/N.mm/kg', 'RKneeForce/Y/N/kg'}
2025-06-17 23:48:45,117 - DEBUG - [kineviz.core.services.analysis_service] - Columnas parseadas de Maximo_Cinematica_Edad_Adulto__Peso_NP.csv: {'LAnkleMoment/Y/N.mm/kg', 'LHipMoment/Z/N.mm/kg', 'RAnkleMoment/X/N.mm/kg', 'RAnkleAngles/X/deg', 'LAnkleForce/Y/N/kg', 'RHipAngles/Z/deg', 'LKneeForce/Y/N/kg', 'LKneeAngles/Z/deg', 'RKneeForce/X/N/kg', 'LKneeAngles/X/deg', 'LHipMoment/X/N.mm/kg', 'RKneeMoment/Z/N.mm/kg', 'LAnkleAngles/Y/deg', 'RHipMoment/Y/N.mm/kg', 'RAnkleAngles/Z/deg', 'LAnkleAngles/Z/deg', 'LAnkleForce/X/N/kg', 'RKneeAngles/Z/deg', 'RKneeMoment/X/N.mm/kg', 'LHipAngles/X/deg', 'LAnkleAngles/X/deg', 'RHipAngles/Y/deg', 'LKneeMoment/Y/N.mm/kg', 'RKneeMoment/Y/N.mm/kg', 'RAnkleForce/Y/N/kg', 'RAnkleForce/X/N/kg', 'LHipForce/Z/N/kg', 'LKneeAngles/Y/deg', 'RAnkleMoment/Y/N.mm/kg', 'RAnkleMoment/Z/N.mm/kg', 'RKneeAngles/Y/deg', 'LHipForce/X/N/kg', 'LAnkleMoment/Z/N.mm/kg', 'RAnkleAngles/Y/deg', 'LAnkleForce/Z/N/kg', 'RHipForce/Z/N/kg', 'LKneeMoment/X/N.mm/kg', 'RHipAngles/X/deg', 'RHipMoment/Z/N.mm/kg', 'RKneeForce/Z/N/kg', 'LAnkleMoment/X/N.mm/kg', 'LHipAngles/Y/deg', 'LHipForce/Y/N/kg', 'RHipMoment/X/N.mm/kg', 'RKneeAngles/X/deg', 'LKneeForce/X/N/kg', 'LKneeMoment/Z/N.mm/kg', 'LKneeForce/Z/N/kg', 'LHipAngles/Z/deg', 'RHipForce/Y/N/kg', 'RAnkleForce/Z/N/kg', 'RHipForce/X/N/kg', 'LHipMoment/Y/N.mm/kg', 'RKneeForce/Y/N/kg'}
2025-06-17 23:48:45,117 - DEBUG - [kineviz.ui.dialogs.configure_individual_analysis_dialog] - Columnas comunes encontradas: ['LAnkleAngles/X/deg', 'LAnkleAngles/Y/deg', 'LAnkleAngles/Z/deg', 'LAnkleForce/X/N/kg', 'LAnkleForce/Y/N/kg', 'LAnkleForce/Z/N/kg', 'LAnkleMoment/X/N.mm/kg', 'LAnkleMoment/Y/N.mm/kg', 'LAnkleMoment/Z/N.mm/kg', 'LHipAngles/X/deg', 'LHipAngles/Y/deg', 'LHipAngles/Z/deg', 'LHipForce/X/N/kg', 'LHipForce/Y/N/kg', 'LHipForce/Z/N/kg', 'LHipMoment/X/N.mm/kg', 'LHipMoment/Y/N.mm/kg', 'LHipMoment/Z/N.mm/kg', 'LKneeAngles/X/deg', 'LKneeAngles/Y/deg', 'LKneeAngles/Z/deg', 'LKneeForce/X/N/kg', 'LKneeForce/Y/N/kg', 'LKneeForce/Z/N/kg', 'LKneeMoment/X/N.mm/kg', 'LKneeMoment/Y/N.mm/kg', 'LKneeMoment/Z/N.mm/kg', 'RAnkleAngles/X/deg', 'RAnkleAngles/Y/deg', 'RAnkleAngles/Z/deg', 'RAnkleForce/X/N/kg', 'RAnkleForce/Y/N/kg', 'RAnkleForce/Z/N/kg', 'RAnkleMoment/X/N.mm/kg', 'RAnkleMoment/Y/N.mm/kg', 'RAnkleMoment/Z/N.mm/kg', 'RHipAngles/X/deg', 'RHipAngles/Y/deg', 'RHipAngles/Z/deg', 'RHipForce/X/N/kg', 'RHipForce/Y/N/kg', 'RHipForce/Z/N/kg', 'RHipMoment/X/N.mm/kg', 'RHipMoment/Y/N.mm/kg', 'RHipMoment/Z/N.mm/kg', 'RKneeAngles/X/deg', 'RKneeAngles/Y/deg', 'RKneeAngles/Z/deg', 'RKneeForce/X/N/kg', 'RKneeForce/Y/N/kg', 'RKneeForce/Z/N/kg', 'RKneeMoment/X/N.mm/kg', 'RKneeMoment/Y/N.mm/kg', 'RKneeMoment/Z/N.mm/kg']
2025-06-17 23:48:51,837 - INFO - [kineviz.ui.dialogs.configure_individual_analysis_dialog] - Configuración de análisis individual lista para ser devuelta: {'name': 'testing', 'frequency': 'Cinematica', 'calculation': 'Maximo', 'groups': ['Edad=Adulto', 'Edad=Mayor'], 'column': 'LAnkleForce/X/N/kg', 'parametric': True, 'paired': False, 'grouping_mode': '1VI', 'primary_vi_name': 'Edad', 'fixed_vi_name': None, 'fixed_descriptor_display': None}
2025-06-17 23:48:51,865 - INFO - [kineviz.core.services.analysis_service] - Inicio perform_individual_analysis para estudio 2: testing
2025-06-17 23:48:51,865 - DEBUG - [kineviz.core.services.analysis_service] - Configuración recibida: {'name': 'testing', 'frequency': 'Cinematica', 'calculation': 'Maximo', 'groups': ['Edad=Adulto', 'Edad=Mayor'], 'column': 'LAnkleForce/X/N/kg', 'parametric': True, 'paired': False, 'grouping_mode': '1VI', 'primary_vi_name': 'Edad', 'fixed_vi_name': None, 'fixed_descriptor_display': None}
2025-06-17 23:48:51,866 - DEBUG - [kineviz.core.services.analysis_service] - Columna parseada para análisis: ('LAnkleForce', 'X', 'N/kg')
2025-06-17 23:48:51,866 - DEBUG - [kineviz.core.services.analysis_service] - Inicio lectura de datos. Modo: 1VI, Primary VI (1VI): Edad
2025-06-17 23:48:51,866 - INFO - [kineviz.core.services.analysis_service] - Procesando en modo 1VI (efecto principal) para VI: 'Edad'
2025-06-17 23:48:51,866 - DEBUG - [kineviz.core.services.analysis_service] - Identificando grupos para estudio 2, frecuencia Cinematica
2025-06-17 23:48:51,870 - DEBUG - [kineviz.ui.utils.validators] - --- Validando nombre archivo: 'Pte05 Mayor OS 02_Cinematica.txt' ---
2025-06-17 23:48:51,870 - DEBUG - [kineviz.ui.utils.validators] - VIs definidas: [{'name': 'Edad', 'descriptors': ['Adulto', 'Joven', 'Mayor'], 'allows_combination': False, 'is_mandatory': False}, {'name': 'Peso', 'descriptors': ['OS', 'NP', 'BP'], 'allows_combination': False, 'is_mandatory': False}]
2025-06-17 23:48:51,870 - DEBUG - [kineviz.ui.utils.validators] - Nombre base extraído: 'Pte05 Mayor OS 02'
2025-06-17 23:48:51,870 - DEBUG - [kineviz.ui.utils.validators] - Partes del nombre base: ['Pte05', 'Mayor', 'OS', '02']
2025-06-17 23:48:51,870 - DEBUG - [kineviz.ui.utils.validators] - Partes intermedias (sub-valores): ['Mayor', 'OS']
2025-06-17 23:48:51,870 - DEBUG - [kineviz.ui.utils.validators] - Número VIs definidas: 2, Partes intermedias encontradas: 2
2025-06-17 23:48:51,870 - DEBUG - [kineviz.ui.utils.validators] - Parte 1: 'Mayor' es válido para VI 'Edad'.
2025-06-17 23:48:51,870 - DEBUG - [kineviz.ui.utils.validators] - Parte 2: 'OS' es válido para VI 'Peso'.
2025-06-17 23:48:51,870 - DEBUG - [kineviz.ui.utils.validators] - Validación exitosa. Sujeto: Pte05, Sub-valores: ['Mayor', 'OS'], Intento: 2
2025-06-17 23:48:51,870 - DEBUG - [kineviz.ui.utils.validators] - --- Validando nombre archivo: 'Pte02 Joven OS 02_Cinematica.txt' ---
2025-06-17 23:48:51,870 - DEBUG - [kineviz.ui.utils.validators] - VIs definidas: [{'name': 'Edad', 'descriptors': ['Adulto', 'Joven', 'Mayor'], 'allows_combination': False, 'is_mandatory': False}, {'name': 'Peso', 'descriptors': ['OS', 'NP', 'BP'], 'allows_combination': False, 'is_mandatory': False}]
2025-06-17 23:48:51,870 - DEBUG - [kineviz.ui.utils.validators] - Nombre base extraído: 'Pte02 Joven OS 02'
2025-06-17 23:48:51,870 - DEBUG - [kineviz.ui.utils.validators] - Partes del nombre base: ['Pte02', 'Joven', 'OS', '02']
2025-06-17 23:48:51,870 - DEBUG - [kineviz.ui.utils.validators] - Partes intermedias (sub-valores): ['Joven', 'OS']
2025-06-17 23:48:51,870 - DEBUG - [kineviz.ui.utils.validators] - Número VIs definidas: 2, Partes intermedias encontradas: 2
2025-06-17 23:48:51,870 - DEBUG - [kineviz.ui.utils.validators] - Parte 1: 'Joven' es válido para VI 'Edad'.
2025-06-17 23:48:51,870 - DEBUG - [kineviz.ui.utils.validators] - Parte 2: 'OS' es válido para VI 'Peso'.
2025-06-17 23:48:51,870 - DEBUG - [kineviz.ui.utils.validators] - Validación exitosa. Sujeto: Pte02, Sub-valores: ['Joven', 'OS'], Intento: 2
2025-06-17 23:48:51,870 - DEBUG - [kineviz.ui.utils.validators] - --- Validando nombre archivo: 'Pte02 Joven OS 03_Cinematica.txt' ---
2025-06-17 23:48:51,870 - DEBUG - [kineviz.ui.utils.validators] - VIs definidas: [{'name': 'Edad', 'descriptors': ['Adulto', 'Joven', 'Mayor'], 'allows_combination': False, 'is_mandatory': False}, {'name': 'Peso', 'descriptors': ['OS', 'NP', 'BP'], 'allows_combination': False, 'is_mandatory': False}]
2025-06-17 23:48:51,871 - DEBUG - [kineviz.ui.utils.validators] - Nombre base extraído: 'Pte02 Joven OS 03'
2025-06-17 23:48:51,871 - DEBUG - [kineviz.ui.utils.validators] - Partes del nombre base: ['Pte02', 'Joven', 'OS', '03']
2025-06-17 23:48:51,871 - DEBUG - [kineviz.ui.utils.validators] - Partes intermedias (sub-valores): ['Joven', 'OS']
2025-06-17 23:48:51,871 - DEBUG - [kineviz.ui.utils.validators] - Número VIs definidas: 2, Partes intermedias encontradas: 2
2025-06-17 23:48:51,871 - DEBUG - [kineviz.ui.utils.validators] - Parte 1: 'Joven' es válido para VI 'Edad'.
2025-06-17 23:48:51,871 - DEBUG - [kineviz.ui.utils.validators] - Parte 2: 'OS' es válido para VI 'Peso'.
2025-06-17 23:48:51,871 - DEBUG - [kineviz.ui.utils.validators] - Validación exitosa. Sujeto: Pte02, Sub-valores: ['Joven', 'OS'], Intento: 3
2025-06-17 23:48:51,871 - DEBUG - [kineviz.ui.utils.validators] - --- Validando nombre archivo: 'Pte02 Joven OS 01_Cinematica.txt' ---
2025-06-17 23:48:51,871 - DEBUG - [kineviz.ui.utils.validators] - VIs definidas: [{'name': 'Edad', 'descriptors': ['Adulto', 'Joven', 'Mayor'], 'allows_combination': False, 'is_mandatory': False}, {'name': 'Peso', 'descriptors': ['OS', 'NP', 'BP'], 'allows_combination': False, 'is_mandatory': False}]
2025-06-17 23:48:51,871 - DEBUG - [kineviz.ui.utils.validators] - Nombre base extraído: 'Pte02 Joven OS 01'
2025-06-17 23:48:51,871 - DEBUG - [kineviz.ui.utils.validators] - Partes del nombre base: ['Pte02', 'Joven', 'OS', '01']
2025-06-17 23:48:51,871 - DEBUG - [kineviz.ui.utils.validators] - Partes intermedias (sub-valores): ['Joven', 'OS']
2025-06-17 23:48:51,871 - DEBUG - [kineviz.ui.utils.validators] - Número VIs definidas: 2, Partes intermedias encontradas: 2
2025-06-17 23:48:51,871 - DEBUG - [kineviz.ui.utils.validators] - Parte 1: 'Joven' es válido para VI 'Edad'.
2025-06-17 23:48:51,871 - DEBUG - [kineviz.ui.utils.validators] - Parte 2: 'OS' es válido para VI 'Peso'.
2025-06-17 23:48:51,871 - DEBUG - [kineviz.ui.utils.validators] - Validación exitosa. Sujeto: Pte02, Sub-valores: ['Joven', 'OS'], Intento: 1
2025-06-17 23:48:51,871 - DEBUG - [kineviz.ui.utils.validators] - --- Validando nombre archivo: 'Pte03 Joven BP 02_Cinematica.txt' ---
2025-06-17 23:48:51,871 - DEBUG - [kineviz.ui.utils.validators] - VIs definidas: [{'name': 'Edad', 'descriptors': ['Adulto', 'Joven', 'Mayor'], 'allows_combination': False, 'is_mandatory': False}, {'name': 'Peso', 'descriptors': ['OS', 'NP', 'BP'], 'allows_combination': False, 'is_mandatory': False}]
2025-06-17 23:48:51,871 - DEBUG - [kineviz.ui.utils.validators] - Nombre base extraído: 'Pte03 Joven BP 02'
2025-06-17 23:48:51,871 - DEBUG - [kineviz.ui.utils.validators] - Partes del nombre base: ['Pte03', 'Joven', 'BP', '02']
2025-06-17 23:48:51,871 - DEBUG - [kineviz.ui.utils.validators] - Partes intermedias (sub-valores): ['Joven', 'BP']
2025-06-17 23:48:51,871 - DEBUG - [kineviz.ui.utils.validators] - Número VIs definidas: 2, Partes intermedias encontradas: 2
2025-06-17 23:48:51,871 - DEBUG - [kineviz.ui.utils.validators] - Parte 1: 'Joven' es válido para VI 'Edad'.
2025-06-17 23:48:51,871 - DEBUG - [kineviz.ui.utils.validators] - Parte 2: 'BP' es válido para VI 'Peso'.
2025-06-17 23:48:51,871 - DEBUG - [kineviz.ui.utils.validators] - Validación exitosa. Sujeto: Pte03, Sub-valores: ['Joven', 'BP'], Intento: 2
2025-06-17 23:48:51,871 - DEBUG - [kineviz.ui.utils.validators] - --- Validando nombre archivo: 'Pte03 Joven BP 03_Cinematica.txt' ---
2025-06-17 23:48:51,871 - DEBUG - [kineviz.ui.utils.validators] - VIs definidas: [{'name': 'Edad', 'descriptors': ['Adulto', 'Joven', 'Mayor'], 'allows_combination': False, 'is_mandatory': False}, {'name': 'Peso', 'descriptors': ['OS', 'NP', 'BP'], 'allows_combination': False, 'is_mandatory': False}]
2025-06-17 23:48:51,871 - DEBUG - [kineviz.ui.utils.validators] - Nombre base extraído: 'Pte03 Joven BP 03'
2025-06-17 23:48:51,871 - DEBUG - [kineviz.ui.utils.validators] - Partes del nombre base: ['Pte03', 'Joven', 'BP', '03']
2025-06-17 23:48:51,871 - DEBUG - [kineviz.ui.utils.validators] - Partes intermedias (sub-valores): ['Joven', 'BP']
2025-06-17 23:48:51,871 - DEBUG - [kineviz.ui.utils.validators] - Número VIs definidas: 2, Partes intermedias encontradas: 2
2025-06-17 23:48:51,871 - DEBUG - [kineviz.ui.utils.validators] - Parte 1: 'Joven' es válido para VI 'Edad'.
2025-06-17 23:48:51,871 - DEBUG - [kineviz.ui.utils.validators] - Parte 2: 'BP' es válido para VI 'Peso'.
2025-06-17 23:48:51,872 - DEBUG - [kineviz.ui.utils.validators] - Validación exitosa. Sujeto: Pte03, Sub-valores: ['Joven', 'BP'], Intento: 3
2025-06-17 23:48:51,872 - DEBUG - [kineviz.ui.utils.validators] - --- Validando nombre archivo: 'Pte03 Joven BP 01_Cinematica.txt' ---
2025-06-17 23:48:51,872 - DEBUG - [kineviz.ui.utils.validators] - VIs definidas: [{'name': 'Edad', 'descriptors': ['Adulto', 'Joven', 'Mayor'], 'allows_combination': False, 'is_mandatory': False}, {'name': 'Peso', 'descriptors': ['OS', 'NP', 'BP'], 'allows_combination': False, 'is_mandatory': False}]
2025-06-17 23:48:51,872 - DEBUG - [kineviz.ui.utils.validators] - Nombre base extraído: 'Pte03 Joven BP 01'
2025-06-17 23:48:51,872 - DEBUG - [kineviz.ui.utils.validators] - Partes del nombre base: ['Pte03', 'Joven', 'BP', '01']
2025-06-17 23:48:51,872 - DEBUG - [kineviz.ui.utils.validators] - Partes intermedias (sub-valores): ['Joven', 'BP']
2025-06-17 23:48:51,872 - DEBUG - [kineviz.ui.utils.validators] - Número VIs definidas: 2, Partes intermedias encontradas: 2
2025-06-17 23:48:51,872 - DEBUG - [kineviz.ui.utils.validators] - Parte 1: 'Joven' es válido para VI 'Edad'.
2025-06-17 23:48:51,872 - DEBUG - [kineviz.ui.utils.validators] - Parte 2: 'BP' es válido para VI 'Peso'.
2025-06-17 23:48:51,872 - DEBUG - [kineviz.ui.utils.validators] - Validación exitosa. Sujeto: Pte03, Sub-valores: ['Joven', 'BP'], Intento: 1
2025-06-17 23:48:51,872 - DEBUG - [kineviz.ui.utils.validators] - --- Validando nombre archivo: 'Pte04 Mayor NP 03_Cinematica.txt' ---
2025-06-17 23:48:51,872 - DEBUG - [kineviz.ui.utils.validators] - VIs definidas: [{'name': 'Edad', 'descriptors': ['Adulto', 'Joven', 'Mayor'], 'allows_combination': False, 'is_mandatory': False}, {'name': 'Peso', 'descriptors': ['OS', 'NP', 'BP'], 'allows_combination': False, 'is_mandatory': False}]
2025-06-17 23:48:51,872 - DEBUG - [kineviz.ui.utils.validators] - Nombre base extraído: 'Pte04 Mayor NP 03'
2025-06-17 23:48:51,872 - DEBUG - [kineviz.ui.utils.validators] - Partes del nombre base: ['Pte04', 'Mayor', 'NP', '03']
2025-06-17 23:48:51,872 - DEBUG - [kineviz.ui.utils.validators] - Partes intermedias (sub-valores): ['Mayor', 'NP']
2025-06-17 23:48:51,872 - DEBUG - [kineviz.ui.utils.validators] - Número VIs definidas: 2, Partes intermedias encontradas: 2
2025-06-17 23:48:51,872 - DEBUG - [kineviz.ui.utils.validators] - Parte 1: 'Mayor' es válido para VI 'Edad'.
2025-06-17 23:48:51,872 - DEBUG - [kineviz.ui.utils.validators] - Parte 2: 'NP' es válido para VI 'Peso'.
2025-06-17 23:48:51,872 - DEBUG - [kineviz.ui.utils.validators] - Validación exitosa. Sujeto: Pte04, Sub-valores: ['Mayor', 'NP'], Intento: 3
2025-06-17 23:48:51,872 - DEBUG - [kineviz.ui.utils.validators] - --- Validando nombre archivo: 'Pte04 Mayor NP 02_Cinematica.txt' ---
2025-06-17 23:48:51,872 - DEBUG - [kineviz.ui.utils.validators] - VIs definidas: [{'name': 'Edad', 'descriptors': ['Adulto', 'Joven', 'Mayor'], 'allows_combination': False, 'is_mandatory': False}, {'name': 'Peso', 'descriptors': ['OS', 'NP', 'BP'], 'allows_combination': False, 'is_mandatory': False}]
2025-06-17 23:48:51,872 - DEBUG - [kineviz.ui.utils.validators] - Nombre base extraído: 'Pte04 Mayor NP 02'
2025-06-17 23:48:51,872 - DEBUG - [kineviz.ui.utils.validators] - Partes del nombre base: ['Pte04', 'Mayor', 'NP', '02']
2025-06-17 23:48:51,872 - DEBUG - [kineviz.ui.utils.validators] - Partes intermedias (sub-valores): ['Mayor', 'NP']
2025-06-17 23:48:51,872 - DEBUG - [kineviz.ui.utils.validators] - Número VIs definidas: 2, Partes intermedias encontradas: 2
2025-06-17 23:48:51,872 - DEBUG - [kineviz.ui.utils.validators] - Parte 1: 'Mayor' es válido para VI 'Edad'.
2025-06-17 23:48:51,872 - DEBUG - [kineviz.ui.utils.validators] - Parte 2: 'NP' es válido para VI 'Peso'.
2025-06-17 23:48:51,872 - DEBUG - [kineviz.ui.utils.validators] - Validación exitosa. Sujeto: Pte04, Sub-valores: ['Mayor', 'NP'], Intento: 2
2025-06-17 23:48:51,872 - DEBUG - [kineviz.ui.utils.validators] - --- Validando nombre archivo: 'Pte04 Mayor NP 01_Cinematica.txt' ---
2025-06-17 23:48:51,872 - DEBUG - [kineviz.ui.utils.validators] - VIs definidas: [{'name': 'Edad', 'descriptors': ['Adulto', 'Joven', 'Mayor'], 'allows_combination': False, 'is_mandatory': False}, {'name': 'Peso', 'descriptors': ['OS', 'NP', 'BP'], 'allows_combination': False, 'is_mandatory': False}]
2025-06-17 23:48:51,872 - DEBUG - [kineviz.ui.utils.validators] - Nombre base extraído: 'Pte04 Mayor NP 01'
2025-06-17 23:48:51,872 - DEBUG - [kineviz.ui.utils.validators] - Partes del nombre base: ['Pte04', 'Mayor', 'NP', '01']
2025-06-17 23:48:51,872 - DEBUG - [kineviz.ui.utils.validators] - Partes intermedias (sub-valores): ['Mayor', 'NP']
2025-06-17 23:48:51,872 - DEBUG - [kineviz.ui.utils.validators] - Número VIs definidas: 2, Partes intermedias encontradas: 2
2025-06-17 23:48:51,873 - DEBUG - [kineviz.ui.utils.validators] - Parte 1: 'Mayor' es válido para VI 'Edad'.
2025-06-17 23:48:51,873 - DEBUG - [kineviz.ui.utils.validators] - Parte 2: 'NP' es válido para VI 'Peso'.
2025-06-17 23:48:51,873 - DEBUG - [kineviz.ui.utils.validators] - Validación exitosa. Sujeto: Pte04, Sub-valores: ['Mayor', 'NP'], Intento: 1
2025-06-17 23:48:51,873 - DEBUG - [kineviz.ui.utils.validators] - --- Validando nombre archivo: 'Pte08 Adulto OS 01_Cinematica.txt' ---
2025-06-17 23:48:51,873 - DEBUG - [kineviz.ui.utils.validators] - VIs definidas: [{'name': 'Edad', 'descriptors': ['Adulto', 'Joven', 'Mayor'], 'allows_combination': False, 'is_mandatory': False}, {'name': 'Peso', 'descriptors': ['OS', 'NP', 'BP'], 'allows_combination': False, 'is_mandatory': False}]
2025-06-17 23:48:51,873 - DEBUG - [kineviz.ui.utils.validators] - Nombre base extraído: 'Pte08 Adulto OS 01'
2025-06-17 23:48:51,873 - DEBUG - [kineviz.ui.utils.validators] - Partes del nombre base: ['Pte08', 'Adulto', 'OS', '01']
2025-06-17 23:48:51,873 - DEBUG - [kineviz.ui.utils.validators] - Partes intermedias (sub-valores): ['Adulto', 'OS']
2025-06-17 23:48:51,873 - DEBUG - [kineviz.ui.utils.validators] - Número VIs definidas: 2, Partes intermedias encontradas: 2
2025-06-17 23:48:51,873 - DEBUG - [kineviz.ui.utils.validators] - Parte 1: 'Adulto' es válido para VI 'Edad'.
2025-06-17 23:48:51,873 - DEBUG - [kineviz.ui.utils.validators] - Parte 2: 'OS' es válido para VI 'Peso'.
2025-06-17 23:48:51,873 - DEBUG - [kineviz.ui.utils.validators] - Validación exitosa. Sujeto: Pte08, Sub-valores: ['Adulto', 'OS'], Intento: 1
2025-06-17 23:48:51,873 - DEBUG - [kineviz.ui.utils.validators] - --- Validando nombre archivo: 'Pte08 Adulto OS 03_Cinematica.txt' ---
2025-06-17 23:48:51,873 - DEBUG - [kineviz.ui.utils.validators] - VIs definidas: [{'name': 'Edad', 'descriptors': ['Adulto', 'Joven', 'Mayor'], 'allows_combination': False, 'is_mandatory': False}, {'name': 'Peso', 'descriptors': ['OS', 'NP', 'BP'], 'allows_combination': False, 'is_mandatory': False}]
2025-06-17 23:48:51,873 - DEBUG - [kineviz.ui.utils.validators] - Nombre base extraído: 'Pte08 Adulto OS 03'
2025-06-17 23:48:51,873 - DEBUG - [kineviz.ui.utils.validators] - Partes del nombre base: ['Pte08', 'Adulto', 'OS', '03']
2025-06-17 23:48:51,873 - DEBUG - [kineviz.ui.utils.validators] - Partes intermedias (sub-valores): ['Adulto', 'OS']
2025-06-17 23:48:51,873 - DEBUG - [kineviz.ui.utils.validators] - Número VIs definidas: 2, Partes intermedias encontradas: 2
2025-06-17 23:48:51,873 - DEBUG - [kineviz.ui.utils.validators] - Parte 1: 'Adulto' es válido para VI 'Edad'.
2025-06-17 23:48:51,873 - DEBUG - [kineviz.ui.utils.validators] - Parte 2: 'OS' es válido para VI 'Peso'.
2025-06-17 23:48:51,873 - DEBUG - [kineviz.ui.utils.validators] - Validación exitosa. Sujeto: Pte08, Sub-valores: ['Adulto', 'OS'], Intento: 3
2025-06-17 23:48:51,873 - DEBUG - [kineviz.ui.utils.validators] - --- Validando nombre archivo: 'Pte08 Adulto OS 02_Cinematica.txt' ---
2025-06-17 23:48:51,873 - DEBUG - [kineviz.ui.utils.validators] - VIs definidas: [{'name': 'Edad', 'descriptors': ['Adulto', 'Joven', 'Mayor'], 'allows_combination': False, 'is_mandatory': False}, {'name': 'Peso', 'descriptors': ['OS', 'NP', 'BP'], 'allows_combination': False, 'is_mandatory': False}]
2025-06-17 23:48:51,873 - DEBUG - [kineviz.ui.utils.validators] - Nombre base extraído: 'Pte08 Adulto OS 02'
2025-06-17 23:48:51,873 - DEBUG - [kineviz.ui.utils.validators] - Partes del nombre base: ['Pte08', 'Adulto', 'OS', '02']
2025-06-17 23:48:51,873 - DEBUG - [kineviz.ui.utils.validators] - Partes intermedias (sub-valores): ['Adulto', 'OS']
2025-06-17 23:48:51,873 - DEBUG - [kineviz.ui.utils.validators] - Número VIs definidas: 2, Partes intermedias encontradas: 2
2025-06-17 23:48:51,873 - DEBUG - [kineviz.ui.utils.validators] - Parte 1: 'Adulto' es válido para VI 'Edad'.
2025-06-17 23:48:51,873 - DEBUG - [kineviz.ui.utils.validators] - Parte 2: 'OS' es válido para VI 'Peso'.
2025-06-17 23:48:51,873 - DEBUG - [kineviz.ui.utils.validators] - Validación exitosa. Sujeto: Pte08, Sub-valores: ['Adulto', 'OS'], Intento: 2
2025-06-17 23:48:51,873 - DEBUG - [kineviz.ui.utils.validators] - --- Validando nombre archivo: 'Pte01 Joven NP 03_Cinematica.txt' ---
2025-06-17 23:48:51,873 - DEBUG - [kineviz.ui.utils.validators] - VIs definidas: [{'name': 'Edad', 'descriptors': ['Adulto', 'Joven', 'Mayor'], 'allows_combination': False, 'is_mandatory': False}, {'name': 'Peso', 'descriptors': ['OS', 'NP', 'BP'], 'allows_combination': False, 'is_mandatory': False}]
2025-06-17 23:48:51,873 - DEBUG - [kineviz.ui.utils.validators] - Nombre base extraído: 'Pte01 Joven NP 03'
2025-06-17 23:48:51,874 - DEBUG - [kineviz.ui.utils.validators] - Partes del nombre base: ['Pte01', 'Joven', 'NP', '03']
2025-06-17 23:48:51,874 - DEBUG - [kineviz.ui.utils.validators] - Partes intermedias (sub-valores): ['Joven', 'NP']
2025-06-17 23:48:51,874 - DEBUG - [kineviz.ui.utils.validators] - Número VIs definidas: 2, Partes intermedias encontradas: 2
2025-06-17 23:48:51,874 - DEBUG - [kineviz.ui.utils.validators] - Parte 1: 'Joven' es válido para VI 'Edad'.
2025-06-17 23:48:51,874 - DEBUG - [kineviz.ui.utils.validators] - Parte 2: 'NP' es válido para VI 'Peso'.
2025-06-17 23:48:51,874 - DEBUG - [kineviz.ui.utils.validators] - Validación exitosa. Sujeto: Pte01, Sub-valores: ['Joven', 'NP'], Intento: 3
2025-06-17 23:48:51,874 - DEBUG - [kineviz.ui.utils.validators] - --- Validando nombre archivo: 'Pte01 Joven NP 02_Cinematica.txt' ---
2025-06-17 23:48:51,874 - DEBUG - [kineviz.ui.utils.validators] - VIs definidas: [{'name': 'Edad', 'descriptors': ['Adulto', 'Joven', 'Mayor'], 'allows_combination': False, 'is_mandatory': False}, {'name': 'Peso', 'descriptors': ['OS', 'NP', 'BP'], 'allows_combination': False, 'is_mandatory': False}]
2025-06-17 23:48:51,874 - DEBUG - [kineviz.ui.utils.validators] - Nombre base extraído: 'Pte01 Joven NP 02'
2025-06-17 23:48:51,874 - DEBUG - [kineviz.ui.utils.validators] - Partes del nombre base: ['Pte01', 'Joven', 'NP', '02']
2025-06-17 23:48:51,874 - DEBUG - [kineviz.ui.utils.validators] - Partes intermedias (sub-valores): ['Joven', 'NP']
2025-06-17 23:48:51,874 - DEBUG - [kineviz.ui.utils.validators] - Número VIs definidas: 2, Partes intermedias encontradas: 2
2025-06-17 23:48:51,874 - DEBUG - [kineviz.ui.utils.validators] - Parte 1: 'Joven' es válido para VI 'Edad'.
2025-06-17 23:48:51,874 - DEBUG - [kineviz.ui.utils.validators] - Parte 2: 'NP' es válido para VI 'Peso'.
2025-06-17 23:48:51,874 - DEBUG - [kineviz.ui.utils.validators] - Validación exitosa. Sujeto: Pte01, Sub-valores: ['Joven', 'NP'], Intento: 2
2025-06-17 23:48:51,874 - DEBUG - [kineviz.ui.utils.validators] - --- Validando nombre archivo: 'Pte01 Joven NP 01_Cinematica.txt' ---
2025-06-17 23:48:51,874 - DEBUG - [kineviz.ui.utils.validators] - VIs definidas: [{'name': 'Edad', 'descriptors': ['Adulto', 'Joven', 'Mayor'], 'allows_combination': False, 'is_mandatory': False}, {'name': 'Peso', 'descriptors': ['OS', 'NP', 'BP'], 'allows_combination': False, 'is_mandatory': False}]
2025-06-17 23:48:51,874 - DEBUG - [kineviz.ui.utils.validators] - Nombre base extraído: 'Pte01 Joven NP 01'
2025-06-17 23:48:51,874 - DEBUG - [kineviz.ui.utils.validators] - Partes del nombre base: ['Pte01', 'Joven', 'NP', '01']
2025-06-17 23:48:51,874 - DEBUG - [kineviz.ui.utils.validators] - Partes intermedias (sub-valores): ['Joven', 'NP']
2025-06-17 23:48:51,874 - DEBUG - [kineviz.ui.utils.validators] - Número VIs definidas: 2, Partes intermedias encontradas: 2
2025-06-17 23:48:51,874 - DEBUG - [kineviz.ui.utils.validators] - Parte 1: 'Joven' es válido para VI 'Edad'.
2025-06-17 23:48:51,874 - DEBUG - [kineviz.ui.utils.validators] - Parte 2: 'NP' es válido para VI 'Peso'.
2025-06-17 23:48:51,874 - DEBUG - [kineviz.ui.utils.validators] - Validación exitosa. Sujeto: Pte01, Sub-valores: ['Joven', 'NP'], Intento: 1
2025-06-17 23:48:51,874 - DEBUG - [kineviz.ui.utils.validators] - --- Validando nombre archivo: 'Pte06 Mayor BP 02_Cinematica.txt' ---
2025-06-17 23:48:51,874 - DEBUG - [kineviz.ui.utils.validators] - VIs definidas: [{'name': 'Edad', 'descriptors': ['Adulto', 'Joven', 'Mayor'], 'allows_combination': False, 'is_mandatory': False}, {'name': 'Peso', 'descriptors': ['OS', 'NP', 'BP'], 'allows_combination': False, 'is_mandatory': False}]
2025-06-17 23:48:51,874 - DEBUG - [kineviz.ui.utils.validators] - Nombre base extraído: 'Pte06 Mayor BP 02'
2025-06-17 23:48:51,874 - DEBUG - [kineviz.ui.utils.validators] - Partes del nombre base: ['Pte06', 'Mayor', 'BP', '02']
2025-06-17 23:48:51,874 - DEBUG - [kineviz.ui.utils.validators] - Partes intermedias (sub-valores): ['Mayor', 'BP']
2025-06-17 23:48:51,874 - DEBUG - [kineviz.ui.utils.validators] - Número VIs definidas: 2, Partes intermedias encontradas: 2
2025-06-17 23:48:51,875 - DEBUG - [kineviz.ui.utils.validators] - Parte 1: 'Mayor' es válido para VI 'Edad'.
2025-06-17 23:48:51,875 - DEBUG - [kineviz.ui.utils.validators] - Parte 2: 'BP' es válido para VI 'Peso'.
2025-06-17 23:48:51,875 - DEBUG - [kineviz.ui.utils.validators] - Validación exitosa. Sujeto: Pte06, Sub-valores: ['Mayor', 'BP'], Intento: 2
2025-06-17 23:48:51,875 - DEBUG - [kineviz.ui.utils.validators] - --- Validando nombre archivo: 'Pte06 Mayor BP 03_Cinematica.txt' ---
2025-06-17 23:48:51,875 - DEBUG - [kineviz.ui.utils.validators] - VIs definidas: [{'name': 'Edad', 'descriptors': ['Adulto', 'Joven', 'Mayor'], 'allows_combination': False, 'is_mandatory': False}, {'name': 'Peso', 'descriptors': ['OS', 'NP', 'BP'], 'allows_combination': False, 'is_mandatory': False}]
2025-06-17 23:48:51,875 - DEBUG - [kineviz.ui.utils.validators] - Nombre base extraído: 'Pte06 Mayor BP 03'
2025-06-17 23:48:51,875 - DEBUG - [kineviz.ui.utils.validators] - Partes del nombre base: ['Pte06', 'Mayor', 'BP', '03']
2025-06-17 23:48:51,875 - DEBUG - [kineviz.ui.utils.validators] - Partes intermedias (sub-valores): ['Mayor', 'BP']
2025-06-17 23:48:51,875 - DEBUG - [kineviz.ui.utils.validators] - Número VIs definidas: 2, Partes intermedias encontradas: 2
2025-06-17 23:48:51,875 - DEBUG - [kineviz.ui.utils.validators] - Parte 1: 'Mayor' es válido para VI 'Edad'.
2025-06-17 23:48:51,875 - DEBUG - [kineviz.ui.utils.validators] - Parte 2: 'BP' es válido para VI 'Peso'.
2025-06-17 23:48:51,875 - DEBUG - [kineviz.ui.utils.validators] - Validación exitosa. Sujeto: Pte06, Sub-valores: ['Mayor', 'BP'], Intento: 3
2025-06-17 23:48:51,875 - DEBUG - [kineviz.ui.utils.validators] - --- Validando nombre archivo: 'Pte06 Mayor BP 01_Cinematica.txt' ---
2025-06-17 23:48:51,875 - DEBUG - [kineviz.ui.utils.validators] - VIs definidas: [{'name': 'Edad', 'descriptors': ['Adulto', 'Joven', 'Mayor'], 'allows_combination': False, 'is_mandatory': False}, {'name': 'Peso', 'descriptors': ['OS', 'NP', 'BP'], 'allows_combination': False, 'is_mandatory': False}]
2025-06-17 23:48:51,875 - DEBUG - [kineviz.ui.utils.validators] - Nombre base extraído: 'Pte06 Mayor BP 01'
2025-06-17 23:48:51,875 - DEBUG - [kineviz.ui.utils.validators] - Partes del nombre base: ['Pte06', 'Mayor', 'BP', '01']
2025-06-17 23:48:51,875 - DEBUG - [kineviz.ui.utils.validators] - Partes intermedias (sub-valores): ['Mayor', 'BP']
2025-06-17 23:48:51,875 - DEBUG - [kineviz.ui.utils.validators] - Número VIs definidas: 2, Partes intermedias encontradas: 2
2025-06-17 23:48:51,876 - DEBUG - [kineviz.ui.utils.validators] - Parte 1: 'Mayor' es válido para VI 'Edad'.
2025-06-17 23:48:51,876 - DEBUG - [kineviz.ui.utils.validators] - Parte 2: 'BP' es válido para VI 'Peso'.
2025-06-17 23:48:51,876 - DEBUG - [kineviz.ui.utils.validators] - Validación exitosa. Sujeto: Pte06, Sub-valores: ['Mayor', 'BP'], Intento: 1
2025-06-17 23:48:51,876 - DEBUG - [kineviz.ui.utils.validators] - --- Validando nombre archivo: 'Pte07 Adulto NP 01_Cinematica.txt' ---
2025-06-17 23:48:51,876 - DEBUG - [kineviz.ui.utils.validators] - VIs definidas: [{'name': 'Edad', 'descriptors': ['Adulto', 'Joven', 'Mayor'], 'allows_combination': False, 'is_mandatory': False}, {'name': 'Peso', 'descriptors': ['OS', 'NP', 'BP'], 'allows_combination': False, 'is_mandatory': False}]
2025-06-17 23:48:51,876 - DEBUG - [kineviz.ui.utils.validators] - Nombre base extraído: 'Pte07 Adulto NP 01'
2025-06-17 23:48:51,876 - DEBUG - [kineviz.ui.utils.validators] - Partes del nombre base: ['Pte07', 'Adulto', 'NP', '01']
2025-06-17 23:48:51,876 - DEBUG - [kineviz.ui.utils.validators] - Partes intermedias (sub-valores): ['Adulto', 'NP']
2025-06-17 23:48:51,876 - DEBUG - [kineviz.ui.utils.validators] - Número VIs definidas: 2, Partes intermedias encontradas: 2
2025-06-17 23:48:51,876 - DEBUG - [kineviz.ui.utils.validators] - Parte 1: 'Adulto' es válido para VI 'Edad'.
2025-06-17 23:48:51,876 - DEBUG - [kineviz.ui.utils.validators] - Parte 2: 'NP' es válido para VI 'Peso'.
2025-06-17 23:48:51,876 - DEBUG - [kineviz.ui.utils.validators] - Validación exitosa. Sujeto: Pte07, Sub-valores: ['Adulto', 'NP'], Intento: 1
2025-06-17 23:48:51,876 - DEBUG - [kineviz.ui.utils.validators] - --- Validando nombre archivo: 'Pte07 Adulto NP 02_Cinematica.txt' ---
2025-06-17 23:48:51,876 - DEBUG - [kineviz.ui.utils.validators] - VIs definidas: [{'name': 'Edad', 'descriptors': ['Adulto', 'Joven', 'Mayor'], 'allows_combination': False, 'is_mandatory': False}, {'name': 'Peso', 'descriptors': ['OS', 'NP', 'BP'], 'allows_combination': False, 'is_mandatory': False}]
2025-06-17 23:48:51,876 - DEBUG - [kineviz.ui.utils.validators] - Nombre base extraído: 'Pte07 Adulto NP 02'
2025-06-17 23:48:51,876 - DEBUG - [kineviz.ui.utils.validators] - Partes del nombre base: ['Pte07', 'Adulto', 'NP', '02']
2025-06-17 23:48:51,876 - DEBUG - [kineviz.ui.utils.validators] - Partes intermedias (sub-valores): ['Adulto', 'NP']
2025-06-17 23:48:51,876 - DEBUG - [kineviz.ui.utils.validators] - Número VIs definidas: 2, Partes intermedias encontradas: 2
2025-06-17 23:48:51,876 - DEBUG - [kineviz.ui.utils.validators] - Parte 1: 'Adulto' es válido para VI 'Edad'.
2025-06-17 23:48:51,876 - DEBUG - [kineviz.ui.utils.validators] - Parte 2: 'NP' es válido para VI 'Peso'.
2025-06-17 23:48:51,876 - DEBUG - [kineviz.ui.utils.validators] - Validación exitosa. Sujeto: Pte07, Sub-valores: ['Adulto', 'NP'], Intento: 2
2025-06-17 23:48:51,876 - DEBUG - [kineviz.ui.utils.validators] - --- Validando nombre archivo: 'Pte07 Adulto NP 03_Cinematica.txt' ---
2025-06-17 23:48:51,876 - DEBUG - [kineviz.ui.utils.validators] - VIs definidas: [{'name': 'Edad', 'descriptors': ['Adulto', 'Joven', 'Mayor'], 'allows_combination': False, 'is_mandatory': False}, {'name': 'Peso', 'descriptors': ['OS', 'NP', 'BP'], 'allows_combination': False, 'is_mandatory': False}]
2025-06-17 23:48:51,876 - DEBUG - [kineviz.ui.utils.validators] - Nombre base extraído: 'Pte07 Adulto NP 03'
2025-06-17 23:48:51,876 - DEBUG - [kineviz.ui.utils.validators] - Partes del nombre base: ['Pte07', 'Adulto', 'NP', '03']
2025-06-17 23:48:51,876 - DEBUG - [kineviz.ui.utils.validators] - Partes intermedias (sub-valores): ['Adulto', 'NP']
2025-06-17 23:48:51,876 - DEBUG - [kineviz.ui.utils.validators] - Número VIs definidas: 2, Partes intermedias encontradas: 2
2025-06-17 23:48:51,876 - DEBUG - [kineviz.ui.utils.validators] - Parte 1: 'Adulto' es válido para VI 'Edad'.
2025-06-17 23:48:51,876 - DEBUG - [kineviz.ui.utils.validators] - Parte 2: 'NP' es válido para VI 'Peso'.
2025-06-17 23:48:51,876 - DEBUG - [kineviz.ui.utils.validators] - Validación exitosa. Sujeto: Pte07, Sub-valores: ['Adulto', 'NP'], Intento: 3
2025-06-17 23:48:51,876 - DEBUG - [kineviz.ui.utils.validators] - --- Validando nombre archivo: 'Pte09 Adulto BP 01_Cinematica.txt' ---
2025-06-17 23:48:51,876 - DEBUG - [kineviz.ui.utils.validators] - VIs definidas: [{'name': 'Edad', 'descriptors': ['Adulto', 'Joven', 'Mayor'], 'allows_combination': False, 'is_mandatory': False}, {'name': 'Peso', 'descriptors': ['OS', 'NP', 'BP'], 'allows_combination': False, 'is_mandatory': False}]
2025-06-17 23:48:51,877 - DEBUG - [kineviz.ui.utils.validators] - Nombre base extraído: 'Pte09 Adulto BP 01'
2025-06-17 23:48:51,877 - DEBUG - [kineviz.ui.utils.validators] - Partes del nombre base: ['Pte09', 'Adulto', 'BP', '01']
2025-06-17 23:48:51,877 - DEBUG - [kineviz.ui.utils.validators] - Partes intermedias (sub-valores): ['Adulto', 'BP']
2025-06-17 23:48:51,877 - DEBUG - [kineviz.ui.utils.validators] - Número VIs definidas: 2, Partes intermedias encontradas: 2
2025-06-17 23:48:51,877 - DEBUG - [kineviz.ui.utils.validators] - Parte 1: 'Adulto' es válido para VI 'Edad'.
2025-06-17 23:48:51,877 - DEBUG - [kineviz.ui.utils.validators] - Parte 2: 'BP' es válido para VI 'Peso'.
2025-06-17 23:48:51,877 - DEBUG - [kineviz.ui.utils.validators] - Validación exitosa. Sujeto: Pte09, Sub-valores: ['Adulto', 'BP'], Intento: 1
2025-06-17 23:48:51,877 - DEBUG - [kineviz.ui.utils.validators] - --- Validando nombre archivo: 'Pte09 Adulto BP 02_Cinematica.txt' ---
2025-06-17 23:48:51,877 - DEBUG - [kineviz.ui.utils.validators] - VIs definidas: [{'name': 'Edad', 'descriptors': ['Adulto', 'Joven', 'Mayor'], 'allows_combination': False, 'is_mandatory': False}, {'name': 'Peso', 'descriptors': ['OS', 'NP', 'BP'], 'allows_combination': False, 'is_mandatory': False}]
2025-06-17 23:48:51,877 - DEBUG - [kineviz.ui.utils.validators] - Nombre base extraído: 'Pte09 Adulto BP 02'
2025-06-17 23:48:51,877 - DEBUG - [kineviz.ui.utils.validators] - Partes del nombre base: ['Pte09', 'Adulto', 'BP', '02']
2025-06-17 23:48:51,877 - DEBUG - [kineviz.ui.utils.validators] - Partes intermedias (sub-valores): ['Adulto', 'BP']
2025-06-17 23:48:51,877 - DEBUG - [kineviz.ui.utils.validators] - Número VIs definidas: 2, Partes intermedias encontradas: 2
2025-06-17 23:48:51,877 - DEBUG - [kineviz.ui.utils.validators] - Parte 1: 'Adulto' es válido para VI 'Edad'.
2025-06-17 23:48:51,877 - DEBUG - [kineviz.ui.utils.validators] - Parte 2: 'BP' es válido para VI 'Peso'.
2025-06-17 23:48:51,877 - DEBUG - [kineviz.ui.utils.validators] - Validación exitosa. Sujeto: Pte09, Sub-valores: ['Adulto', 'BP'], Intento: 2
2025-06-17 23:48:51,877 - DEBUG - [kineviz.ui.utils.validators] - --- Validando nombre archivo: 'Pte09 Adulto BP 03_Cinematica.txt' ---
2025-06-17 23:48:51,877 - DEBUG - [kineviz.ui.utils.validators] - VIs definidas: [{'name': 'Edad', 'descriptors': ['Adulto', 'Joven', 'Mayor'], 'allows_combination': False, 'is_mandatory': False}, {'name': 'Peso', 'descriptors': ['OS', 'NP', 'BP'], 'allows_combination': False, 'is_mandatory': False}]
2025-06-17 23:48:51,877 - DEBUG - [kineviz.ui.utils.validators] - Nombre base extraído: 'Pte09 Adulto BP 03'
2025-06-17 23:48:51,877 - DEBUG - [kineviz.ui.utils.validators] - Partes del nombre base: ['Pte09', 'Adulto', 'BP', '03']
2025-06-17 23:48:51,877 - DEBUG - [kineviz.ui.utils.validators] - Partes intermedias (sub-valores): ['Adulto', 'BP']
2025-06-17 23:48:51,877 - DEBUG - [kineviz.ui.utils.validators] - Número VIs definidas: 2, Partes intermedias encontradas: 2
2025-06-17 23:48:51,877 - DEBUG - [kineviz.ui.utils.validators] - Parte 1: 'Adulto' es válido para VI 'Edad'.
2025-06-17 23:48:51,877 - DEBUG - [kineviz.ui.utils.validators] - Parte 2: 'BP' es válido para VI 'Peso'.
2025-06-17 23:48:51,877 - DEBUG - [kineviz.ui.utils.validators] - Validación exitosa. Sujeto: Pte09, Sub-valores: ['Adulto', 'BP'], Intento: 3
2025-06-17 23:48:51,877 - DEBUG - [kineviz.core.services.analysis_service] - Grupos identificados (9): {'Edad=Mayor;Peso=OS', 'Edad=Joven;Peso=OS', 'Edad=Adulto;Peso=OS', 'Edad=Mayor;Peso=NP', 'Edad=Mayor;Peso=BP', 'Edad=Adulto;Peso=BP', 'Edad=Joven;Peso=NP', 'Edad=Adulto;Peso=NP', 'Edad=Joven;Peso=BP'}
2025-06-17 23:48:51,877 - DEBUG - [kineviz.core.services.analysis_service] - Modo 1VI: Leyendo tabla '/Users/arakito/Mati/Codigo/Python/KineViz/estudios/Estudio de Salto Vertical/Analisis Discreto/Tablas/Cinematica/Maximo_Cinematica_Edad_Adulto__Peso_NP.csv' para agrupar bajo clave parcial 'Edad=Adulto' (tabla original: 'Edad=Adulto;Peso=NP')
2025-06-17 23:48:51,883 - DEBUG - [kineviz.core.services.analysis_service] - Modo 1VI: Leyendo tabla '/Users/arakito/Mati/Codigo/Python/KineViz/estudios/Estudio de Salto Vertical/Analisis Discreto/Tablas/Cinematica/Maximo_Cinematica_Edad_Adulto__Peso_OS.csv' para agrupar bajo clave parcial 'Edad=Adulto' (tabla original: 'Edad=Adulto;Peso=OS')
2025-06-17 23:48:51,886 - DEBUG - [kineviz.core.services.analysis_service] - Modo 1VI: Leyendo tabla '/Users/arakito/Mati/Codigo/Python/KineViz/estudios/Estudio de Salto Vertical/Analisis Discreto/Tablas/Cinematica/Maximo_Cinematica_Edad_Adulto__Peso_BP.csv' para agrupar bajo clave parcial 'Edad=Adulto' (tabla original: 'Edad=Adulto;Peso=BP')
2025-06-17 23:48:51,888 - INFO - [kineviz.core.services.analysis_service] - Modo 1VI: Para grupo de efecto principal 'Adulto' (basado en VI 'Edad'), se recolectaron 9 puntos de datos de 3 tablas.
2025-06-17 23:48:51,888 - DEBUG - [kineviz.core.services.analysis_service] - Modo 1VI: Leyendo tabla '/Users/arakito/Mati/Codigo/Python/KineViz/estudios/Estudio de Salto Vertical/Analisis Discreto/Tablas/Cinematica/Maximo_Cinematica_Edad_Mayor__Peso_NP.csv' para agrupar bajo clave parcial 'Edad=Mayor' (tabla original: 'Edad=Mayor;Peso=NP')
2025-06-17 23:48:51,891 - DEBUG - [kineviz.core.services.analysis_service] - Modo 1VI: Leyendo tabla '/Users/arakito/Mati/Codigo/Python/KineViz/estudios/Estudio de Salto Vertical/Analisis Discreto/Tablas/Cinematica/Maximo_Cinematica_Edad_Mayor__Peso_OS.csv' para agrupar bajo clave parcial 'Edad=Mayor' (tabla original: 'Edad=Mayor;Peso=OS')
2025-06-17 23:48:51,893 - DEBUG - [kineviz.core.services.analysis_service] - Modo 1VI: Leyendo tabla '/Users/arakito/Mati/Codigo/Python/KineViz/estudios/Estudio de Salto Vertical/Analisis Discreto/Tablas/Cinematica/Maximo_Cinematica_Edad_Mayor__Peso_BP.csv' para agrupar bajo clave parcial 'Edad=Mayor' (tabla original: 'Edad=Mayor;Peso=BP')
2025-06-17 23:48:51,895 - INFO - [kineviz.core.services.analysis_service] - Modo 1VI: Para grupo de efecto principal 'Mayor' (basado en VI 'Edad'), se recolectaron 7 puntos de datos de 3 tablas.
2025-06-17 23:48:51,895 - INFO - [kineviz.core.services.analysis_service] - Título del gráfico: Maximo de LAnkleForce/X/N/kg (Comparando niveles de Edad)
2025-06-17 23:48:51,895 - INFO - [kineviz.core.services.analysis_service] - Etiquetas Eje X: ['G1', 'G2']
2025-06-17 23:48:51,895 - INFO - [kineviz.core.services.analysis_service] - Leyendas del gráfico: ['Edad: Adulto', 'Edad: Mayor']
2025-06-17 23:48:51,896 - DEBUG - [kineviz.core.services.analysis_service] - Datos para T-test independiente (Grupo 1, n=9): [38.5047 41.5056 25.5231 33.0744 25.5231 26.86   38.5047 41.5056 29.5573]...
2025-06-17 23:48:51,896 - DEBUG - [kineviz.core.services.analysis_service] - Datos para T-test independiente (Grupo 2, n=7): [33.5983 36.6048 22.9731 26.86   26.86   25.5231 33.0744]...
2025-06-17 23:48:51,899 - DEBUG - [kineviz.core.services.analysis_service] - T-test independiente resultado: stat=1.36953909270955, p=0.19241116875649017
2025-06-17 23:48:51,899 - INFO - [kineviz.core.services.analysis_service] - Análisis estadístico para testing: T-test independiente, p-valor = 0.1924
2025-06-17 23:48:51,957 - DEBUG - [statannotations._Plotter] - rectangle width is larger than the typical group artist: 2.0
2025-06-17 23:48:51,973 - DEBUG - [kineviz.ui.widgets.charting] - Anotación statannotations añadida para Maximo de LAnkleForce/X/N/kg (Comparando niveles de Edad) con p=0.19241116875649017
2025-06-17 23:48:52,038 - INFO - [kineviz.core.services.analysis_service] - Gráfico boxplot generado en: /Users/arakito/Mati/Codigo/Python/KineViz/estudios/Estudio de Salto Vertical/Analisis Discreto/Graficos/LAnkleForce X/testing/boxplot.png
2025-06-17 23:48:52,057 - INFO - [kineviz.ui.widgets.charting] - Gráfico interactivo guardado en: /Users/arakito/Mati/Codigo/Python/KineViz/estudios/Estudio de Salto Vertical/Analisis Discreto/Graficos/LAnkleForce X/testing/boxplot_interactive.html
2025-06-17 23:48:52,158 - INFO - [kineviz.core.services.analysis_service] - Configuración análisis guardada en: /Users/arakito/Mati/Codigo/Python/KineViz/estudios/Estudio de Salto Vertical/Analisis Discreto/Graficos/LAnkleForce X/testing/config.json
2025-06-17 23:48:53,666 - DEBUG - [kineviz.ui.dialogs.individual_analysis_manager_dialog] - Cargados 1 análisis individuales para estudio 2.
2025-06-17 23:49:42,247 - INFO - [root] - Logging configurado. Nivel: DEBUG. Archivo: /Users/arakito/Mati/Codigo/Python/KineViz/logs/kineviz.log
2025-06-17 23:49:42,247 - INFO - [__main__] - Iniciando KineViz...
2025-06-17 23:49:42,492 - DEBUG - [kineviz.config.settings] - Calculated resource path for 'config.ini': /Users/arakito/Mati/Codigo/Python/KineViz/config.ini
2025-06-17 23:49:42,492 - INFO - [kineviz.config.settings] - Using configuration file path: /Users/arakito/Mati/Codigo/Python/KineViz/config.ini
2025-06-17 23:49:42,493 - DEBUG - [kineviz.config.settings] - Calculated resource path for 'kineviz.db': /Users/arakito/Mati/Codigo/Python/KineViz/kineviz.db
2025-06-17 23:49:42,494 - INFO - [kineviz.ui.main_window] - Applying theme: Oscuro, font scale: 1.0
2025-06-17 23:50:57,065 - DEBUG - [kineviz.ui.views.main_view] - Acción 'Ver Seleccionado' para estudio ID 2
2025-06-17 23:50:57,088 - DEBUG - [kineviz.ui.views.study_view] - Actualizando display de alias para estudio 2
2025-06-17 23:50:57,089 - DEBUG - [kineviz.ui.views.study_view] - Aliases cargados para estudio 2: {}
2025-06-17 23:50:57,089 - DEBUG - [kineviz.ui.views.study_view] - Display de alias actualizado a: 'Alias Asignados: Adulto, BP, Joven, Mayor, NP, OS'
2025-06-17 23:50:59,834 - DEBUG - [kineviz.ui.dialogs.continuous_analysis_manager_dialog] - Loaded VIs for study 2: [{'name': 'Edad', 'descriptors': ['Adulto', 'Joven', 'Mayor'], 'allows_combination': False, 'is_mandatory': False}, {'name': 'Peso', 'descriptors': ['OS', 'NP', 'BP'], 'allows_combination': False, 'is_mandatory': False}]
2025-06-17 23:50:59,842 - DEBUG - [kineviz.ui.dialogs.continuous_analysis_manager_dialog] - Cargados 1 análisis continuos para estudio 2.
2025-06-17 23:51:04,564 - DEBUG - [kineviz.ui.views.study_view] - Actualizando display de alias para estudio 2
2025-06-17 23:51:04,565 - DEBUG - [kineviz.ui.views.study_view] - Aliases cargados para estudio 2: {}
2025-06-17 23:51:04,565 - DEBUG - [kineviz.ui.views.study_view] - Display de alias actualizado a: 'Alias Asignados: Adulto, BP, Joven, Mayor, NP, OS'
2025-06-17 23:51:06,061 - DEBUG - [kineviz.ui.dialogs.individual_analysis_manager_dialog] - Loaded VIs for study 2: [{'name': 'Edad', 'descriptors': ['Adulto', 'Joven', 'Mayor'], 'allows_combination': False, 'is_mandatory': False}, {'name': 'Peso', 'descriptors': ['OS', 'NP', 'BP'], 'allows_combination': False, 'is_mandatory': False}]
2025-06-17 23:51:06,100 - DEBUG - [kineviz.ui.dialogs.individual_analysis_manager_dialog] - Cargados 1 análisis individuales para estudio 2.
2025-06-17 23:51:08,204 - DEBUG - [kineviz.ui.views.study_view] - Actualizando display de alias para estudio 2
2025-06-17 23:51:08,205 - DEBUG - [kineviz.ui.views.study_view] - Aliases cargados para estudio 2: {}
2025-06-17 23:51:08,205 - DEBUG - [kineviz.ui.views.study_view] - Display de alias actualizado a: 'Alias Asignados: Adulto, BP, Joven, Mayor, NP, OS'
2025-06-17 23:51:08,821 - DEBUG - [kineviz.ui.dialogs.continuous_analysis_manager_dialog] - Loaded VIs for study 2: [{'name': 'Edad', 'descriptors': ['Adulto', 'Joven', 'Mayor'], 'allows_combination': False, 'is_mandatory': False}, {'name': 'Peso', 'descriptors': ['OS', 'NP', 'BP'], 'allows_combination': False, 'is_mandatory': False}]
2025-06-17 23:51:08,828 - DEBUG - [kineviz.ui.dialogs.continuous_analysis_manager_dialog] - Cargados 1 análisis continuos para estudio 2.
2025-06-18 00:00:17,170 - INFO - [root] - Logging configurado. Nivel: DEBUG. Archivo: /Users/arakito/Mati/Codigo/Python/KineViz/logs/kineviz.log
2025-06-18 00:00:17,170 - INFO - [__main__] - Iniciando KineViz...
2025-06-18 00:00:17,689 - DEBUG - [kineviz.config.settings] - Calculated resource path for 'config.ini': /Users/arakito/Mati/Codigo/Python/KineViz/config.ini
2025-06-18 00:00:17,689 - INFO - [kineviz.config.settings] - Using configuration file path: /Users/arakito/Mati/Codigo/Python/KineViz/config.ini
2025-06-18 00:00:17,689 - DEBUG - [kineviz.config.settings] - Calculated resource path for 'kineviz.db': /Users/arakito/Mati/Codigo/Python/KineViz/kineviz.db
2025-06-18 00:00:17,690 - INFO - [kineviz.ui.main_window] - Applying theme: Oscuro, font scale: 1.0
2025-06-18 00:00:35,798 - INFO - [root] - Logging configurado. Nivel: DEBUG. Archivo: /Users/arakito/Mati/Codigo/Python/KineViz/logs/kineviz.log
2025-06-18 00:00:35,798 - INFO - [__main__] - Iniciando KineViz...
2025-06-18 00:00:35,988 - DEBUG - [kineviz.config.settings] - Calculated resource path for 'config.ini': /Users/arakito/Mati/Codigo/Python/KineViz/config.ini
2025-06-18 00:00:35,988 - INFO - [kineviz.config.settings] - Using configuration file path: /Users/arakito/Mati/Codigo/Python/KineViz/config.ini
2025-06-18 00:00:35,989 - DEBUG - [kineviz.config.settings] - Calculated resource path for 'kineviz.db': /Users/arakito/Mati/Codigo/Python/KineViz/kineviz.db
2025-06-18 00:00:35,990 - INFO - [kineviz.ui.main_window] - Applying theme: Oscuro, font scale: 1.0
